0.0,0.0,0.06749230623245239,-0.10135763883590698,0.09023725986480713,-0.22022008895874023,0.07947653532028198,-0.317512571811676,0.06327402591705322,-0.37741535902023315,0.0896066427230835,-0.2749776244163513,0.061833858489990234,-0.43038129806518555,0.044913649559020996,-0.5150034129619598,0.03134286403656006,-0.5786442160606384,0.032217204570770264,-0.2728778123855591,-0.0006780028343200684,-0.40426087379455566,-0.009886980056762695,-0.35303187370300293,-0.004639029502868652,-0.3017086982727051,-0.02645975351333618,-0.25799471139907837,-0.050065696239471436,-0.3719145655632019,-0.04936724901199341,-0.32433760166168213,-0.03869587182998657,-0.2806745171546936,-0.08400237560272217,-0.24536150693893433,-0.09466880559921265,-0.3716796636581421,-0.10024690628051758,-0.4378279447555542,-0.10230183601379395,-0.49926191568374634,0.0,0.0,0.0,0.0,0.0,0.0,0.0,0.0,0.0,0.0,0.0,0.0,0.0,0.0,0.0,0.0,0.0,0.0,0.0,0.0,0.0,0.0,0.0,0.0,0.0,0.0,0.0,0.0,0.0,0.0,0.0,0.0,0.0,0.0,0.0,0.0,0.0,0.0,0.0,0.0,0.0,0.0
0.0,0.0,0.0667148232460022,-0.10262006521224976,0.08562910556793213,-0.21865135431289673,0.06457298994064331,-0.30867040157318115,0.033908188343048096,-0.36002957820892334,0.09148967266082764,-0.27607327699661255,0.061967313289642334,-0.4331299066543579,0.04385066032409668,-0.517643928527832,0.028812706470489502,-0.5799487233161926,0.0334930419921875,-0.2745869755744934,-0.0023969411849975586,-0.40693479776382446,-0.0131148099899292,-0.3544820547103882,-0.007902801036834717,-0.30303364992141724,-0.026236653327941895,-0.25989192724227905,-0.05221933126449585,-0.3736373782157898,-0.052569568157196045,-0.3254755139350891,-0.04162406921386719,-0.28226518630981445,-0.0845651626586914,-0.247370183467865,-0.09513300657272339,-0.3743392825126648,-0.10036885738372803,-0.43962734937667847,-0.10179966688156128,-0.5007884204387665,0.0,0.0,0.0,0.0,0.0,0.0,0.0,0.0,0.0,0.0,0.0,0.0,0.0,0.0,0.0,0.0,0.0,0.0,0.0,0.0,0.0,0.0,0.0,0.0,0.0,0.0,0.0,0.0,0.0,0.0,0.0,0.0,0.0,0.0,0.0,0.0,0.0,0.0,0.0,0.0,0.0,0.0
0.0,0.0,0.06767749786376953,-0.10227435827255249,0.08938974142074585,-0.22060585021972656,0.07652801275253296,-0.3155794143676758,0.056602537631988525,-0.3731529712677002,0.09136831760406494,-0.27880674600601196,0.06153309345245361,-0.43345022201538086,0.04433470964431763,-0.51805180311203,0.0303991436958313,-0.5809041857719421,0.03332686424255371,-0.2768728733062744,-0.0015572905540466309,-0.40786653757095337,-0.010984301567077637,-0.3556617498397827,-0.005651652812957764,-0.3037340044975281,-0.02615678310394287,-0.26164162158966064,-0.0519939661026001,-0.3740733861923218,-0.051866233348846436,-0.3257741332054138,-0.040714263916015625,-0.282249391078949,-0.08420723676681519,-0.24791967868804932,-0.09422355890274048,-0.3752739429473877,-0.0994461178779602,-0.44175851345062256,-0.1011078953742981,-0.5035463571548462,0.0,0.0,0.0,0.0,0.0,0.0,0.0,0.0,0.0,0.0,0.0,0.0,0.0,0.0,0.0,0.0,0.0,0.0,0.0,0.0,0.0,0.0,0.0,0.0,0.0,0.0,0.0,0.0,0.0,0.0,0.0,0.0,0.0,0.0,0.0,0.0,0.0,0.0,0.0,0.0,0.0,0.0
0.0,0.0,0.0661960244178772,-0.10174548625946045,0.08210480213165283,-0.21776437759399414,0.05629849433898926,-0.3061997890472412,0.02327132225036621,-0.35586225986480713,0.0921558141708374,-0.2784532904624939,0.06176602840423584,-0.43453967571258545,0.04487508535385132,-0.5193921029567719,0.031196534633636475,-0.5828987956047058,0.033782005310058594,-0.2777605652809143,-0.0018390417098999023,-0.4091876745223999,-0.012475013732910156,-0.3559831976890564,-0.007361173629760742,-0.3041521906852722,-0.02615755796432495,-0.2630535960197449,-0.05206286907196045,-0.3757539987564087,-0.052653729915618896,-0.326199471950531,-0.04194450378417969,-0.2830425500869751,-0.08453643321990967,-0.24967312812805176,-0.09430444240570068,-0.377247154712677,-0.09913653135299683,-0.44261234998703003,-0.10017263889312744,-0.5046511888504028,0.0,0.0,0.0,0.0,0.0,0.0,0.0,0.0,0.0,0.0,0.0,0.0,0.0,0.0,0.0,0.0,0.0,0.0,0.0,0.0,0.0,0.0,0.0,0.0,0.0,0.0,0.0,0.0,0.0,0.0,0.0,0.0,0.0,0.0,0.0,0.0,0.0,0.0,0.0,0.0,0.0,0.0
0.0,0.0,0.06524336338043213,-0.1020703911781311,0.08380037546157837,-0.21831375360488892,0.0665542483329773,-0.3107994794845581,0.0415838360786438,-0.36541855335235596,0.08839070796966553,-0.2782425880432129,0.05824887752532959,-0.43305671215057373,0.04096180200576782,-0.5179463922977448,0.02678382396697998,-0.58110710978508,0.03067302703857422,-0.27638185024261475,-0.0057201385498046875,-0.4072427749633789,-0.01609218120574951,-0.3541339635848999,-0.010875403881072998,-0.30238646268844604,-0.028581619262695312,-0.2607494592666626,-0.05562698841094971,-0.37386608123779297,-0.05627840757369995,-0.3256561756134033,-0.045191049575805664,-0.2820025086402893,-0.08662980794906616,-0.246193528175354,-0.09718310832977295,-0.3746134638786316,-0.1021571159362793,-0.44078272581100464,-0.10275357961654663,-0.502121090888977,0.0,0.0,0.0,0.0,0.0,0.0,0.0,0.0,0.0,0.0,0.0,0.0,0.0,0.0,0.0,0.0,0.0,0.0,0.0,0.0,0.0,0.0,0.0,0.0,0.0,0.0,0.0,0.0,0.0,0.0,0.0,0.0,0.0,0.0,0.0,0.0,0.0,0.0,0.0,0.0,0.0,0.0
0.0,0.0,0.06623655557632446,-0.10230851173400879,0.08660393953323364,-0.2204626202583313,0.0676928162574768,-0.31393158435821533,0.042205631732940674,-0.36868077516555786,0.09253430366516113,-0.27823394536972046,0.06243020296096802,-0.4353756308555603,0.043954670429229736,-0.5213847756385803,0.028968095779418945,-0.5853791236877441,0.03394120931625366,-0.27766722440719604,-0.0030139684677124023,-0.40967339277267456,-0.013446211814880371,-0.3554877042770386,-0.007909178733825684,-0.3029698133468628,-0.02602982521057129,-0.2635651230812073,-0.05390197038650513,-0.3771941661834717,-0.05446755886077881,-0.32735514640808105,-0.043098270893096924,-0.2833954691886902,-0.08481013774871826,-0.2507326602935791,-0.09448021650314331,-0.376470685005188,-0.1002497673034668,-0.4422767758369446,-0.1022193431854248,-0.5042635798454285,0.0,0.0,0.0,0.0,0.0,0.0,0.0,0.0,0.0,0.0,0.0,0.0,0.0,0.0,0.0,0.0,0.0,0.0,0.0,0.0,0.0,0.0,0.0,0.0,0.0,0.0,0.0,0.0,0.0,0.0,0.0,0.0,0.0,0.0,0.0,0.0,0.0,0.0,0.0,0.0,0.0,0.0
0.0,0.0,0.0662539005279541,-0.10073709487915039,0.08373546600341797,-0.21610069274902344,0.05960899591445923,-0.30558884143829346,0.027873992919921875,-0.35605502128601074,0.09187960624694824,-0.2774140238761902,0.061535537242889404,-0.43255186080932617,0.04484528303146362,-0.5180876851081848,0.0312994122505188,-0.5819354057312012,0.03337663412094116,-0.2769501209259033,-0.002274155616760254,-0.4081897735595703,-0.012501060962677002,-0.3556985855102539,-0.007345974445343018,-0.3042793273925781,-0.026476919651031494,-0.26206332445144653,-0.05301779508590698,-0.37665241956710815,-0.05402952432632446,-0.3275507688522339,-0.04358917474746704,-0.2840045690536499,-0.08485221862792969,-0.24777275323867798,-0.0949716567993164,-0.3752598762512207,-0.099800705909729,-0.4414280652999878,-0.10084658861160278,-0.5036314725875854,0.0,0.0,0.0,0.0,0.0,0.0,0.0,0.0,0.0,0.0,0.0,0.0,0.0,0.0,0.0,0.0,0.0,0.0,0.0,0.0,0.0,0.0,0.0,0.0,0.0,0.0,0.0,0.0,0.0,0.0,0.0,0.0,0.0,0.0,0.0,0.0,0.0,0.0,0.0,0.0,0.0,0.0
0.0,0.0,0.06465786695480347,-0.10211843252182007,0.0843578577041626,-0.22185051441192627,0.06842529773712158,-0.3161500096321106,0.04714620113372803,-0.3729810118675232,0.08801430463790894,-0.28096193075180054,0.05820620059967041,-0.43582862615585327,0.04106247425079346,-0.5214191675186157,0.027275145053863525,-0.5855239927768707,0.029666423797607422,-0.2791150212287903,-0.006455183029174805,-0.4104856252670288,-0.016359031200408936,-0.35640865564346313,-0.010770440101623535,-0.30451756715774536,-0.02983880043029785,-0.2634146809577942,-0.057146430015563965,-0.3785545229911804,-0.05750274658203125,-0.3300638794898987,-0.04626744985580444,-0.28571003675460815,-0.08818864822387695,-0.24810642004013062,-0.09847408533096313,-0.3774235248565674,-0.10385936498641968,-0.44406670331954956,-0.10512501001358032,-0.5055954456329346,0.0,0.0,0.0,0.0,0.0,0.0,0.0,0.0,0.0,0.0,0.0,0.0,0.0,0.0,0.0,0.0,0.0,0.0,0.0,0.0,0.0,0.0,0.0,0.0,0.0,0.0,0.0,0.0,0.0,0.0,0.0,0.0,0.0,0.0,0.0,0.0,0.0,0.0,0.0,0.0,0.0,0.0
0.0,0.0,0.06683880090713501,-0.10153591632843018,0.09134048223495483,-0.2233365774154663,0.08154553174972534,-0.32318586111068726,0.06808573007583618,-0.38523054122924805,0.09311258792877197,-0.2788357138633728,0.06327927112579346,-0.4367859959602356,0.045387327671051025,-0.5223464369773865,0.031218349933624268,-0.5861617028713226,0.03479349613189697,-0.2769775986671448,-0.0008872747421264648,-0.4096750020980835,-0.009961307048797607,-0.3564797043800354,-0.004285037517547607,-0.3035101890563965,-0.024666547775268555,-0.2624726891517639,-0.05149412155151367,-0.3773574233055115,-0.05165994167327881,-0.32767271995544434,-0.04077666997909546,-0.28341740369796753,-0.08313363790512085,-0.24970102310180664,-0.09381431341171265,-0.37700963020324707,-0.0990670919418335,-0.44401395320892334,-0.10055458545684814,-0.5059958100318909,0.0,0.0,0.0,0.0,0.0,0.0,0.0,0.0,0.0,0.0,0.0,0.0,0.0,0.0,0.0,0.0,0.0,0.0,0.0,0.0,0.0,0.0,0.0,0.0,0.0,0.0,0.0,0.0,0.0,0.0,0.0,0.0,0.0,0.0,0.0,0.0,0.0,0.0,0.0,0.0,0.0,0.0
0.0,0.0,0.06270492076873779,-0.10168308019638062,0.07382512092590332,-0.21680086851119995,0.03740972280502319,-0.2994356155395508,-0.006512820720672607,-0.34218770265579224,0.09146928787231445,-0.2787891626358032,0.06157344579696655,-0.4357852339744568,0.04464977979660034,-0.5209377408027649,0.030738413333892822,-0.5843419134616852,0.03233081102371216,-0.277987539768219,-0.003371715545654297,-0.4102488160133362,-0.014065682888031006,-0.3566100597381592,-0.00879889726638794,-0.30672621726989746,-0.027746260166168213,-0.2629436254501343,-0.054417431354522705,-0.37928450107574463,-0.0552937388420105,-0.32841408252716064,-0.0446171760559082,-0.2850341200828552,-0.08654940128326416,-0.2488182783126831,-0.09729808568954468,-0.3781278729438782,-0.10279792547225952,-0.443936288356781,-0.10415667295455933,-0.5072199702262878,0.0,0.0,0.0,0.0,0.0,0.0,0.0,0.0,0.0,0.0,0.0,0.0,0.0,0.0,0.0,0.0,0.0,0.0,0.0,0.0,0.0,0.0,0.0,0.0,0.0,0.0,0.0,0.0,0.0,0.0,0.0,0.0,0.0,0.0,0.0,0.0,0.0,0.0,0.0,0.0,0.0,0.0
0.0,0.0,0.0669901967048645,-0.09890168905258179,0.0860719084739685,-0.2147483229637146,0.06324160099029541,-0.3046916723251343,0.03168904781341553,-0.35635906457901,0.09602266550064087,-0.2761191129684448,0.06628119945526123,-0.43182408809661865,0.04958218336105347,-0.5176627039909363,0.03608345985412598,-0.5821642279624939,0.037885189056396484,-0.2764837145805359,0.0014064311981201172,-0.4084979295730591,-0.009134173393249512,-0.35502761602401733,-0.003850281238555908,-0.30326586961746216,-0.022137582302093506,-0.2623210549354553,-0.04936188459396362,-0.37693363428115845,-0.05027902126312256,-0.3277391195297241,-0.039482057094573975,-0.28380435705184937,-0.08107906579971313,-0.2480880618095398,-0.09102964401245117,-0.37566274404525757,-0.09596067667007446,-0.4414556622505188,-0.09691333770751953,-0.5028841495513916,0.0,0.0,0.0,0.0,0.0,0.0,0.0,0.0,0.0,0.0,0.0,0.0,0.0,0.0,0.0,0.0,0.0,0.0,0.0,0.0,0.0,0.0,0.0,0.0,0.0,0.0,0.0,0.0,0.0,0.0,0.0,0.0,0.0,0.0,0.0,0.0,0.0,0.0,0.0,0.0,0.0,0.0
0.0,0.0,0.06639379262924194,-0.09971761703491211,0.08445101976394653,-0.21751326322555542,0.063942551612854,-0.30964547395706177,0.035447001457214355,-0.3638876676559448,0.09125733375549316,-0.276797354221344,0.062331318855285645,-0.4334281086921692,0.04620075225830078,-0.5194955468177795,0.032580554485321045,-0.5848644375801086,0.03201138973236084,-0.27742576599121094,-0.001556992530822754,-0.41062939167022705,-0.009736120700836182,-0.3550354242324829,-0.003734767436981201,-0.30299609899520874,-0.028197824954986572,-0.2623358964920044,-0.052803635597229004,-0.37968987226486206,-0.05164206027984619,-0.3304250240325928,-0.04029494524002075,-0.28555482625961304,-0.08673226833343506,-0.2471354603767395,-0.09622198343276978,-0.37736648321151733,-0.1013759970664978,-0.4441046714782715,-0.10265672206878662,-0.5061237215995789,0.0,0.0,0.0,0.0,0.0,0.0,0.0,0.0,0.0,0.0,0.0,0.0,0.0,0.0,0.0,0.0,0.0,0.0,0.0,0.0,0.0,0.0,0.0,0.0,0.0,0.0,0.0,0.0,0.0,0.0,0.0,0.0,0.0,0.0,0.0,0.0,0.0,0.0,0.0,0.0,0.0,0.0
0.0,0.0,0.06621015071868896,-0.09986400604248047,0.08252686262130737,-0.21775615215301514,0.056155264377593994,-0.3082643151283264,0.021973490715026855,-0.3581065535545349,0.09555274248123169,-0.27475088834762573,0.06587553024291992,-0.43317216634750366,0.049115657806396484,-0.5191423892974854,0.03540724515914917,-0.5838137269020081,0.03642648458480835,-0.2744978666305542,0.0023441314697265625,-0.4106484651565552,-0.007113099098205566,-0.3535134196281433,-0.001455545425415039,-0.300193727016449,-0.023354709148406982,-0.26081788539886475,-0.049172163009643555,-0.37881243228912354,-0.0497128963470459,-0.32586371898651123,-0.038675010204315186,-0.27954500913619995,-0.08178627490997314,-0.24888068437576294,-0.09255874156951904,-0.3778004050254822,-0.09755891561508179,-0.44468629360198975,-0.09810984134674072,-0.507905900478363,0.0,0.0,0.0,0.0,0.0,0.0,0.0,0.0,0.0,0.0,0.0,0.0,0.0,0.0,0.0,0.0,0.0,0.0,0.0,0.0,0.0,0.0,0.0,0.0,0.0,0.0,0.0,0.0,0.0,0.0,0.0,0.0,0.0,0.0,0.0,0.0,0.0,0.0,0.0,0.0,0.0,0.0
0.0,0.0,0.06668096780776978,-0.1013326644897461,0.0847206711769104,-0.21617674827575684,0.06498873233795166,-0.3066825866699219,0.03317815065383911,-0.3582993149757385,0.09366488456726074,-0.2751186490058899,0.06492072343826294,-0.43305504322052,0.04861855506896973,-0.5187250673770905,0.034998416900634766,-0.5835901498794556,0.03445112705230713,-0.27497607469558716,0.0012647509574890137,-0.41027456521987915,-0.008080363273620605,-0.3545266389846802,-0.0024129748344421387,-0.3023315668106079,-0.025970458984375,-0.26049429178237915,-0.04999649524688721,-0.3756507635116577,-0.05014312267303467,-0.3251059055328369,-0.03941357135772705,-0.28051626682281494,-0.08476036787033081,-0.247744619846344,-0.09502220153808594,-0.37754106521606445,-0.1004607081413269,-0.4434533715248108,-0.10163432359695435,-0.5052348375320435,0.0,0.0,0.0,0.0,0.0,0.0,0.0,0.0,0.0,0.0,0.0,0.0,0.0,0.0,0.0,0.0,0.0,0.0,0.0,0.0,0.0,0.0,0.0,0.0,0.0,0.0,0.0,0.0,0.0,0.0,0.0,0.0,0.0,0.0,0.0,0.0,0.0,0.0,0.0,0.0,0.0,0.0
0.0,0.0,0.06809818744659424,-0.10251599550247192,0.08570319414138794,-0.21789509057998657,0.06421637535095215,-0.3082554340362549,0.03106445074081421,-0.3566700220108032,0.09420573711395264,-0.2739108204841614,0.06557905673980713,-0.4336526393890381,0.04871201515197754,-0.5203161537647247,0.03483104705810547,-0.5854542553424835,0.03404814004898071,-0.2750682234764099,0.0024573206901550293,-0.412442684173584,-0.00661998987197876,-0.35777080059051514,-0.00138092041015625,-0.30412429571151733,-0.02649080753326416,-0.26263129711151123,-0.04864567518234253,-0.3794953227043152,-0.048746466636657715,-0.3279944062232971,-0.0383913516998291,-0.28279590606689453,-0.08481168746948242,-0.25174444913864136,-0.09444183111190796,-0.38020360469818115,-0.10003173351287842,-0.4453303813934326,-0.10171693563461304,-0.5069146156311035,0.0,0.0,0.0,0.0,0.0,0.0,0.0,0.0,0.0,0.0,0.0,0.0,0.0,0.0,0.0,0.0,0.0,0.0,0.0,0.0,0.0,0.0,0.0,0.0,0.0,0.0,0.0,0.0,0.0,0.0,0.0,0.0,0.0,0.0,0.0,0.0,0.0,0.0,0.0,0.0,0.0,0.0
0.0,0.0,0.068756103515625,-0.10313838720321655,0.08541148900985718,-0.21833789348602295,0.060806453227996826,-0.3068920373916626,0.024281203746795654,-0.3530886173248291,0.0938381552696228,-0.2740805745124817,0.0652666687965393,-0.4342702627182007,0.04827535152435303,-0.5209864377975464,0.03392744064331055,-0.5857320427894592,0.03305065631866455,-0.2753925323486328,0.0021147727966308594,-0.4138772487640381,-0.006092548370361328,-0.36031007766723633,-0.0007864236831665039,-0.30758213996887207,-0.027667701244354248,-0.2626851201057434,-0.04860961437225342,-0.3812745213508606,-0.04779195785522461,-0.3308272957801819,-0.03748112916946411,-0.28615349531173706,-0.08563077449798584,-0.25136059522628784,-0.09495556354522705,-0.3810579776763916,-0.1000666618347168,-0.4462459683418274,-0.10158169269561768,-0.5076736211776733,0.0,0.0,0.0,0.0,0.0,0.0,0.0,0.0,0.0,0.0,0.0,0.0,0.0,0.0,0.0,0.0,0.0,0.0,0.0,0.0,0.0,0.0,0.0,0.0,0.0,0.0,0.0,0.0,0.0,0.0,0.0,0.0,0.0,0.0,0.0,0.0,0.0,0.0,0.0,0.0,0.0,0.0
0.0,0.0,0.06987404823303223,-0.10214757919311523,0.087382972240448,-0.21955537796020508,0.06455975770950317,-0.3107466697692871,0.031064093112945557,-0.3595799207687378,0.09538781642913818,-0.2708500623703003,0.06923222541809082,-0.432034969329834,0.05155986547470093,-0.518995463848114,0.03616738319396973,-0.5828292071819305,0.03454267978668213,-0.27082622051239014,0.003978312015533447,-0.4111281633377075,-0.003827810287475586,-0.35574305057525635,0.001798093318939209,-0.30235975980758667,-0.025951862335205078,-0.2577146291732788,-0.04641300439834595,-0.3779216408729553,-0.04501044750213623,-0.3263635039329529,-0.034547388553619385,-0.2804834246635437,-0.0844200849533081,-0.246737539768219,-0.09564512968063354,-0.37805938720703125,-0.10059124231338501,-0.44434428215026855,-0.10149484872817993,-0.5061600208282471,0.0,0.0,0.0,0.0,0.0,0.0,0.0,0.0,0.0,0.0,0.0,0.0,0.0,0.0,0.0,0.0,0.0,0.0,0.0,0.0,0.0,0.0,0.0,0.0,0.0,0.0,0.0,0.0,0.0,0.0,0.0,0.0,0.0,0.0,0.0,0.0,0.0,0.0,0.0,0.0,0.0,0.0
0.0,0.0,0.0693674087524414,-0.10203462839126587,0.08832132816314697,-0.22114723920822144,0.06866216659545898,-0.3150513172149658,0.040035128593444824,-0.36781591176986694,0.09141796827316284,-0.27331292629241943,0.06534087657928467,-0.434978187084198,0.04924076795578003,-0.5219061076641083,0.03507637977600098,-0.5859173238277435,0.030318915843963623,-0.2736932635307312,0.0025485754013061523,-0.4128033518791199,-0.003559410572052002,-0.35793256759643555,0.0016956925392150879,-0.3041885495185852,-0.02952122688293457,-0.26030147075653076,-0.04765617847442627,-0.37815868854522705,-0.0448189377784729,-0.3277972936630249,-0.03459632396697998,-0.2819492220878601,-0.0868462324142456,-0.2489161491394043,-0.09708869457244873,-0.38043272495269775,-0.10199189186096191,-0.44765591621398926,-0.10378444194793701,-0.5094949007034302,0.0,0.0,0.0,0.0,0.0,0.0,0.0,0.0,0.0,0.0,0.0,0.0,0.0,0.0,0.0,0.0,0.0,0.0,0.0,0.0,0.0,0.0,0.0,0.0,0.0,0.0,0.0,0.0,0.0,0.0,0.0,0.0,0.0,0.0,0.0,0.0,0.0,0.0,0.0,0.0,0.0,0.0
0.0,0.0,0.06991034746170044,-0.10137081146240234,0.09242850542068481,-0.22345584630966187,0.07593387365341187,-0.3210735321044922,0.05434441566467285,-0.3788660764694214,0.09125381708145142,-0.2668802738189697,0.06737172603607178,-0.4289262294769287,0.05224126577377319,-0.5159931480884552,0.03966236114501953,-0.5800631046295166,0.03043287992477417,-0.26638227701187134,0.006849467754364014,-0.4067104458808899,0.002041161060333252,-0.35439133644104004,0.007048189640045166,-0.3005326986312866,-0.028052866458892822,-0.253972589969635,-0.042296648025512695,-0.3729962706565857,-0.03971201181411743,-0.3235364556312561,-0.030491769313812256,-0.27808576822280884,-0.08421975374221802,-0.2448222041130066,-0.0943371057510376,-0.3736368417739868,-0.09801298379898071,-0.4417991042137146,-0.09910982847213745,-0.5028609931468964,0.0,0.0,0.0,0.0,0.0,0.0,0.0,0.0,0.0,0.0,0.0,0.0,0.0,0.0,0.0,0.0,0.0,0.0,0.0,0.0,0.0,0.0,0.0,0.0,0.0,0.0,0.0,0.0,0.0,0.0,0.0,0.0,0.0,0.0,0.0,0.0,0.0,0.0,0.0,0.0,0.0,0.0
0.0,0.0,0.07009106874465942,-0.09980118274688721,0.09713339805603027,-0.22374647855758667,0.08398860692977905,-0.32339656352996826,0.0614161491394043,-0.3810170292854309,0.09409904479980469,-0.2648248076438904,0.07228326797485352,-0.42685723304748535,0.056472837924957275,-0.5138763785362244,0.043350815773010254,-0.578261137008667,0.03166067600250244,-0.26412034034729004,0.011023461818695068,-0.40295910835266113,0.005328118801116943,-0.35026001930236816,0.009998559951782227,-0.2968480587005615,-0.027734696865081787,-0.2530481219291687,-0.03925919532775879,-0.36878442764282227,-0.03814059495925903,-0.31794941425323486,-0.029835522174835205,-0.27261650562286377,-0.08396899700164795,-0.2470805048942566,-0.09217441082000732,-0.37376493215560913,-0.09590071439743042,-0.4412962794303894,-0.096851646900177,-0.5017593502998352,0.0,0.0,0.0,0.0,0.0,0.0,0.0,0.0,0.0,0.0,0.0,0.0,0.0,0.0,0.0,0.0,0.0,0.0,0.0,0.0,0.0,0.0,0.0,0.0,0.0,0.0,0.0,0.0,0.0,0.0,0.0,0.0,0.0,0.0,0.0,0.0,0.0,0.0,0.0,0.0,0.0,0.0
0.0,0.0,0.07080471515655518,-0.09985387325286865,0.09662246704101562,-0.22093111276626587,0.08047997951507568,-0.3179672360420227,0.0540732741355896,-0.3741307854652405,0.09618949890136719,-0.26412278413772583,0.07514476776123047,-0.42445677518844604,0.060316264629364014,-0.5116270780563354,0.048009276390075684,-0.576428234577179,0.033761799335479736,-0.2639891505241394,0.012362360954284668,-0.40090006589889526,0.005484104156494141,-0.3501726984977722,0.009694576263427734,-0.2968441843986511,-0.026288986206054688,-0.25222599506378174,-0.038257479667663574,-0.3679206371307373,-0.03652459383010864,-0.3203023672103882,-0.027759194374084473,-0.2751655578613281,-0.08323132991790771,-0.24529427289962769,-0.09022897481918335,-0.37361079454421997,-0.09418821334838867,-0.44130969047546387,-0.09601110219955444,-0.5014263987541199,0.0,0.0,0.0,0.0,0.0,0.0,0.0,0.0,0.0,0.0,0.0,0.0,0.0,0.0,0.0,0.0,0.0,0.0,0.0,0.0,0.0,0.0,0.0,0.0,0.0,0.0,0.0,0.0,0.0,0.0,0.0,0.0,0.0,0.0,0.0,0.0,0.0,0.0,0.0,0.0,0.0,0.0
0.0,0.0,0.07154661417007446,-0.10389566421508789,0.09919863939285278,-0.22290384769439697,0.08903759717941284,-0.3202255964279175,0.06580561399459839,-0.3779793977737427,0.09663033485412598,-0.26707643270492554,0.07522207498550415,-0.4270669221878052,0.0612826943397522,-0.5145498514175415,0.04955494403839111,-0.5801674723625183,0.03429222106933594,-0.2667487859725952,0.011955738067626953,-0.4039158821105957,0.006465137004852295,-0.3522855043411255,0.011528313159942627,-0.2985790967941284,-0.026041090488433838,-0.25339382886886597,-0.038353562355041504,-0.36767029762268066,-0.03562521934509277,-0.31985288858413696,-0.026485979557037354,-0.27515435218811035,-0.08349913358688354,-0.2441093921661377,-0.09053570032119751,-0.37461620569229126,-0.09495580196380615,-0.4427860975265503,-0.09716171026229858,-0.5035109519958496,0.0,0.0,0.0,0.0,0.0,0.0,0.0,0.0,0.0,0.0,0.0,0.0,0.0,0.0,0.0,0.0,0.0,0.0,0.0,0.0,0.0,0.0,0.0,0.0,0.0,0.0,0.0,0.0,0.0,0.0,0.0,0.0,0.0,0.0,0.0,0.0,0.0,0.0,0.0,0.0,0.0,0.0
0.0,0.0,0.07212573289871216,-0.10443156957626343,0.09854990243911743,-0.22503888607025146,0.09052354097366333,-0.32332319021224976,0.07178622484207153,-0.3818359971046448,0.09766191244125366,-0.26837092638015747,0.07649081945419312,-0.42918074131011963,0.06282103061676025,-0.5162813067436218,0.05067801475524902,-0.5816614925861359,0.035766005516052246,-0.2681746482849121,0.014121770858764648,-0.40765249729156494,0.008891582489013672,-0.35652053356170654,0.013486266136169434,-0.3030543923377991,-0.02417224645614624,-0.25494837760925293,-0.035670578479766846,-0.3707963228225708,-0.032816290855407715,-0.3231534957885742,-0.024338841438293457,-0.2785925269126892,-0.08141434192657471,-0.2455492615699768,-0.0896415114402771,-0.3762621283531189,-0.09410035610198975,-0.44504034519195557,-0.0965985655784607,-0.5061566531658173,0.0,0.0,0.0,0.0,0.0,0.0,0.0,0.0,0.0,0.0,0.0,0.0,0.0,0.0,0.0,0.0,0.0,0.0,0.0,0.0,0.0,0.0,0.0,0.0,0.0,0.0,0.0,0.0,0.0,0.0,0.0,0.0,0.0,0.0,0.0,0.0,0.0,0.0,0.0,0.0,0.0,0.0
0.0,0.0,0.07279664278030396,-0.10507744550704956,0.09807419776916504,-0.22573578357696533,0.08626335859298706,-0.32171308994293213,0.06275337934494019,-0.37719690799713135,0.09798526763916016,-0.27043938636779785,0.07781010866165161,-0.4310894012451172,0.0638357400894165,-0.5185585916042328,0.051182448863983154,-0.5833753049373627,0.03591763973236084,-0.27037107944488525,0.014476597309112549,-0.4086059331893921,0.007919907569885254,-0.3575856685638428,0.012000441551208496,-0.3047747015953064,-0.024433255195617676,-0.25729048252105713,-0.03490614891052246,-0.37322914600372314,-0.033277928829193115,-0.32605093717575073,-0.02543783187866211,-0.28205347061157227,-0.08257567882537842,-0.24758857488632202,-0.09034591913223267,-0.37852776050567627,-0.0946076512336731,-0.44649457931518555,-0.09640610218048096,-0.507114827632904,0.0,0.0,0.0,0.0,0.0,0.0,0.0,0.0,0.0,0.0,0.0,0.0,0.0,0.0,0.0,0.0,0.0,0.0,0.0,0.0,0.0,0.0,0.0,0.0,0.0,0.0,0.0,0.0,0.0,0.0,0.0,0.0,0.0,0.0,0.0,0.0,0.0,0.0,0.0,0.0,0.0,0.0
0.0,0.0,0.07380986213684082,-0.10534077882766724,0.10439324378967285,-0.2281787395477295,0.10484862327575684,-0.3323344588279724,0.09475970268249512,-0.3988025188446045,0.09622907638549805,-0.2690166234970093,0.07585775852203369,-0.42982423305511475,0.06277197599411011,-0.5173991918563843,0.050898075103759766,-0.5825101733207703,0.03420490026473999,-0.2679435610771179,0.014587998390197754,-0.40809887647628784,0.008894085884094238,-0.3573184013366699,0.0123215913772583,-0.30343878269195557,-0.025841057300567627,-0.2544291615486145,-0.034407615661621094,-0.3718883991241455,-0.03218638896942139,-0.3257676362991333,-0.024779021739959717,-0.28111588954925537,-0.08349072933197021,-0.24459362030029297,-0.09113562107086182,-0.3766213655471802,-0.09486305713653564,-0.4459725618362427,-0.09622299671173096,-0.5067086219787598,0.0,0.0,0.0,0.0,0.0,0.0,0.0,0.0,0.0,0.0,0.0,0.0,0.0,0.0,0.0,0.0,0.0,0.0,0.0,0.0,0.0,0.0,0.0,0.0,0.0,0.0,0.0,0.0,0.0,0.0,0.0,0.0,0.0,0.0,0.0,0.0,0.0,0.0,0.0,0.0,0.0,0.0
0.0,0.0,0.07306760549545288,-0.10499680042266846,0.10055887699127197,-0.22876745462417603,0.09571206569671631,-0.33056145906448364,0.0794304609298706,-0.3932574987411499,0.09551310539245605,-0.2693064212799072,0.07504212856292725,-0.4284391403198242,0.0618513822555542,-0.5152598321437836,0.04945486783981323,-0.580548495054245,0.03352212905883789,-0.26787304878234863,0.013552367687225342,-0.40628939867019653,0.009730756282806396,-0.3557729125022888,0.014001786708831787,-0.30226391553878784,-0.02621859312057495,-0.2538858652114868,-0.03559720516204834,-0.36948591470718384,-0.03213542699813843,-0.32253944873809814,-0.024434983730316162,-0.2786023020744324,-0.08340317010879517,-0.24384373426437378,-0.09229862689971924,-0.3752400875091553,-0.09622490406036377,-0.44418466091156006,-0.09846925735473633,-0.5053833723068237,0.0,0.0,0.0,0.0,0.0,0.0,0.0,0.0,0.0,0.0,0.0,0.0,0.0,0.0,0.0,0.0,0.0,0.0,0.0,0.0,0.0,0.0,0.0,0.0,0.0,0.0,0.0,0.0,0.0,0.0,0.0,0.0,0.0,0.0,0.0,0.0,0.0,0.0,0.0,0.0,0.0,0.0
0.0,0.0,0.07321733236312866,-0.10474222898483276,0.10082364082336426,-0.2285783290863037,0.09552919864654541,-0.33107489347457886,0.08033394813537598,-0.39516860246658325,0.09482169151306152,-0.26716578006744385,0.07399052381515503,-0.42840898036956787,0.06055152416229248,-0.5155809819698334,0.04817235469818115,-0.580068826675415,0.03289216756820679,-0.26510077714920044,0.012757420539855957,-0.40474599599838257,0.008440375328063965,-0.35439229011535645,0.012364387512207031,-0.3002101182937622,-0.02640169858932495,-0.2511017918586731,-0.03583866357803345,-0.3684435486793518,-0.032478272914886475,-0.3212839365005493,-0.024493813514709473,-0.2767954468727112,-0.08320093154907227,-0.24149012565612793,-0.09224599599838257,-0.37343788146972656,-0.09581828117370605,-0.44331246614456177,-0.09741199016571045,-0.5049300789833069,0.0,0.0,0.0,0.0,0.0,0.0,0.0,0.0,0.0,0.0,0.0,0.0,0.0,0.0,0.0,0.0,0.0,0.0,0.0,0.0,0.0,0.0,0.0,0.0,0.0,0.0,0.0,0.0,0.0,0.0,0.0,0.0,0.0,0.0,0.0,0.0,0.0,0.0,0.0,0.0,0.0,0.0
0.0,0.0,0.07297152280807495,-0.10450625419616699,0.10181879997253418,-0.22999858856201172,0.10077536106109619,-0.3348125219345093,0.0916135311126709,-0.4019964933395386,0.09366309642791748,-0.26905226707458496,0.07342040538787842,-0.42936795949935913,0.06022346019744873,-0.5160234272480011,0.047453224658966064,-0.5808943510055542,0.03148406744003296,-0.2665953040122986,0.012357354164123535,-0.4065098762512207,0.008968532085418701,-0.35612499713897705,0.012473344802856445,-0.3017526865005493,-0.02809596061706543,-0.25219619274139404,-0.03659319877624512,-0.36962008476257324,-0.03214389085769653,-0.32299691438674927,-0.024187088012695312,-0.277942419052124,-0.0849146842956543,-0.24233096837997437,-0.09356075525283813,-0.3740001916885376,-0.09700876474380493,-0.4441303014755249,-0.09888827800750732,-0.5056978166103363,0.0,0.0,0.0,0.0,0.0,0.0,0.0,0.0,0.0,0.0,0.0,0.0,0.0,0.0,0.0,0.0,0.0,0.0,0.0,0.0,0.0,0.0,0.0,0.0,0.0,0.0,0.0,0.0,0.0,0.0,0.0,0.0,0.0,0.0,0.0,0.0,0.0,0.0,0.0,0.0,0.0,0.0
0.0,0.0,0.07252544164657593,-0.10434859991073608,0.10004919767379761,-0.23026210069656372,0.09824889898300171,-0.3346761465072632,0.08753001689910889,-0.40179842710494995,0.0937122106552124,-0.2708659768104553,0.07364243268966675,-0.43053293228149414,0.05960565805435181,-0.5169199407100677,0.0460396409034729,-0.5813399851322174,0.03184187412261963,-0.26787835359573364,0.012864649295806885,-0.40744954347610474,0.00902414321899414,-0.3573058247566223,0.01263570785522461,-0.30352187156677246,-0.02756720781326294,-0.25352609157562256,-0.03561204671859741,-0.3703545928001404,-0.031823694705963135,-0.3237684369087219,-0.024398088455200195,-0.2796819806098938,-0.0840526819229126,-0.24391448497772217,-0.09311747550964355,-0.37539440393447876,-0.09685605764389038,-0.44482505321502686,-0.09870308637619019,-0.5059695243835449,0.0,0.0,0.0,0.0,0.0,0.0,0.0,0.0,0.0,0.0,0.0,0.0,0.0,0.0,0.0,0.0,0.0,0.0,0.0,0.0,0.0,0.0,0.0,0.0,0.0,0.0,0.0,0.0,0.0,0.0,0.0,0.0,0.0,0.0,0.0,0.0,0.0,0.0,0.0,0.0,0.0,0.0
0.0,0.0,0.07308357954025269,-0.10611987113952637,0.1006661057472229,-0.23008877038955688,0.09894508123397827,-0.33390432596206665,0.08901047706604004,-0.4008557200431824,0.0935165286064148,-0.2700401544570923,0.07311248779296875,-0.42921578884124756,0.05946773290634155,-0.5151708126068115,0.046422719955444336,-0.5794378519058228,0.03183162212371826,-0.26724475622177124,0.012344300746917725,-0.4064447283744812,0.00867527723312378,-0.35654217004776,0.012755513191223145,-0.3030840754508972,-0.027377724647521973,-0.2523907423019409,-0.03598564863204956,-0.36903345584869385,-0.032133638858795166,-0.32280784845352173,-0.024387001991271973,-0.2789897918701172,-0.08382844924926758,-0.2420036792755127,-0.09235823154449463,-0.3731992244720459,-0.09588354825973511,-0.44237685203552246,-0.09774160385131836,-0.503396213054657,0.0,0.0,0.0,0.0,0.0,0.0,0.0,0.0,0.0,0.0,0.0,0.0,0.0,0.0,0.0,0.0,0.0,0.0,0.0,0.0,0.0,0.0,0.0,0.0,0.0,0.0,0.0,0.0,0.0,0.0,0.0,0.0,0.0,0.0,0.0,0.0,0.0,0.0,0.0,0.0,0.0,0.0
0.0,0.0,0.07300025224685669,-0.10586261749267578,0.09893959760665894,-0.22954654693603516,0.09459036588668823,-0.33225780725479126,0.08051341772079468,-0.3970845937728882,0.09377604722976685,-0.2698328495025635,0.07380455732345581,-0.42977380752563477,0.0596386194229126,-0.5162074267864227,0.046005964279174805,-0.5806835293769836,0.03214746713638306,-0.2678282856941223,0.012829899787902832,-0.40815991163253784,0.008788704872131348,-0.3569530248641968,0.012602925300598145,-0.30348312854766846,-0.026966512203216553,-0.25360608100891113,-0.03542250394821167,-0.37014323472976685,-0.0313299298286438,-0.3231041431427002,-0.023621201515197754,-0.2791109085083008,-0.08354711532592773,-0.24378621578216553,-0.09226036071777344,-0.3747577667236328,-0.09601616859436035,-0.44331568479537964,-0.09806454181671143,-0.5041864514350891,0.0,0.0,0.0,0.0,0.0,0.0,0.0,0.0,0.0,0.0,0.0,0.0,0.0,0.0,0.0,0.0,0.0,0.0,0.0,0.0,0.0,0.0,0.0,0.0,0.0,0.0,0.0,0.0,0.0,0.0,0.0,0.0,0.0,0.0,0.0,0.0,0.0,0.0,0.0,0.0,0.0,0.0
0.0,0.0,0.07244300842285156,-0.10549414157867432,0.09969884157180786,-0.23106056451797485,0.09587544202804565,-0.3358455300331116,0.0838860273361206,-0.4022400379180908,0.09367740154266357,-0.27042657136917114,0.07285892963409424,-0.4309667944908142,0.0590481162071228,-0.5180818438529968,0.045994579792022705,-0.5829890966415405,0.03157782554626465,-0.2674168348312378,0.011529803276062012,-0.40731579065322876,0.007505595684051514,-0.35621124505996704,0.0111885666847229,-0.3015568256378174,-0.027757883071899414,-0.2524949312210083,-0.037369370460510254,-0.37002032995224,-0.03334313631057739,-0.3234524130821228,-0.02532815933227539,-0.27836740016937256,-0.08465784788131714,-0.24247992038726807,-0.09412026405334473,-0.37288302183151245,-0.09819114208221436,-0.4434664845466614,-0.10068356990814209,-0.5054489076137543,0.0,0.0,0.0,0.0,0.0,0.0,0.0,0.0,0.0,0.0,0.0,0.0,0.0,0.0,0.0,0.0,0.0,0.0,0.0,0.0,0.0,0.0,0.0,0.0,0.0,0.0,0.0,0.0,0.0,0.0,0.0,0.0,0.0,0.0,0.0,0.0,0.0,0.0,0.0,0.0,0.0,0.0
0.0,0.0,0.07244265079498291,-0.10604852437973022,0.09767037630081177,-0.2313525676727295,0.08888024091720581,-0.3330931067466736,0.07053488492965698,-0.39468473196029663,0.09324419498443604,-0.2706689238548279,0.07286769151687622,-0.43150246143341064,0.059140563011169434,-0.5185232162475586,0.045839130878448486,-0.5837254524230957,0.031003057956695557,-0.2682926654815674,0.01158970594406128,-0.4082081913948059,0.008112192153930664,-0.3572602868080139,0.012079775333404541,-0.3031756281852722,-0.028433382511138916,-0.2538232207298279,-0.036482930183410645,-0.3714175224304199,-0.03200066089630127,-0.32445311546325684,-0.024172425270080566,-0.279742956161499,-0.08484119176864624,-0.24395662546157837,-0.09418505430221558,-0.37482500076293945,-0.0980689525604248,-0.4447603225708008,-0.1004709005355835,-0.50641068816185,0.0,0.0,0.0,0.0,0.0,0.0,0.0,0.0,0.0,0.0,0.0,0.0,0.0,0.0,0.0,0.0,0.0,0.0,0.0,0.0,0.0,0.0,0.0,0.0,0.0,0.0,0.0,0.0,0.0,0.0,0.0,0.0,0.0,0.0,0.0,0.0,0.0,0.0,0.0,0.0,0.0,0.0
0.0,0.0,0.07214581966400146,-0.10546141862869263,0.10103350877761841,-0.23001080751419067,0.09979361295700073,-0.3344186544418335,0.0891578197479248,-0.40178465843200684,0.09325659275054932,-0.27002644538879395,0.07125824689865112,-0.4303038716316223,0.05738121271133423,-0.5168657898902893,0.04499870538711548,-0.5814633369445801,0.03161567449569702,-0.26632529497146606,0.010792076587677002,-0.40625321865081787,0.005957067012786865,-0.3560125231742859,0.009914398193359375,-0.3014291524887085,-0.027634501457214355,-0.25110870599746704,-0.03758472204208374,-0.3694664239883423,-0.03485977649688721,-0.3227665424346924,-0.027046263217926025,-0.2782287001609802,-0.08412778377532959,-0.24084627628326416,-0.09331297874450684,-0.37253743410110474,-0.09764224290847778,-0.4427797198295593,-0.09993875026702881,-0.504393607378006,0.0,0.0,0.0,0.0,0.0,0.0,0.0,0.0,0.0,0.0,0.0,0.0,0.0,0.0,0.0,0.0,0.0,0.0,0.0,0.0,0.0,0.0,0.0,0.0,0.0,0.0,0.0,0.0,0.0,0.0,0.0,0.0,0.0,0.0,0.0,0.0,0.0,0.0,0.0,0.0,0.0,0.0
0.0,0.0,0.07206869125366211,-0.10690850019454956,0.0954437255859375,-0.2294333577156067,0.08317816257476807,-0.32723480463027954,0.06178402900695801,-0.38629937171936035,0.09311032295227051,-0.2710312604904175,0.07225030660629272,-0.43131566047668457,0.05835968255996704,-0.5183700621128082,0.04531455039978027,-0.5833313167095184,0.03088700771331787,-0.26879650354385376,0.010482311248779297,-0.4084665775299072,0.006211340427398682,-0.35677647590637207,0.010286033153533936,-0.30277180671691895,-0.028572559356689453,-0.2539282441139221,-0.0379604697227478,-0.37044835090637207,-0.0336722731590271,-0.3226877450942993,-0.025513052940368652,-0.27861350774765015,-0.08508968353271484,-0.24339747428894043,-0.09431833028793335,-0.37417173385620117,-0.09850531816482544,-0.44330281019210815,-0.10098510980606079,-0.5052481293678284,0.0,0.0,0.0,0.0,0.0,0.0,0.0,0.0,0.0,0.0,0.0,0.0,0.0,0.0,0.0,0.0,0.0,0.0,0.0,0.0,0.0,0.0,0.0,0.0,0.0,0.0,0.0,0.0,0.0,0.0,0.0,0.0,0.0,0.0,0.0,0.0,0.0,0.0,0.0,0.0,0.0,0.0
0.0,0.0,0.0727543830871582,-0.10536742210388184,0.09901046752929688,-0.22974777221679688,0.09115689992904663,-0.33146899938583374,0.07267791032791138,-0.3937111496925354,0.09527707099914551,-0.26981884241104126,0.07332926988601685,-0.43110769987106323,0.05838608741760254,-0.5179203152656555,0.04507964849472046,-0.5818451642990112,0.033122122287750244,-0.2673577666282654,0.011078953742980957,-0.4078632593154907,0.005919098854064941,-0.3574860692024231,0.010435402393341064,-0.3035627603530884,-0.026659905910491943,-0.25299668312072754,-0.03736448287963867,-0.37175315618515015,-0.0344884991645813,-0.32465875148773193,-0.026258528232574463,-0.28033435344696045,-0.08377647399902344,-0.24313229322433472,-0.09336471557617188,-0.37508970499038696,-0.09790962934494019,-0.4442867040634155,-0.10007429122924805,-0.5053295493125916,0.0,0.0,0.0,0.0,0.0,0.0,0.0,0.0,0.0,0.0,0.0,0.0,0.0,0.0,0.0,0.0,0.0,0.0,0.0,0.0,0.0,0.0,0.0,0.0,0.0,0.0,0.0,0.0,0.0,0.0,0.0,0.0,0.0,0.0,0.0,0.0,0.0,0.0,0.0,0.0,0.0,0.0
0.0,0.0,0.07245385646820068,-0.10660862922668457,0.09609979391098022,-0.22847986221313477,0.08189821243286133,-0.3244580030441284,0.05698305368423462,-0.3795994520187378,0.09500783681869507,-0.27039867639541626,0.07406961917877197,-0.43155211210250854,0.06044971942901611,-0.5197296738624573,0.04758012294769287,-0.5851586163043976,0.03246355056762695,-0.26898324489593506,0.012048780918121338,-0.4097250699996948,0.007042825222015381,-0.3585549592971802,0.011095941066741943,-0.305103063583374,-0.027285397052764893,-0.2548285722732544,-0.03580796718597412,-0.37411069869995117,-0.03296971321105957,-0.3270031809806824,-0.0254935622215271,-0.2827768921852112,-0.08432537317276001,-0.24454617500305176,-0.09303402900695801,-0.3773878216743469,-0.09708571434020996,-0.44689202308654785,-0.09915095567703247,-0.5084359049797058,0.0,0.0,0.0,0.0,0.0,0.0,0.0,0.0,0.0,0.0,0.0,0.0,0.0,0.0,0.0,0.0,0.0,0.0,0.0,0.0,0.0,0.0,0.0,0.0,0.0,0.0,0.0,0.0,0.0,0.0,0.0,0.0,0.0,0.0,0.0,0.0,0.0,0.0,0.0,0.0,0.0,0.0
0.0,0.0,0.0738515853881836,-0.10617965459823608,0.10288774967193604,-0.2298089861869812,0.09877711534500122,-0.3324543237686157,0.08285844326019287,-0.39668864011764526,0.0968468189239502,-0.26925528049468994,0.07517826557159424,-0.42988550662994385,0.060812413692474365,-0.5170324742794037,0.04816246032714844,-0.5813613831996918,0.034377336502075195,-0.2674155831336975,0.013792872428894043,-0.4053826332092285,0.008582472801208496,-0.355488121509552,0.013116538524627686,-0.30256086587905884,-0.02563464641571045,-0.25377601385116577,-0.034528374671936035,-0.37053704261779785,-0.03322237730026245,-0.3233848810195923,-0.026215076446533203,-0.2795930504798889,-0.08310890197753906,-0.24409836530685425,-0.0920606255531311,-0.37576067447662354,-0.09642040729522705,-0.4440513849258423,-0.09822916984558105,-0.5043557286262512,0.0,0.0,0.0,0.0,0.0,0.0,0.0,0.0,0.0,0.0,0.0,0.0,0.0,0.0,0.0,0.0,0.0,0.0,0.0,0.0,0.0,0.0,0.0,0.0,0.0,0.0,0.0,0.0,0.0,0.0,0.0,0.0,0.0,0.0,0.0,0.0,0.0,0.0,0.0,0.0,0.0,0.0
0.0,0.0,0.07211452722549438,-0.10709834098815918,0.09881246089935303,-0.2314157485961914,0.09062284231185913,-0.3316943645477295,0.07408195734024048,-0.3925457000732422,0.0942467451095581,-0.2708660960197449,0.07365107536315918,-0.42993730306625366,0.060639142990112305,-0.5168578922748566,0.04881739616394043,-0.5815494358539581,0.03180038928985596,-0.26805007457733154,0.011924505233764648,-0.40755540132522583,0.007422327995300293,-0.35725146532058716,0.01119011640548706,-0.3027673363685608,-0.02771228551864624,-0.2535474896430969,-0.036611199378967285,-0.37143468856811523,-0.033463358879089355,-0.32493793964385986,-0.025855302810668945,-0.28031986951828003,-0.08428144454956055,-0.24314910173416138,-0.09336543083190918,-0.374849796295166,-0.09718024730682373,-0.445213258266449,-0.09957247972488403,-0.5070561170578003,0.0,0.0,0.0,0.0,0.0,0.0,0.0,0.0,0.0,0.0,0.0,0.0,0.0,0.0,0.0,0.0,0.0,0.0,0.0,0.0,0.0,0.0,0.0,0.0,0.0,0.0,0.0,0.0,0.0,0.0,0.0,0.0,0.0,0.0,0.0,0.0,0.0,0.0,0.0,0.0,0.0,0.0
0.0,0.0,0.07270306348800659,-0.10615682601928711,0.10056674480438232,-0.23033440113067627,0.09633857011795044,-0.3328915238380432,0.08144360780715942,-0.3972046375274658,0.0950959324836731,-0.26912254095077515,0.07271367311477661,-0.4298630952835083,0.05848509073257446,-0.5168059468269348,0.04582005739212036,-0.5814292430877686,0.03323018550872803,-0.265954852104187,0.011286735534667969,-0.4060797691345215,0.0062326788902282715,-0.35488492250442505,0.010637402534484863,-0.30094456672668457,-0.02651810646057129,-0.2513735890388489,-0.03739631175994873,-0.3695186972618103,-0.034537553787231445,-0.3221712112426758,-0.026265203952789307,-0.27764689922332764,-0.0836140513420105,-0.24169373512268066,-0.09288668632507324,-0.37384259700775146,-0.09737491607666016,-0.4433653950691223,-0.09974902868270874,-0.5049294233322144,0.0,0.0,0.0,0.0,0.0,0.0,0.0,0.0,0.0,0.0,0.0,0.0,0.0,0.0,0.0,0.0,0.0,0.0,0.0,0.0,0.0,0.0,0.0,0.0,0.0,0.0,0.0,0.0,0.0,0.0,0.0,0.0,0.0,0.0,0.0,0.0,0.0,0.0,0.0,0.0,0.0,0.0
0.0,0.0,0.07172685861587524,-0.1062462329864502,0.09540927410125732,-0.22770512104034424,0.08223313093185425,-0.32495468854904175,0.05913156270980835,-0.3816756010055542,0.09418272972106934,-0.26818209886550903,0.072967529296875,-0.4289117455482483,0.05954122543334961,-0.5164714157581329,0.04743516445159912,-0.5815249681472778,0.03156149387359619,-0.2661910057067871,0.011101245880126953,-0.4055173397064209,0.005974173545837402,-0.35406529903411865,0.009990990161895752,-0.3002466559410095,-0.027862071990966797,-0.25171786546707153,-0.03771311044692993,-0.36889344453811646,-0.03447335958480835,-0.32118481397628784,-0.026401400566101074,-0.27681130170822144,-0.08444362878799438,-0.2411792278289795,-0.09444069862365723,-0.3730984926223755,-0.09842932224273682,-0.4425416588783264,-0.10043853521347046,-0.5042455196380615,0.0,0.0,0.0,0.0,0.0,0.0,0.0,0.0,0.0,0.0,0.0,0.0,0.0,0.0,0.0,0.0,0.0,0.0,0.0,0.0,0.0,0.0,0.0,0.0,0.0,0.0,0.0,0.0,0.0,0.0,0.0,0.0,0.0,0.0,0.0,0.0,0.0,0.0,0.0,0.0,0.0,0.0
0.0,0.0,0.07273590564727783,-0.10258710384368896,0.10420799255371094,-0.22648942470550537,0.10234642028808594,-0.33190035820007324,0.09033441543579102,-0.39776384830474854,0.09697329998016357,-0.26669740676879883,0.07606345415115356,-0.42671632766723633,0.0601656436920166,-0.5130637884140015,0.04629546403884888,-0.5764122307300568,0.03381848335266113,-0.2643781900405884,0.013820111751556396,-0.4022033214569092,0.008011460304260254,-0.3522263765335083,0.012553513050079346,-0.29871195554733276,-0.02639031410217285,-0.25084054470062256,-0.03595799207687378,-0.36611855030059814,-0.034868478775024414,-0.31884968280792236,-0.02734231948852539,-0.27435243129730225,-0.08369272947311401,-0.2419489026069641,-0.09197801351547241,-0.3718963861465454,-0.09701031446456909,-0.44047975540161133,-0.09928852319717407,-0.5007608532905579,0.0,0.0,0.0,0.0,0.0,0.0,0.0,0.0,0.0,0.0,0.0,0.0,0.0,0.0,0.0,0.0,0.0,0.0,0.0,0.0,0.0,0.0,0.0,0.0,0.0,0.0,0.0,0.0,0.0,0.0,0.0,0.0,0.0,0.0,0.0,0.0,0.0,0.0,0.0,0.0,0.0,0.0
0.0,0.0,0.07188248634338379,-0.10770857334136963,0.09710663557052612,-0.22990471124649048,0.0876532793045044,-0.32913708686828613,0.07053524255752563,-0.388288676738739,0.09475463628768921,-0.2709674835205078,0.07309883832931519,-0.42928385734558105,0.059812068939208984,-0.5158197283744812,0.04796260595321655,-0.5808864831924438,0.0323520302772522,-0.269298791885376,0.011409938335418701,-0.40727823972702026,0.006787121295928955,-0.3560340404510498,0.010868489742279053,-0.3021400570869446,-0.027406275272369385,-0.25489944219589233,-0.03750205039978027,-0.3697478175163269,-0.033425748348236084,-0.32313573360443115,-0.025127947330474854,-0.27852195501327515,-0.08452773094177246,-0.2440333366394043,-0.09395849704742432,-0.37430518865585327,-0.09761238098144531,-0.4438931941986084,-0.09958797693252563,-0.5054944753646851,0.0,0.0,0.0,0.0,0.0,0.0,0.0,0.0,0.0,0.0,0.0,0.0,0.0,0.0,0.0,0.0,0.0,0.0,0.0,0.0,0.0,0.0,0.0,0.0,0.0,0.0,0.0,0.0,0.0,0.0,0.0,0.0,0.0,0.0,0.0,0.0,0.0,0.0,0.0,0.0,0.0,0.0
0.0,0.0,0.07281661033630371,-0.10550534725189209,0.10263019800186157,-0.228249192237854,0.10071510076522827,-0.331071138381958,0.08836454153060913,-0.39606887102127075,0.09758388996124268,-0.26989591121673584,0.07533949613571167,-0.4296053647994995,0.06041741371154785,-0.516244113445282,0.04786950349807739,-0.5805885791778564,0.03562897443771362,-0.2675939202308655,0.012802183628082275,-0.4045408368110657,0.005975306034088135,-0.3540269732475281,0.010554969310760498,-0.2999599575996399,-0.024730920791625977,-0.2539982199668884,-0.03665566444396973,-0.36811506748199463,-0.03566664457321167,-0.32089918851852417,-0.027712464332580566,-0.27699023485183716,-0.08237874507904053,-0.2450149655342102,-0.09106987714767456,-0.3746662139892578,-0.09621405601501465,-0.44238537549972534,-0.09879988431930542,-0.5025838017463684,0.0,0.0,0.0,0.0,0.0,0.0,0.0,0.0,0.0,0.0,0.0,0.0,0.0,0.0,0.0,0.0,0.0,0.0,0.0,0.0,0.0,0.0,0.0,0.0,0.0,0.0,0.0,0.0,0.0,0.0,0.0,0.0,0.0,0.0,0.0,0.0,0.0,0.0,0.0,0.0,0.0,0.0
0.0,0.0,0.071616530418396,-0.10708600282669067,0.10210275650024414,-0.2297377586364746,0.10169553756713867,-0.3323988914489746,0.09308230876922607,-0.3978397250175476,0.09700524806976318,-0.2706177234649658,0.07434511184692383,-0.42860907316207886,0.05979830026626587,-0.5154083371162415,0.047438204288482666,-0.5802551805973053,0.034628331661224365,-0.2676014304161072,0.012033700942993164,-0.40521305799484253,0.00559389591217041,-0.35410284996032715,0.009634792804718018,-0.29880326986312866,-0.02568650245666504,-0.2529839873313904,-0.037824273109436035,-0.3686479330062866,-0.036318421363830566,-0.3218553066253662,-0.02816528081893921,-0.27712488174438477,-0.08345586061477661,-0.24221915006637573,-0.0931006669998169,-0.37344783544540405,-0.09761780500411987,-0.4433061480522156,-0.09973526000976562,-0.5050470232963562,0.0,0.0,0.0,0.0,0.0,0.0,0.0,0.0,0.0,0.0,0.0,0.0,0.0,0.0,0.0,0.0,0.0,0.0,0.0,0.0,0.0,0.0,0.0,0.0,0.0,0.0,0.0,0.0,0.0,0.0,0.0,0.0,0.0,0.0,0.0,0.0,0.0,0.0,0.0,0.0,0.0,0.0
0.0,0.0,0.07184219360351562,-0.10721176862716675,0.10071724653244019,-0.22989332675933838,0.09661036729812622,-0.33132654428482056,0.0837932825088501,-0.39361894130706787,0.09611093997955322,-0.2706010937690735,0.07434773445129395,-0.42898625135421753,0.06045341491699219,-0.5160907506942749,0.04848635196685791,-0.5813454389572144,0.03440546989440918,-0.2680823802947998,0.011931061744689941,-0.40599626302719116,0.005959451198577881,-0.35453522205352783,0.010184824466705322,-0.29960906505584717,-0.025495409965515137,-0.2534213066101074,-0.037409067153930664,-0.3687211871147156,-0.035032689571380615,-0.3215864300727844,-0.02663600444793701,-0.27675455808639526,-0.08298003673553467,-0.2425348162651062,-0.09276485443115234,-0.37378770112991333,-0.09742206335067749,-0.4439091682434082,-0.099842369556427,-0.5057583749294281,0.0,0.0,0.0,0.0,0.0,0.0,0.0,0.0,0.0,0.0,0.0,0.0,0.0,0.0,0.0,0.0,0.0,0.0,0.0,0.0,0.0,0.0,0.0,0.0,0.0,0.0,0.0,0.0,0.0,0.0,0.0,0.0,0.0,0.0,0.0,0.0,0.0,0.0,0.0,0.0,0.0,0.0
0.0,0.0,0.07083898782730103,-0.10620898008346558,0.10037410259246826,-0.2244841456413269,0.10049211978912354,-0.32630079984664917,0.09414553642272949,-0.39042967557907104,0.09295731782913208,-0.26659494638442993,0.07070964574813843,-0.4245995879173279,0.05617576837539673,-0.5107598900794983,0.04371964931488037,-0.5749769508838654,0.03263688087463379,-0.26347947120666504,0.007156431674957275,-0.40046000480651855,-0.0001513361930847168,-0.3482508659362793,0.0041692256927490234,-0.2939333915710449,-0.026584208011627197,-0.24806088209152222,-0.0426025390625,-0.3633806109428406,-0.041249871253967285,-0.31525474786758423,-0.03252202272415161,-0.27099037170410156,-0.08380132913589478,-0.23680591583251953,-0.09486639499664307,-0.36679017543792725,-0.09995776414871216,-0.4364446997642517,-0.1027936339378357,-0.4994632601737976,0.0,0.0,0.0,0.0,0.0,0.0,0.0,0.0,0.0,0.0,0.0,0.0,0.0,0.0,0.0,0.0,0.0,0.0,0.0,0.0,0.0,0.0,0.0,0.0,0.0,0.0,0.0,0.0,0.0,0.0,0.0,0.0,0.0,0.0,0.0,0.0,0.0,0.0,0.0,0.0,0.0,0.0
0.0,0.0,0.06809145212173462,-0.10598355531692505,0.09513646364212036,-0.22437161207199097,0.08861732482910156,-0.32312774658203125,0.07430398464202881,-0.3854936361312866,0.09207749366760254,-0.2662815451622009,0.06937676668167114,-0.4235221743583679,0.05341249704360962,-0.5088058412075043,0.040435731410980225,-0.5717568695545197,0.03214377164840698,-0.2617712616920471,0.003951907157897949,-0.40035396814346313,-0.004194200038909912,-0.347433865070343,0.0008882880210876465,-0.29229819774627686,-0.027295172214508057,-0.2458401322364807,-0.046450138092041016,-0.36116963624954224,-0.04529714584350586,-0.31163519620895386,-0.03535020351409912,-0.26682615280151367,-0.08482980728149414,-0.23456358909606934,-0.09703987836837769,-0.3636574149131775,-0.10263115167617798,-0.433929979801178,-0.10565662384033203,-0.49741315841674805,0.0,0.0,0.0,0.0,0.0,0.0,0.0,0.0,0.0,0.0,0.0,0.0,0.0,0.0,0.0,0.0,0.0,0.0,0.0,0.0,0.0,0.0,0.0,0.0,0.0,0.0,0.0,0.0,0.0,0.0,0.0,0.0,0.0,0.0,0.0,0.0,0.0,0.0,0.0,0.0,0.0,0.0
0.0,0.0,0.06583607196807861,-0.10525393486022949,0.0854494571685791,-0.21981960535049438,0.0683215856552124,-0.3124995231628418,0.03911834955215454,-0.36539340019226074,0.0899088978767395,-0.2679367661476135,0.06321614980697632,-0.42514026165008545,0.04552900791168213,-0.5091729462146759,0.03140038251876831,-0.5705382823944092,0.0307808518409729,-0.2636997699737549,-0.003558933734893799,-0.39847421646118164,-0.013762831687927246,-0.3425102233886719,-0.00786888599395752,-0.28969812393188477,-0.029485106468200684,-0.24697375297546387,-0.0545772910118103,-0.36125433444976807,-0.053734660148620605,-0.30964040756225586,-0.042524874210357666,-0.265411913394928,-0.08871692419052124,-0.23462778329849243,-0.10243934392929077,-0.3610597252845764,-0.108661949634552,-0.4287916421890259,-0.11145752668380737,-0.49282586574554443,0.0,0.0,0.0,0.0,0.0,0.0,0.0,0.0,0.0,0.0,0.0,0.0,0.0,0.0,0.0,0.0,0.0,0.0,0.0,0.0,0.0,0.0,0.0,0.0,0.0,0.0,0.0,0.0,0.0,0.0,0.0,0.0,0.0,0.0,0.0,0.0,0.0,0.0,0.0,0.0,0.0,0.0
0.0,0.0,0.06713509559631348,-0.10724222660064697,0.09449166059494019,-0.22645026445388794,0.08805739879608154,-0.32941412925720215,0.07036018371582031,-0.39377641677856445,0.09052807092666626,-0.2716711163520813,0.06488525867462158,-0.4285857081413269,0.04451310634613037,-0.513314425945282,0.027541935443878174,-0.5736261606216431,0.02979987859725952,-0.2650889754295349,-0.004923880100250244,-0.4018532633781433,-0.014569222927093506,-0.3489137291908264,-0.008095502853393555,-0.29453837871551514,-0.031018614768981934,-0.24880176782608032,-0.05599266290664673,-0.3643314242362976,-0.05560547113418579,-0.3161984086036682,-0.044242262840270996,-0.27165138721466064,-0.08994686603546143,-0.23773425817489624,-0.10163837671279907,-0.3656880259513855,-0.10824674367904663,-0.4340056777000427,-0.11159628629684448,-0.4962170720100403,0.0,0.0,0.0,0.0,0.0,0.0,0.0,0.0,0.0,0.0,0.0,0.0,0.0,0.0,0.0,0.0,0.0,0.0,0.0,0.0,0.0,0.0,0.0,0.0,0.0,0.0,0.0,0.0,0.0,0.0,0.0,0.0,0.0,0.0,0.0,0.0,0.0,0.0,0.0,0.0,0.0,0.0
0.0,0.0,0.06394773721694946,-0.10491400957107544,0.07695615291595459,-0.2164778709411621,0.04399329423904419,-0.29996412992477417,0.0015260577201843262,-0.3413023352622986,0.08975589275360107,-0.26862484216690063,0.06427162885665894,-0.4254077076911926,0.04590904712677002,-0.5103254914283752,0.031054198741912842,-0.571498453617096,0.03077864646911621,-0.26624351739883423,-0.005655229091644287,-0.4014798402786255,-0.01724010705947876,-0.34598714113235474,-0.010571062564849854,-0.2947770953178406,-0.029278695583343506,-0.25022995471954346,-0.05621492862701416,-0.3638646602630615,-0.056719958782196045,-0.3128232955932617,-0.04573655128479004,-0.26969408988952637,-0.08860760927200317,-0.2377186417579651,-0.10366183519363403,-0.3650673031806946,-0.10954958200454712,-0.4325581192970276,-0.11174154281616211,-0.4963526129722595,0.0,0.0,0.0,0.0,0.0,0.0,0.0,0.0,0.0,0.0,0.0,0.0,0.0,0.0,0.0,0.0,0.0,0.0,0.0,0.0,0.0,0.0,0.0,0.0,0.0,0.0,0.0,0.0,0.0,0.0,0.0,0.0,0.0,0.0,0.0,0.0,0.0,0.0,0.0,0.0,0.0,0.0
0.0,0.0,0.06628167629241943,-0.10596179962158203,0.09391957521438599,-0.22426855564117432,0.08828622102737427,-0.32735317945480347,0.0712537169456482,-0.39114904403686523,0.09068083763122559,-0.26799696683883667,0.0638245940208435,-0.4253855347633362,0.043390870094299316,-0.5097916722297668,0.02689051628112793,-0.5697664618492126,0.030954957008361816,-0.26141488552093506,-0.005003154277801514,-0.39816248416900635,-0.0150529146194458,-0.34350645542144775,-0.008405327796936035,-0.28879332542419434,-0.029475927352905273,-0.24506819248199463,-0.05723726749420166,-0.35854268074035645,-0.05729269981384277,-0.309425950050354,-0.04555243253707886,-0.26460087299346924,-0.08884203433990479,-0.23396462202072144,-0.10203665494918823,-0.362770676612854,-0.10882604122161865,-0.4310520887374878,-0.11188393831253052,-0.49232161045074463,0.0,0.0,0.0,0.0,0.0,0.0,0.0,0.0,0.0,0.0,0.0,0.0,0.0,0.0,0.0,0.0,0.0,0.0,0.0,0.0,0.0,0.0,0.0,0.0,0.0,0.0,0.0,0.0,0.0,0.0,0.0,0.0,0.0,0.0,0.0,0.0,0.0,0.0,0.0,0.0,0.0,0.0
0.0,0.0,0.06327521800994873,-0.10623353719711304,0.07871419191360474,-0.21946287155151367,0.052820026874542236,-0.3074852228164673,0.016693711280822754,-0.35422801971435547,0.08847993612289429,-0.27175283432006836,0.06118929386138916,-0.4264623522758484,0.04203188419342041,-0.5113131403923035,0.026238322257995605,-0.57295823097229,0.029059767723083496,-0.2670501470565796,-0.007783949375152588,-0.40108442306518555,-0.01827770471572876,-0.34621375799179077,-0.011838257312774658,-0.2944179177284241,-0.03130459785461426,-0.24939179420471191,-0.05846595764160156,-0.3648526072502136,-0.05872917175292969,-0.3152483105659485,-0.04772186279296875,-0.27167046070098877,-0.09061288833618164,-0.23508524894714355,-0.10544770956039429,-0.3637199401855469,-0.11120951175689697,-0.43329334259033203,-0.11328262090682983,-0.49791139364242554,0.0,0.0,0.0,0.0,0.0,0.0,0.0,0.0,0.0,0.0,0.0,0.0,0.0,0.0,0.0,0.0,0.0,0.0,0.0,0.0,0.0,0.0,0.0,0.0,0.0,0.0,0.0,0.0,0.0,0.0,0.0,0.0,0.0,0.0,0.0,0.0,0.0,0.0,0.0,0.0,0.0,0.0
0.0,0.0,0.06525582075119019,-0.10590124130249023,0.09259802103042603,-0.22557711601257324,0.08941251039505005,-0.32970762252807617,0.07671797275543213,-0.3960838317871094,0.09011757373809814,-0.2711617350578308,0.061483025550842285,-0.42722105979919434,0.040291666984558105,-0.5116525292396545,0.0239943265914917,-0.5722239911556244,0.03097987174987793,-0.26367026567459106,-0.00739598274230957,-0.3987100124359131,-0.017202675342559814,-0.3443143367767334,-0.00956815481185913,-0.2897806167602539,-0.029417753219604492,-0.24615246057510376,-0.059352099895477295,-0.3600509762763977,-0.059673845767974854,-0.31047242879867554,-0.047427475452423096,-0.2653231620788574,-0.08912539482116699,-0.23391419649124146,-0.10358542203903198,-0.3623312711715698,-0.11176013946533203,-0.4306645393371582,-0.11583924293518066,-0.49222344160079956,0.0,0.0,0.0,0.0,0.0,0.0,0.0,0.0,0.0,0.0,0.0,0.0,0.0,0.0,0.0,0.0,0.0,0.0,0.0,0.0,0.0,0.0,0.0,0.0,0.0,0.0,0.0,0.0,0.0,0.0,0.0,0.0,0.0,0.0,0.0,0.0,0.0,0.0,0.0,0.0,0.0,0.0
0.0,0.0,0.06216573715209961,-0.10579729080200195,0.07410556077957153,-0.21936547756195068,0.04059213399887085,-0.30235356092453003,-0.0028616786003112793,-0.3437691926956177,0.08897221088409424,-0.27489346265792847,0.06075930595397949,-0.4288715720176697,0.041633427143096924,-0.5132492184638977,0.02618473768234253,-0.5748845636844635,0.029960930347442627,-0.26910895109176636,-0.009794116020202637,-0.4031220078468323,-0.02076822519302368,-0.3469269871711731,-0.013029873371124268,-0.2962186932563782,-0.030714035034179688,-0.2502005100250244,-0.06094694137573242,-0.3664601445198059,-0.06195157766342163,-0.31634795665740967,-0.05029153823852539,-0.2733488082885742,-0.090451180934906,-0.23455554246902466,-0.1053551435470581,-0.36459529399871826,-0.11156809329986572,-0.43395936489105225,-0.11397504806518555,-0.4988221526145935,0.0,0.0,0.0,0.0,0.0,0.0,0.0,0.0,0.0,0.0,0.0,0.0,0.0,0.0,0.0,0.0,0.0,0.0,0.0,0.0,0.0,0.0,0.0,0.0,0.0,0.0,0.0,0.0,0.0,0.0,0.0,0.0,0.0,0.0,0.0,0.0,0.0,0.0,0.0,0.0,0.0,0.0
0.0,0.0,0.06318092346191406,-0.10762864351272583,0.08727967739105225,-0.22604966163635254,0.0755385160446167,-0.32321006059646606,0.051838457584381104,-0.3818027973175049,0.08988356590270996,-0.2758064270019531,0.060591042041778564,-0.4294087290763855,0.03991532325744629,-0.5131438374519348,0.023685932159423828,-0.5732787847518921,0.031281113624572754,-0.2689341902732849,-0.008736252784729004,-0.4036511778831482,-0.01929295063018799,-0.3485976457595825,-0.011691033840179443,-0.2947334051132202,-0.029382944107055664,-0.25153905153274536,-0.059642672538757324,-0.36601006984710693,-0.06059122085571289,-0.3162962794303894,-0.04869890213012695,-0.27210307121276855,-0.08955562114715576,-0.2386823296546936,-0.10463494062423706,-0.36527353525161743,-0.11231499910354614,-0.4327685236930847,-0.11596107482910156,-0.4946575164794922,0.0,0.0,0.0,0.0,0.0,0.0,0.0,0.0,0.0,0.0,0.0,0.0,0.0,0.0,0.0,0.0,0.0,0.0,0.0,0.0,0.0,0.0,0.0,0.0,0.0,0.0,0.0,0.0,0.0,0.0,0.0,0.0,0.0,0.0,0.0,0.0,0.0,0.0,0.0,0.0,0.0,0.0
0.0,0.0,0.06042158603668213,-0.10602569580078125,0.0763477087020874,-0.21927529573440552,0.046472132205963135,-0.3050273656845093,0.006163239479064941,-0.3497321605682373,0.08892691135406494,-0.27604639530181885,0.05806112289428711,-0.4287797808647156,0.03790390491485596,-0.5120573043823242,0.022149085998535156,-0.5726324617862701,0.029162287712097168,-0.2707361578941345,-0.013113200664520264,-0.4021642804145813,-0.024695992469787598,-0.3469523787498474,-0.016955435276031494,-0.29482346773147583,-0.031881511211395264,-0.25331830978393555,-0.06481248140335083,-0.3677966594696045,-0.06674247980117798,-0.31683653593063354,-0.0545651912689209,-0.2736493945121765,-0.09174227714538574,-0.2393718957901001,-0.10629832744598389,-0.36491554975509644,-0.1139419674873352,-0.43204760551452637,-0.11769288778305054,-0.4957105219364166,0.0,0.0,0.0,0.0,0.0,0.0,0.0,0.0,0.0,0.0,0.0,0.0,0.0,0.0,0.0,0.0,0.0,0.0,0.0,0.0,0.0,0.0,0.0,0.0,0.0,0.0,0.0,0.0,0.0,0.0,0.0,0.0,0.0,0.0,0.0,0.0,0.0,0.0,0.0,0.0,0.0,0.0
0.0,0.0,0.059118568897247314,-0.10477888584136963,0.07246583700180054,-0.218195378780365,0.03667140007019043,-0.3019599914550781,-0.008146286010742188,-0.3436012268066406,0.08927935361862183,-0.2763742208480835,0.057586491107940674,-0.4304623603820801,0.0379602313041687,-0.514287918806076,0.022941231727600098,-0.5760767757892609,0.03065359592437744,-0.2720493674278259,-0.013755857944488525,-0.40485721826553345,-0.026450276374816895,-0.34852683544158936,-0.01885277032852173,-0.29596471786499023,-0.030068814754486084,-0.25531935691833496,-0.06468147039413452,-0.36952680349349976,-0.0674283504486084,-0.3170052766799927,-0.055080294609069824,-0.27312755584716797,-0.09041231870651245,-0.24216246604919434,-0.10387468338012695,-0.3669542074203491,-0.11156368255615234,-0.4328368306159973,-0.11493521928787231,-0.4962332844734192,0.0,0.0,0.0,0.0,0.0,0.0,0.0,0.0,0.0,0.0,0.0,0.0,0.0,0.0,0.0,0.0,0.0,0.0,0.0,0.0,0.0,0.0,0.0,0.0,0.0,0.0,0.0,0.0,0.0,0.0,0.0,0.0,0.0,0.0,0.0,0.0,0.0,0.0,0.0,0.0,0.0,0.0
0.0,0.0,0.059135615825653076,-0.10713398456573486,0.06991475820541382,-0.21841657161712646,0.03008711338043213,-0.29846811294555664,-0.016964375972747803,-0.336664617061615,0.0893254280090332,-0.27797067165374756,0.05779987573623657,-0.4308024048805237,0.03794682025909424,-0.5140321850776672,0.02328556776046753,-0.574382096529007,0.030253171920776367,-0.2741684913635254,-0.013742327690124512,-0.40523701906204224,-0.027728140354156494,-0.3489883542060852,-0.020152032375335693,-0.29754602909088135,-0.03044724464416504,-0.25715523958206177,-0.06510323286056519,-0.368774950504303,-0.06869137287139893,-0.31589776277542114,-0.05680704116821289,-0.2732272148132324,-0.09073799848556519,-0.2430604100227356,-0.10484355688095093,-0.36832302808761597,-0.11278069019317627,-0.4335705637931824,-0.11588644981384277,-0.49718523025512695,0.0,0.0,0.0,0.0,0.0,0.0,0.0,0.0,0.0,0.0,0.0,0.0,0.0,0.0,0.0,0.0,0.0,0.0,0.0,0.0,0.0,0.0,0.0,0.0,0.0,0.0,0.0,0.0,0.0,0.0,0.0,0.0,0.0,0.0,0.0,0.0,0.0,0.0,0.0,0.0,0.0,0.0
0.0,0.0,0.058961451053619385,-0.1070670485496521,0.07059991359710693,-0.2193371057510376,0.03174859285354614,-0.2994387745857239,-0.015065610408782959,-0.3380315899848938,0.09084081649780273,-0.2803897261619568,0.059348225593566895,-0.43274253606796265,0.03845304250717163,-0.5157811641693115,0.022479355335235596,-0.5764651596546173,0.03141385316848755,-0.27666646242141724,-0.013399600982666016,-0.40771687030792236,-0.02701026201248169,-0.3511412739753723,-0.019143104553222656,-0.29959017038345337,-0.02992558479309082,-0.2595753073692322,-0.0650244951248169,-0.3726171851158142,-0.06824970245361328,-0.3200913667678833,-0.055841922760009766,-0.27716201543807983,-0.09096288681030273,-0.24473577737808228,-0.10472482442855835,-0.37086033821105957,-0.11290848255157471,-0.4362989664077759,-0.11630111932754517,-0.49967825412750244,0.0,0.0,0.0,0.0,0.0,0.0,0.0,0.0,0.0,0.0,0.0,0.0,0.0,0.0,0.0,0.0,0.0,0.0,0.0,0.0,0.0,0.0,0.0,0.0,0.0,0.0,0.0,0.0,0.0,0.0,0.0,0.0,0.0,0.0,0.0,0.0,0.0,0.0,0.0,0.0,0.0,0.0
0.0,0.0,0.05815929174423218,-0.10853314399719238,0.06838387250900269,-0.2223280668258667,0.026750624179840088,-0.3023906946182251,-0.021958768367767334,-0.34081268310546875,0.09025794267654419,-0.2830045819282532,0.05746430158615112,-0.4356604218482971,0.03719121217727661,-0.5185008347034454,0.022432565689086914,-0.5790298581123352,0.030514955520629883,-0.2789362072944641,-0.014953076839447021,-0.40939152240753174,-0.02848339080810547,-0.3531010150909424,-0.0203549861907959,-0.3014898896217346,-0.030826687812805176,-0.2616908550262451,-0.06618183851242065,-0.3739575743675232,-0.06956422328948975,-0.3209628462791443,-0.05735296010971069,-0.27808547019958496,-0.09155499935150146,-0.24679195880889893,-0.10540252923965454,-0.3722543716430664,-0.11316567659378052,-0.43732166290283203,-0.11621540784835815,-0.5009613037109375,0.0,0.0,0.0,0.0,0.0,0.0,0.0,0.0,0.0,0.0,0.0,0.0,0.0,0.0,0.0,0.0,0.0,0.0,0.0,0.0,0.0,0.0,0.0,0.0,0.0,0.0,0.0,0.0,0.0,0.0,0.0,0.0,0.0,0.0,0.0,0.0,0.0,0.0,0.0,0.0,0.0,0.0
0.0,0.0,0.058940589427948,-0.10772979259490967,0.06852298974990845,-0.22059696912765503,0.02826523780822754,-0.3007628917694092,-0.019663631916046143,-0.3383059501647949,0.08989644050598145,-0.2807467579841614,0.058006465435028076,-0.4339638352394104,0.0379449725151062,-0.5163675248622894,0.023069024085998535,-0.5754042565822601,0.03092038631439209,-0.27654945850372314,-0.01346290111541748,-0.4067992568016052,-0.026884496212005615,-0.3520536422729492,-0.018903791904449463,-0.3019639849662781,-0.029879093170166016,-0.2596970200538635,-0.06406515836715698,-0.3722548484802246,-0.06742328405380249,-0.320090651512146,-0.05579173564910889,-0.27796393632888794,-0.0904129147529602,-0.24573254585266113,-0.10502016544342041,-0.37060749530792236,-0.11303609609603882,-0.43574559688568115,-0.11626094579696655,-0.4993513226509094,0.0,0.0,0.0,0.0,0.0,0.0,0.0,0.0,0.0,0.0,0.0,0.0,0.0,0.0,0.0,0.0,0.0,0.0,0.0,0.0,0.0,0.0,0.0,0.0,0.0,0.0,0.0,0.0,0.0,0.0,0.0,0.0,0.0,0.0,0.0,0.0,0.0,0.0,0.0,0.0,0.0,0.0
0.0,0.0,0.05895024538040161,-0.10816973447799683,0.06904178857803345,-0.224143385887146,0.02615189552307129,-0.30499720573425293,-0.023038148880004883,-0.3433852791786194,0.09095609188079834,-0.28124386072158813,0.058061301708221436,-0.43572717905044556,0.03784608840942383,-0.5187287628650665,0.022776246070861816,-0.5793505012989044,0.02962791919708252,-0.2767488360404968,-0.01230543851852417,-0.40871942043304443,-0.023986637592315674,-0.35322266817092896,-0.01592433452606201,-0.3009181022644043,-0.032102346420288086,-0.25994789600372314,-0.06324410438537598,-0.37307506799697876,-0.06506037712097168,-0.3198111653327942,-0.05313533544540405,-0.27677422761917114,-0.09241002798080444,-0.24721503257751465,-0.10575205087661743,-0.3711917996406555,-0.11280286312103271,-0.43671125173568726,-0.11580818891525269,-0.5010321736335754,0.0,0.0,0.0,0.0,0.0,0.0,0.0,0.0,0.0,0.0,0.0,0.0,0.0,0.0,0.0,0.0,0.0,0.0,0.0,0.0,0.0,0.0,0.0,0.0,0.0,0.0,0.0,0.0,0.0,0.0,0.0,0.0,0.0,0.0,0.0,0.0,0.0,0.0,0.0,0.0,0.0,0.0
0.0,0.0,0.07076776027679443,-0.10857260227203369,0.09364175796508789,-0.22932207584381104,0.08225619792938232,-0.3270898461341858,0.06401342153549194,-0.3861653804779053,0.09514033794403076,-0.27110832929611206,0.07278120517730713,-0.4331258535385132,0.0563732385635376,-0.5205890238285065,0.040722012519836426,-0.5837877094745636,0.03287774324417114,-0.2682172656059265,0.0068092942237854,-0.4083540439605713,0.0002123117446899414,-0.354282021522522,0.005208373069763184,-0.2999104857444763,-0.02772277593612671,-0.25378525257110596,-0.043273091316223145,-0.3697403073310852,-0.04105347394943237,-0.32064151763916016,-0.031682372093200684,-0.2762894034385681,-0.08650630712509155,-0.24501419067382812,-0.0965535044670105,-0.37547481060028076,-0.10108667612075806,-0.443919837474823,-0.10288381576538086,-0.5057148039340973,0.0,0.0,0.0,0.0,0.0,0.0,0.0,0.0,0.0,0.0,0.0,0.0,0.0,0.0,0.0,0.0,0.0,0.0,0.0,0.0,0.0,0.0,0.0,0.0,0.0,0.0,0.0,0.0,0.0,0.0,0.0,0.0,0.0,0.0,0.0,0.0,0.0,0.0,0.0,0.0,0.0,0.0
0.0,0.0,0.07265967130661011,-0.10842198133468628,0.09814959764480591,-0.23306983709335327,0.09258604049682617,-0.3362134099006653,0.07900398969650269,-0.3990633487701416,0.09664046764373779,-0.2704099416732788,0.07642346620559692,-0.4323265552520752,0.06086665391921997,-0.520787924528122,0.04516315460205078,-0.5853045880794525,0.03327643871307373,-0.26810795068740845,0.01031351089477539,-0.40882402658462524,0.004543602466583252,-0.3560771346092224,0.00875622034072876,-0.3015453815460205,-0.027707159519195557,-0.2538120150566101,-0.03884798288345337,-0.37069010734558105,-0.035919368267059326,-0.32379430532455444,-0.027657628059387207,-0.2801724672317505,-0.08657294511795044,-0.2450796365737915,-0.09527307748794556,-0.3779100775718689,-0.09889370203018188,-0.44633424282073975,-0.09963655471801758,-0.5072073638439178,0.0,0.0,0.0,0.0,0.0,0.0,0.0,0.0,0.0,0.0,0.0,0.0,0.0,0.0,0.0,0.0,0.0,0.0,0.0,0.0,0.0,0.0,0.0,0.0,0.0,0.0,0.0,0.0,0.0,0.0,0.0,0.0,0.0,0.0,0.0,0.0,0.0,0.0,0.0,0.0,0.0,0.0
0.0,0.0,0.07391393184661865,-0.10667997598648071,0.10225522518157959,-0.22960573434829712,0.10157269239425659,-0.33486753702163696,0.09165942668914795,-0.4002709984779358,0.09812545776367188,-0.2689565420150757,0.07967424392700195,-0.4315935969352722,0.06450515985488892,-0.5200166702270508,0.04861193895339966,-0.5852991044521332,0.034576475620269775,-0.26855969429016113,0.01371687650680542,-0.4099010229110718,0.008033692836761475,-0.355743944644928,0.011998176574707031,-0.3019298315048218,-0.026380300521850586,-0.2553277611732483,-0.03638160228729248,-0.3708608150482178,-0.03371983766555786,-0.3232250213623047,-0.026197433471679688,-0.2797541618347168,-0.08496570587158203,-0.2469782829284668,-0.09195631742477417,-0.3789854645729065,-0.09557545185089111,-0.44701576232910156,-0.09696602821350098,-0.5079180002212524,0.0,0.0,0.0,0.0,0.0,0.0,0.0,0.0,0.0,0.0,0.0,0.0,0.0,0.0,0.0,0.0,0.0,0.0,0.0,0.0,0.0,0.0,0.0,0.0,0.0,0.0,0.0,0.0,0.0,0.0,0.0,0.0,0.0,0.0,0.0,0.0,0.0,0.0,0.0,0.0,0.0,0.0
0.0,0.0,0.0748332142829895,-0.10710263252258301,0.10549426078796387,-0.23134952783584595,0.1105489730834961,-0.337221622467041,0.10695451498031616,-0.4069613814353943,0.09714341163635254,-0.27171963453292847,0.07890599966049194,-0.433391273021698,0.06576138734817505,-0.5213446319103241,0.0519070029258728,-0.586588978767395,0.03286540508270264,-0.27038806676864624,0.01719796657562256,-0.41008031368255615,0.013905107975006104,-0.3597511053085327,0.017583250999450684,-0.3060770630836487,-0.02799743413925171,-0.256364643573761,-0.032212257385253906,-0.3707374334335327,-0.030301392078399658,-0.32498419284820557,-0.02507925033569336,-0.28309863805770874,-0.08604401350021362,-0.24709773063659668,-0.09371691942214966,-0.3804780840873718,-0.09644144773483276,-0.44893431663513184,-0.0973440408706665,-0.5099310874938965,0.0,0.0,0.0,0.0,0.0,0.0,0.0,0.0,0.0,0.0,0.0,0.0,0.0,0.0,0.0,0.0,0.0,0.0,0.0,0.0,0.0,0.0,0.0,0.0,0.0,0.0,0.0,0.0,0.0,0.0,0.0,0.0,0.0,0.0,0.0,0.0,0.0,0.0,0.0,0.0,0.0,0.0
0.0,0.0,0.07595503330230713,-0.10520511865615845,0.10720807313919067,-0.22822433710098267,0.11273646354675293,-0.3354869484901428,0.1113046407699585,-0.40685325860977173,0.09866195917129517,-0.26665812730789185,0.08052730560302734,-0.42980533838272095,0.06829667091369629,-0.5191269218921661,0.055374860763549805,-0.5853712260723114,0.034143269062042236,-0.26565438508987427,0.020329833030700684,-0.40797561407089233,0.017262756824493408,-0.35705065727233887,0.020638346672058105,-0.30303049087524414,-0.026490509510040283,-0.25205159187316895,-0.0300101637840271,-0.3689950704574585,-0.028506875038146973,-0.32232677936553955,-0.02361905574798584,-0.27935492992401123,-0.08432281017303467,-0.24371474981307983,-0.09138500690460205,-0.37738847732543945,-0.09304440021514893,-0.4464271068572998,-0.09277379512786865,-0.5076175332069397,0.0,0.0,0.0,0.0,0.0,0.0,0.0,0.0,0.0,0.0,0.0,0.0,0.0,0.0,0.0,0.0,0.0,0.0,0.0,0.0,0.0,0.0,0.0,0.0,0.0,0.0,0.0,0.0,0.0,0.0,0.0,0.0,0.0,0.0,0.0,0.0,0.0,0.0,0.0,0.0,0.0,0.0
0.0,0.0,0.07725590467453003,-0.10650956630706787,0.10734766721725464,-0.22750526666641235,0.11132901906967163,-0.33188819885253906,0.10600769519805908,-0.40030163526535034,0.0996241569519043,-0.2665213942527771,0.08286774158477783,-0.42967259883880615,0.0711936354637146,-0.5185825228691101,0.05796253681182861,-0.5839426815509796,0.03474384546279907,-0.2678644061088562,0.022169053554534912,-0.4095414876937866,0.020117759704589844,-0.3598029613494873,0.023591458797454834,-0.3070264458656311,-0.025750398635864258,-0.2550235986709595,-0.02760148048400879,-0.36949288845062256,-0.02496880292892456,-0.32331353425979614,-0.020580530166625977,-0.2818028926849365,-0.08340185880661011,-0.2460501790046692,-0.08979642391204834,-0.38060784339904785,-0.09182107448577881,-0.4474976360797882,-0.09248483180999756,-0.5076757669448853,0.0,0.0,0.0,0.0,0.0,0.0,0.0,0.0,0.0,0.0,0.0,0.0,0.0,0.0,0.0,0.0,0.0,0.0,0.0,0.0,0.0,0.0,0.0,0.0,0.0,0.0,0.0,0.0,0.0,0.0,0.0,0.0,0.0,0.0,0.0,0.0,0.0,0.0,0.0,0.0,0.0,0.0
0.0,0.0,0.07744038105010986,-0.1069604754447937,0.10727077722549438,-0.229655921459198,0.1101270318031311,-0.3345298171043396,0.10352468490600586,-0.40283745527267456,0.09871155023574829,-0.2684967517852783,0.08379167318344116,-0.4323884844779968,0.07249277830123901,-0.5214370787143707,0.05905646085739136,-0.5867012143135071,0.03283947706222534,-0.2705121636390686,0.022875666618347168,-0.41121113300323486,0.022394239902496338,-0.3629862070083618,0.025723278522491455,-0.3103991746902466,-0.027499794960021973,-0.25778907537460327,-0.026739299297332764,-0.3722125291824341,-0.02297830581665039,-0.3267837166786194,-0.018845975399017334,-0.2857149839401245,-0.08458918333053589,-0.2483307123184204,-0.09015077352523804,-0.3819901943206787,-0.09147787094116211,-0.4490543603897095,-0.09197783470153809,-0.509198784828186,0.0,0.0,0.0,0.0,0.0,0.0,0.0,0.0,0.0,0.0,0.0,0.0,0.0,0.0,0.0,0.0,0.0,0.0,0.0,0.0,0.0,0.0,0.0,0.0,0.0,0.0,0.0,0.0,0.0,0.0,0.0,0.0,0.0,0.0,0.0,0.0,0.0,0.0,0.0,0.0,0.0,0.0
0.0,0.0,0.0776548981666565,-0.10549122095108032,0.1077735424041748,-0.22837668657302856,0.11034351587295532,-0.3334980010986328,0.10350996255874634,-0.40181589126586914,0.09864896535873413,-0.2658146023750305,0.08557093143463135,-0.4293081760406494,0.07321912050247192,-0.517828643321991,0.05839383602142334,-0.5832296907901764,0.03276407718658447,-0.26698970794677734,0.024006426334381104,-0.40618443489074707,0.02352529764175415,-0.3572571873664856,0.0270845890045166,-0.30464786291122437,-0.027600526809692383,-0.2547105550765991,-0.025471389293670654,-0.3686882257461548,-0.021310865879058838,-0.32285261154174805,-0.01681584119796753,-0.2809184789657593,-0.084278404712677,-0.24653500318527222,-0.08873748779296875,-0.3781691789627075,-0.08965778350830078,-0.44546228647232056,-0.08990341424942017,-0.5056582093238831,0.0,0.0,0.0,0.0,0.0,0.0,0.0,0.0,0.0,0.0,0.0,0.0,0.0,0.0,0.0,0.0,0.0,0.0,0.0,0.0,0.0,0.0,0.0,0.0,0.0,0.0,0.0,0.0,0.0,0.0,0.0,0.0,0.0,0.0,0.0,0.0,0.0,0.0,0.0,0.0,0.0,0.0
0.0,0.0,0.08088290691375732,-0.10132718086242676,0.11303210258483887,-0.22219717502593994,0.1147497296333313,-0.32510852813720703,0.10203224420547485,-0.3912266492843628,0.10171717405319214,-0.25799936056137085,0.09245961904525757,-0.424088716506958,0.0814063549041748,-0.5119616389274597,0.06635677814483643,-0.5760509669780731,0.0354345440864563,-0.2616952657699585,0.030656397342681885,-0.3996988534927368,0.03107672929763794,-0.3524234890937805,0.03451430797576904,-0.30132973194122314,-0.024822235107421875,-0.25127094984054565,-0.01802384853363037,-0.3630642890930176,-0.014241516590118408,-0.3173845410346985,-0.010969877243041992,-0.27689939737319946,-0.08069688081741333,-0.2442219853401184,-0.0832064151763916,-0.3750693202018738,-0.08403116464614868,-0.44101518392562866,-0.08419311046600342,-0.4997016489505768,0.0,0.0,0.0,0.0,0.0,0.0,0.0,0.0,0.0,0.0,0.0,0.0,0.0,0.0,0.0,0.0,0.0,0.0,0.0,0.0,0.0,0.0,0.0,0.0,0.0,0.0,0.0,0.0,0.0,0.0,0.0,0.0,0.0,0.0,0.0,0.0,0.0,0.0,0.0,0.0,0.0,0.0
0.0,0.0,0.0800856351852417,-0.10462701320648193,0.1102030873298645,-0.22621214389801025,0.11039316654205322,-0.3283633589744568,0.09569215774536133,-0.3946279287338257,0.10339486598968506,-0.26558709144592285,0.0928335189819336,-0.42986321449279785,0.08195066452026367,-0.5186553597450256,0.06807959079742432,-0.5850642323493958,0.03782987594604492,-0.2699365019798279,0.030512213706970215,-0.4086120128631592,0.029198944568634033,-0.36104774475097656,0.032357871532440186,-0.3090904951095581,-0.02289479970932007,-0.25912970304489136,-0.018400967121124268,-0.3722112774848938,-0.014318287372589111,-0.3289218544960022,-0.010550260543823242,-0.28857821226119995,-0.07983118295669556,-0.2508190870285034,-0.08200240135192871,-0.38379359245300293,-0.08352482318878174,-0.45038890838623047,-0.08482217788696289,-0.5096634328365326,0.0,0.0,0.0,0.0,0.0,0.0,0.0,0.0,0.0,0.0,0.0,0.0,0.0,0.0,0.0,0.0,0.0,0.0,0.0,0.0,0.0,0.0,0.0,0.0,0.0,0.0,0.0,0.0,0.0,0.0,0.0,0.0,0.0,0.0,0.0,0.0,0.0,0.0,0.0,0.0,0.0,0.0
0.0,0.0,0.07898193597793579,-0.1076933741569519,0.10769599676132202,-0.23055070638656616,0.10776299238204956,-0.3322375416755676,0.0971214771270752,-0.3977563977241516,0.10140669345855713,-0.2707362771034241,0.09027546644210815,-0.4343668222427368,0.0801781415939331,-0.5236990451812744,0.0667487382888794,-0.5896467566490173,0.034836411476135254,-0.2747962474822998,0.027857542037963867,-0.41296207904815674,0.0275576114654541,-0.3645298480987549,0.030434489250183105,-0.31230729818344116,-0.02588564157485962,-0.2626253366470337,-0.021557211875915527,-0.37499386072158813,-0.017924785614013672,-0.3286086916923523,-0.014851093292236328,-0.28800225257873535,-0.08277374505996704,-0.25284290313720703,-0.08714914321899414,-0.38589024543762207,-0.08779507875442505,-0.4521518349647522,-0.08790606260299683,-0.511996328830719,0.0,0.0,0.0,0.0,0.0,0.0,0.0,0.0,0.0,0.0,0.0,0.0,0.0,0.0,0.0,0.0,0.0,0.0,0.0,0.0,0.0,0.0,0.0,0.0,0.0,0.0,0.0,0.0,0.0,0.0,0.0,0.0,0.0,0.0,0.0,0.0,0.0,0.0,0.0,0.0,0.0,0.0
0.0,0.0,0.07725650072097778,-0.10806167125701904,0.10586214065551758,-0.2310970425605774,0.10202306509017944,-0.3304216265678406,0.08399921655654907,-0.3931053876876831,0.10138320922851562,-0.2717030644416809,0.09182465076446533,-0.4380708336830139,0.0806611180305481,-0.5272406935691833,0.06585818529129028,-0.592441976070404,0.03531736135482788,-0.27494561672210693,0.027457356452941895,-0.41401761770248413,0.026062607765197754,-0.3650156259536743,0.029471397399902344,-0.3137340545654297,-0.02589094638824463,-0.2632611393928528,-0.022860169410705566,-0.3770166039466858,-0.019763469696044922,-0.33013367652893066,-0.015773117542266846,-0.28892290592193604,-0.0829315185546875,-0.25499141216278076,-0.08750694990158081,-0.38864630460739136,-0.08859890699386597,-0.4562355875968933,-0.08848148584365845,-0.5160985291004181,0.0,0.0,0.0,0.0,0.0,0.0,0.0,0.0,0.0,0.0,0.0,0.0,0.0,0.0,0.0,0.0,0.0,0.0,0.0,0.0,0.0,0.0,0.0,0.0,0.0,0.0,0.0,0.0,0.0,0.0,0.0,0.0,0.0,0.0,0.0,0.0,0.0,0.0,0.0,0.0,0.0,0.0
0.0,0.0,0.07892358303070068,-0.1096487045288086,0.10621398687362671,-0.233392596244812,0.10015958547592163,-0.33121752738952637,0.07998448610305786,-0.39141762256622314,0.10261750221252441,-0.27408117055892944,0.09420645236968994,-0.4391774535179138,0.08325314521789551,-0.5286600291728973,0.06848335266113281,-0.5949870347976685,0.03647446632385254,-0.2777770161628723,0.029033184051513672,-0.41489648818969727,0.027639687061309814,-0.3648683428764343,0.03136932849884033,-0.3146902918815613,-0.024623632431030273,-0.26613926887512207,-0.020055174827575684,-0.3796408772468567,-0.016525864601135254,-0.33330440521240234,-0.01260608434677124,-0.2919093370437622,-0.08127611875534058,-0.25791484117507935,-0.08532392978668213,-0.3923611640930176,-0.0870862603187561,-0.45912206172943115,-0.0877150297164917,-0.5178200602531433,0.0,0.0,0.0,0.0,0.0,0.0,0.0,0.0,0.0,0.0,0.0,0.0,0.0,0.0,0.0,0.0,0.0,0.0,0.0,0.0,0.0,0.0,0.0,0.0,0.0,0.0,0.0,0.0,0.0,0.0,0.0,0.0,0.0,0.0,0.0,0.0,0.0,0.0,0.0,0.0,0.0,0.0
0.0,0.0,0.07777488231658936,-0.10895580053329468,0.10605382919311523,-0.2313683032989502,0.10179978609085083,-0.3293275833129883,0.08320218324661255,-0.39035117626190186,0.10255950689315796,-0.2722843289375305,0.09306323528289795,-0.4377133250236511,0.08206039667129517,-0.5274864733219147,0.06739860773086548,-0.594446063041687,0.03674107789993286,-0.2764129042625427,0.028398215770721436,-0.4146203398704529,0.026350736618041992,-0.36422914266586304,0.030072808265686035,-0.31380313634872437,-0.02462834119796753,-0.26508522033691406,-0.021003782749176025,-0.37910979986190796,-0.01870405673980713,-0.3325914740562439,-0.014966368675231934,-0.291170597076416,-0.08159315586090088,-0.256730854511261,-0.08630639314651489,-0.39249128103256226,-0.08851933479309082,-0.45910537242889404,-0.08900421857833862,-0.5169985890388489,0.0,0.0,0.0,0.0,0.0,0.0,0.0,0.0,0.0,0.0,0.0,0.0,0.0,0.0,0.0,0.0,0.0,0.0,0.0,0.0,0.0,0.0,0.0,0.0,0.0,0.0,0.0,0.0,0.0,0.0,0.0,0.0,0.0,0.0,0.0,0.0,0.0,0.0,0.0,0.0,0.0,0.0
0.0,0.0,0.07829886674880981,-0.10796976089477539,0.10715335607528687,-0.23008233308792114,0.10602998733520508,-0.3303989768028259,0.08886349201202393,-0.39364057779312134,0.10306429862976074,-0.27273398637771606,0.09320241212844849,-0.438379168510437,0.08256828784942627,-0.5281889140605927,0.06838184595108032,-0.5950302481651306,0.03767269849777222,-0.27654361724853516,0.028695642948150635,-0.41390109062194824,0.0263785719871521,-0.3631734848022461,0.030099093914031982,-0.3124149441719055,-0.023683667182922363,-0.2648398280143738,-0.02029496431350708,-0.3783618211746216,-0.017562389373779297,-0.3321526050567627,-0.013468503952026367,-0.29039835929870605,-0.08094948530197144,-0.2561056613922119,-0.08515053987503052,-0.39085811376571655,-0.08787763118743896,-0.45781058073043823,-0.08883333206176758,-0.5163713693618774,0.0,0.0,0.0,0.0,0.0,0.0,0.0,0.0,0.0,0.0,0.0,0.0,0.0,0.0,0.0,0.0,0.0,0.0,0.0,0.0,0.0,0.0,0.0,0.0,0.0,0.0,0.0,0.0,0.0,0.0,0.0,0.0,0.0,0.0,0.0,0.0,0.0,0.0,0.0,0.0,0.0,0.0
0.0,0.0,0.07660788297653198,-0.11031317710876465,0.1053844690322876,-0.23255717754364014,0.10464823246002197,-0.33240199089050293,0.08791112899780273,-0.39642947912216187,0.10145974159240723,-0.27588820457458496,0.0914074182510376,-0.43871748447418213,0.08069854974746704,-0.5275907516479492,0.06721758842468262,-0.5950281023979187,0.0368693470954895,-0.2794817090034485,0.027375996112823486,-0.41422802209854126,0.024511754512786865,-0.36503010988235474,0.028453290462493896,-0.3157197833061218,-0.02439141273498535,-0.2676454186439514,-0.021249890327453613,-0.3789988160133362,-0.01898205280303955,-0.33429092168807983,-0.014852464199066162,-0.29378342628479004,-0.08168715238571167,-0.25887858867645264,-0.08590960502624512,-0.39315617084503174,-0.08897733688354492,-0.4595829248428345,-0.08965486288070679,-0.5173388123512268,0.0,0.0,0.0,0.0,0.0,0.0,0.0,0.0,0.0,0.0,0.0,0.0,0.0,0.0,0.0,0.0,0.0,0.0,0.0,0.0,0.0,0.0,0.0,0.0,0.0,0.0,0.0,0.0,0.0,0.0,0.0,0.0,0.0,0.0,0.0,0.0,0.0,0.0,0.0,0.0,0.0,0.0
0.0,0.0,0.07612580060958862,-0.10964131355285645,0.10514307022094727,-0.2335682511329651,0.10144394636154175,-0.3324287533760071,0.08095932006835938,-0.39358431100845337,0.10252594947814941,-0.27518242597579956,0.09316813945770264,-0.4410134553909302,0.08183389902114868,-0.53029465675354,0.06732642650604248,-0.5974873006343842,0.03704535961151123,-0.27857285737991333,0.026552200317382812,-0.41627752780914307,0.022664546966552734,-0.36478281021118164,0.026272177696228027,-0.31431567668914795,-0.02486121654510498,-0.26706504821777344,-0.022454023361206055,-0.3814048171043396,-0.02054351568222046,-0.33436697721481323,-0.016216635704040527,-0.29260915517807007,-0.08257639408111572,-0.2588517665863037,-0.08690309524536133,-0.39406800270080566,-0.08960825204849243,-0.4609823226928711,-0.09010952711105347,-0.5198110342025757,0.0,0.0,0.0,0.0,0.0,0.0,0.0,0.0,0.0,0.0,0.0,0.0,0.0,0.0,0.0,0.0,0.0,0.0,0.0,0.0,0.0,0.0,0.0,0.0,0.0,0.0,0.0,0.0,0.0,0.0,0.0,0.0,0.0,0.0,0.0,0.0,0.0,0.0,0.0,0.0,0.0,0.0
0.0,0.0,0.07646578550338745,-0.11070150136947632,0.10622233152389526,-0.23237556219100952,0.10599130392074585,-0.3318389654159546,0.08901000022888184,-0.3959643840789795,0.10297960042953491,-0.2737342119216919,0.09363687038421631,-0.4395179748535156,0.08288335800170898,-0.5290552973747253,0.06912863254547119,-0.5959202945232391,0.038009583950042725,-0.2771276831626892,0.026660144329071045,-0.414090633392334,0.02174699306488037,-0.36189401149749756,0.02532327175140381,-0.3113267421722412,-0.023930251598358154,-0.2653990387916565,-0.02224147319793701,-0.37829136848449707,-0.020984649658203125,-0.33153748512268066,-0.016466259956359863,-0.2902407646179199,-0.08182430267333984,-0.25654536485671997,-0.08639729022979736,-0.39181768894195557,-0.08930933475494385,-0.4587479829788208,-0.08964133262634277,-0.5172978341579437,0.0,0.0,0.0,0.0,0.0,0.0,0.0,0.0,0.0,0.0,0.0,0.0,0.0,0.0,0.0,0.0,0.0,0.0,0.0,0.0,0.0,0.0,0.0,0.0,0.0,0.0,0.0,0.0,0.0,0.0,0.0,0.0,0.0,0.0,0.0,0.0,0.0,0.0,0.0,0.0,0.0,0.0
0.0,0.0,0.07691961526870728,-0.10978984832763672,0.10857689380645752,-0.23368066549301147,0.11205697059631348,-0.3358832001686096,0.09971541166305542,-0.40197616815567017,0.10284918546676636,-0.2750731110572815,0.09352940320968628,-0.43885576725006104,0.08295857906341553,-0.5279478430747986,0.06956696510314941,-0.5953145027160645,0.03816795349121094,-0.2781341075897217,0.027594566345214844,-0.4138946533203125,0.023494362831115723,-0.3628350496292114,0.027147650718688965,-0.31215089559555054,-0.02355879545211792,-0.2664949893951416,-0.021703362464904785,-0.3780374526977539,-0.019993901252746582,-0.3326150178909302,-0.0153886079788208,-0.2914423942565918,-0.08135998249053955,-0.2581639289855957,-0.08542454242706299,-0.39224469661712646,-0.08828341960906982,-0.45942357182502747,-0.08891820907592773,-0.5179829597473145,0.0,0.0,0.0,0.0,0.0,0.0,0.0,0.0,0.0,0.0,0.0,0.0,0.0,0.0,0.0,0.0,0.0,0.0,0.0,0.0,0.0,0.0,0.0,0.0,0.0,0.0,0.0,0.0,0.0,0.0,0.0,0.0,0.0,0.0,0.0,0.0,0.0,0.0,0.0,0.0,0.0,0.0
0.0,0.0,0.07683825492858887,-0.10822117328643799,0.11062192916870117,-0.235848069190979,0.11999833583831787,-0.34421366453170776,0.1181715726852417,-0.416256308555603,0.10399097204208374,-0.2741718888282776,0.09332656860351562,-0.43766671419143677,0.08241945505142212,-0.5262909233570099,0.06880706548690796,-0.5930701494216919,0.03926116228103638,-0.2753438353538513,0.027032971382141113,-0.4122049808502197,0.022541046142578125,-0.36029404401779175,0.025863826274871826,-0.3078961968421936,-0.02271479368209839,-0.26284950971603394,-0.02293187379837036,-0.376401424407959,-0.021465659141540527,-0.32974815368652344,-0.016656219959259033,-0.2872160077095032,-0.08097666501998901,-0.25373584032058716,-0.08559584617614746,-0.3870128393173218,-0.08770179748535156,-0.45541441440582275,-0.08784466981887817,-0.5160683989524841,0.0,0.0,0.0,0.0,0.0,0.0,0.0,0.0,0.0,0.0,0.0,0.0,0.0,0.0,0.0,0.0,0.0,0.0,0.0,0.0,0.0,0.0,0.0,0.0,0.0,0.0,0.0,0.0,0.0,0.0,0.0,0.0,0.0,0.0,0.0,0.0,0.0,0.0,0.0,0.0,0.0,0.0
0.0,0.0,0.07616448402404785,-0.10934972763061523,0.10811543464660645,-0.23501145839691162,0.11079239845275879,-0.33925145864486694,0.10255199670791626,-0.40624284744262695,0.10308593511581421,-0.2757570743560791,0.0914275050163269,-0.4392646551132202,0.08050042390823364,-0.5278414487838745,0.06775760650634766,-0.5936654508113861,0.0372847318649292,-0.2768288850784302,0.02541714906692505,-0.4149131178855896,0.020542919635772705,-0.36278975009918213,0.023111462593078613,-0.30865442752838135,-0.024612367153167725,-0.2635817527770996,-0.025212407112121582,-0.37792736291885376,-0.023701190948486328,-0.3306747078895569,-0.019129812717437744,-0.2882801294326782,-0.08287745714187622,-0.25329846143722534,-0.08888769149780273,-0.386758029460907,-0.08996981382369995,-0.4563571810722351,-0.08918309211730957,-0.5176829695701599,0.0,0.0,0.0,0.0,0.0,0.0,0.0,0.0,0.0,0.0,0.0,0.0,0.0,0.0,0.0,0.0,0.0,0.0,0.0,0.0,0.0,0.0,0.0,0.0,0.0,0.0,0.0,0.0,0.0,0.0,0.0,0.0,0.0,0.0,0.0,0.0,0.0,0.0,0.0,0.0,0.0,0.0
0.0,0.0,0.07771140336990356,-0.10854047536849976,0.11138683557510376,-0.23752325773239136,0.12267959117889404,-0.34763962030410767,0.13048893213272095,-0.4199504852294922,0.10563701391220093,-0.2727564573287964,0.09384429454803467,-0.4358157515525818,0.08265656232833862,-0.5247930586338043,0.06906670331954956,-0.5922586023807526,0.04075431823730469,-0.2732570171356201,0.027226150035858154,-0.4124833345413208,0.022561967372894287,-0.35889703035354614,0.02623915672302246,-0.30542975664138794,-0.021356523036956787,-0.26042115688323975,-0.02340477705001831,-0.3754628896713257,-0.022011101245880127,-0.3276851773262024,-0.016773521900177002,-0.28429311513900757,-0.08022838830947876,-0.2516297698020935,-0.0850597620010376,-0.38479042053222656,-0.08723139762878418,-0.453632116317749,-0.08766931295394897,-0.5155616998672485,0.0,0.0,0.0,0.0,0.0,0.0,0.0,0.0,0.0,0.0,0.0,0.0,0.0,0.0,0.0,0.0,0.0,0.0,0.0,0.0,0.0,0.0,0.0,0.0,0.0,0.0,0.0,0.0,0.0,0.0,0.0,0.0,0.0,0.0,0.0,0.0,0.0,0.0,0.0,0.0,0.0,0.0
0.0,0.0,0.07686460018157959,-0.11036133766174316,0.10736417770385742,-0.236422598361969,0.10971087217330933,-0.3402998447418213,0.09924447536468506,-0.407828688621521,0.1022113561630249,-0.27573055028915405,0.08917754888534546,-0.4377351403236389,0.07816463708877563,-0.5257442891597748,0.0657396912574768,-0.5912780165672302,0.035979628562927246,-0.27643805742263794,0.02437645196914673,-0.4146285057067871,0.02086317539215088,-0.3637046217918396,0.023928344249725342,-0.3096451759338379,-0.025954067707061768,-0.26265865564346313,-0.026141881942749023,-0.37639087438583374,-0.02342897653579712,-0.33023548126220703,-0.018533706665039062,-0.2881871461868286,-0.08392161130905151,-0.2519630789756775,-0.09063571691513062,-0.3869534134864807,-0.0919235348701477,-0.4569287598133087,-0.09151023626327515,-0.5188325643539429,0.0,0.0,0.0,0.0,0.0,0.0,0.0,0.0,0.0,0.0,0.0,0.0,0.0,0.0,0.0,0.0,0.0,0.0,0.0,0.0,0.0,0.0,0.0,0.0,0.0,0.0,0.0,0.0,0.0,0.0,0.0,0.0,0.0,0.0,0.0,0.0,0.0,0.0,0.0,0.0,0.0,0.0
0.0,0.0,0.07763725519180298,-0.10838019847869873,0.10862928628921509,-0.2305261492729187,0.11143404245376587,-0.3331550359725952,0.09952294826507568,-0.3990247845649719,0.104378342628479,-0.2732418179512024,0.09305185079574585,-0.4388669729232788,0.08093458414077759,-0.5282571613788605,0.0662611722946167,-0.5950118601322174,0.039923906326293945,-0.2756395936012268,0.025848746299743652,-0.41451531648635864,0.02043682336807251,-0.3616495728492737,0.02411550283432007,-0.3093692660331726,-0.02226853370666504,-0.26363569498062134,-0.0247533917427063,-0.3776516914367676,-0.023609817028045654,-0.3305548429489136,-0.01835566759109497,-0.2881869673728943,-0.08105969429016113,-0.25491321086883545,-0.08545506000518799,-0.3899284601211548,-0.08876609802246094,-0.4580655097961426,-0.08953857421875,-0.5182173252105713,0.0,0.0,0.0,0.0,0.0,0.0,0.0,0.0,0.0,0.0,0.0,0.0,0.0,0.0,0.0,0.0,0.0,0.0,0.0,0.0,0.0,0.0,0.0,0.0,0.0,0.0,0.0,0.0,0.0,0.0,0.0,0.0,0.0,0.0,0.0,0.0,0.0,0.0,0.0,0.0,0.0,0.0
0.0,0.0,0.07659101486206055,-0.11014950275421143,0.10837912559509277,-0.2340506911277771,0.11319124698638916,-0.3397114872932434,0.10574567317962646,-0.4086088538169861,0.10266226530075073,-0.2749166488647461,0.08939772844314575,-0.4380147457122803,0.0778510570526123,-0.5258589386940002,0.06498569250106812,-0.5911046862602234,0.03736305236816406,-0.2760717272758484,0.02301996946334839,-0.4134927988052368,0.017485499382019043,-0.36068087816238403,0.020457029342651367,-0.30703043937683105,-0.024937450885772705,-0.26285791397094727,-0.028384625911712646,-0.3769041895866394,-0.02664262056350708,-0.33014577627182007,-0.020904600620269775,-0.2872110605239868,-0.08362168073654175,-0.2524171471595764,-0.08892852067947388,-0.38638395071029663,-0.0906606912612915,-0.45592647790908813,-0.09080445766448975,-0.5174757838249207,0.0,0.0,0.0,0.0,0.0,0.0,0.0,0.0,0.0,0.0,0.0,0.0,0.0,0.0,0.0,0.0,0.0,0.0,0.0,0.0,0.0,0.0,0.0,0.0,0.0,0.0,0.0,0.0,0.0,0.0,0.0,0.0,0.0,0.0,0.0,0.0,0.0,0.0,0.0,0.0,0.0,0.0
0.0,0.0,0.07680469751358032,-0.10915911197662354,0.11033117771148682,-0.23713016510009766,0.1193532943725586,-0.34607094526290894,0.12097740173339844,-0.4171079397201538,0.10358923673629761,-0.2739523649215698,0.09141343832015991,-0.4371926784515381,0.07964593172073364,-0.5257515907287598,0.06571424007415771,-0.5920995771884918,0.038240671157836914,-0.27419811487197876,0.02441227436065674,-0.41340750455856323,0.019982576370239258,-0.36089110374450684,0.023397326469421387,-0.3073403239250183,-0.023690462112426758,-0.26067209243774414,-0.025875210762023926,-0.37629789113998413,-0.02417623996734619,-0.3291386365890503,-0.01908320188522339,-0.2864023447036743,-0.08203125,-0.25096094608306885,-0.08785110712051392,-0.3843836784362793,-0.09041178226470947,-0.45343881845474243,-0.09142619371414185,-0.5154499411582947,0.0,0.0,0.0,0.0,0.0,0.0,0.0,0.0,0.0,0.0,0.0,0.0,0.0,0.0,0.0,0.0,0.0,0.0,0.0,0.0,0.0,0.0,0.0,0.0,0.0,0.0,0.0,0.0,0.0,0.0,0.0,0.0,0.0,0.0,0.0,0.0,0.0,0.0,0.0,0.0,0.0,0.0
0.0,0.0,0.07648110389709473,-0.10868042707443237,0.10891491174697876,-0.23438173532485962,0.1151576042175293,-0.3410748243331909,0.11038893461227417,-0.4115152359008789,0.10331058502197266,-0.2718973755836487,0.0903940200805664,-0.43372344970703125,0.07933896780014038,-0.5212352275848389,0.06666553020477295,-0.5865631103515625,0.038565635681152344,-0.2714172601699829,0.023156702518463135,-0.40903210639953613,0.01794147491455078,-0.35662734508514404,0.02137082815170288,-0.30309683084487915,-0.023389577865600586,-0.25749099254608154,-0.028049230575561523,-0.3716704845428467,-0.026165425777435303,-0.325495183467865,-0.020031273365020752,-0.28311794996261597,-0.08171695470809937,-0.24725371599197388,-0.08851426839828491,-0.3807753324508667,-0.09063196182250977,-0.4504687786102295,-0.09109741449356079,-0.5122365653514862,0.0,0.0,0.0,0.0,0.0,0.0,0.0,0.0,0.0,0.0,0.0,0.0,0.0,0.0,0.0,0.0,0.0,0.0,0.0,0.0,0.0,0.0,0.0,0.0,0.0,0.0,0.0,0.0,0.0,0.0,0.0,0.0,0.0,0.0,0.0,0.0,0.0,0.0,0.0,0.0,0.0,0.0
0.0,0.0,0.07661789655685425,-0.10848581790924072,0.11068224906921387,-0.23760831356048584,0.12162142992019653,-0.34785401821136475,0.1252819299697876,-0.42152273654937744,0.10528910160064697,-0.27359145879745483,0.09192180633544922,-0.43570685386657715,0.0797387957572937,-0.5232544243335724,0.06568551063537598,-0.5890990793704987,0.04082691669464111,-0.27224570512771606,0.024030208587646484,-0.4100748300552368,0.017990291118621826,-0.3554072380065918,0.021434903144836426,-0.3015633225440979,-0.021900057792663574,-0.25793665647506714,-0.028001785278320312,-0.37075281143188477,-0.026143431663513184,-0.3236593008041382,-0.019391417503356934,-0.28042417764663696,-0.08143508434295654,-0.24754619598388672,-0.08807849884033203,-0.3823777437210083,-0.0901690125465393,-0.4524335265159607,-0.09023851156234741,-0.5145430564880371,0.0,0.0,0.0,0.0,0.0,0.0,0.0,0.0,0.0,0.0,0.0,0.0,0.0,0.0,0.0,0.0,0.0,0.0,0.0,0.0,0.0,0.0,0.0,0.0,0.0,0.0,0.0,0.0,0.0,0.0,0.0,0.0,0.0,0.0,0.0,0.0,0.0,0.0,0.0,0.0,0.0,0.0
0.0,0.0,0.07600563764572144,-0.11127674579620361,0.10470372438430786,-0.2336747646331787,0.10254812240600586,-0.3334508538246155,0.08574312925338745,-0.3965449333190918,0.1043655276298523,-0.2775656580924988,0.08966267108917236,-0.4387374520301819,0.07771086692810059,-0.5258178114891052,0.06496399641036987,-0.5904545783996582,0.039410412311553955,-0.278190553188324,0.023063361644744873,-0.41365963220596313,0.016510426998138428,-0.36144810914993286,0.019642174243927002,-0.3085188865661621,-0.023063719272613525,-0.2644820809364319,-0.02804112434387207,-0.3750244379043579,-0.026495933532714844,-0.32891732454299927,-0.02042710781097412,-0.28735119104385376,-0.08219528198242188,-0.2538684010505676,-0.08872193098068237,-0.3890411853790283,-0.09074223041534424,-0.4584379196166992,-0.09034514427185059,-0.5195741057395935,0.0,0.0,0.0,0.0,0.0,0.0,0.0,0.0,0.0,0.0,0.0,0.0,0.0,0.0,0.0,0.0,0.0,0.0,0.0,0.0,0.0,0.0,0.0,0.0,0.0,0.0,0.0,0.0,0.0,0.0,0.0,0.0,0.0,0.0,0.0,0.0,0.0,0.0,0.0,0.0,0.0,0.0
0.0,0.0,0.07639801502227783,-0.10986876487731934,0.11043870449066162,-0.23912203311920166,0.12143594026565552,-0.3495022654533386,0.1282075047492981,-0.4221084713935852,0.10454213619232178,-0.2758328318595886,0.09100395441055298,-0.4374607801437378,0.07859992980957031,-0.5250990688800812,0.0640949010848999,-0.5908885598182678,0.04022568464279175,-0.27561551332473755,0.02239018678665161,-0.41271722316741943,0.016193926334381104,-0.3592526912689209,0.020012617111206055,-0.30603164434432983,-0.022500574588775635,-0.2627706527709961,-0.02821946144104004,-0.3762581944465637,-0.027647435665130615,-0.3291117548942566,-0.021445631980895996,-0.28572940826416016,-0.08214563131332397,-0.2540520429611206,-0.08642160892486572,-0.38707399368286133,-0.08930772542953491,-0.4548070430755615,-0.09009474515914917,-0.5155022144317627,0.0,0.0,0.0,0.0,0.0,0.0,0.0,0.0,0.0,0.0,0.0,0.0,0.0,0.0,0.0,0.0,0.0,0.0,0.0,0.0,0.0,0.0,0.0,0.0,0.0,0.0,0.0,0.0,0.0,0.0,0.0,0.0,0.0,0.0,0.0,0.0,0.0,0.0,0.0,0.0,0.0,0.0
0.0,0.0,0.0766533613204956,-0.11129480600357056,0.10538053512573242,-0.23590070009231567,0.10475701093673706,-0.33786463737487793,0.09198528528213501,-0.40302276611328125,0.10304379463195801,-0.2777591347694397,0.08881598711013794,-0.4387528896331787,0.07670962810516357,-0.5262779593467712,0.06318426132202148,-0.5913415849208832,0.03771394491195679,-0.27829796075820923,0.022422194480895996,-0.4158588647842407,0.017504453659057617,-0.3645187020301819,0.020721137523651123,-0.31070196628570557,-0.024422764778137207,-0.2641277313232422,-0.02782142162322998,-0.3782283663749695,-0.025543630123138428,-0.33208775520324707,-0.019974887371063232,-0.29013216495513916,-0.08326023817062378,-0.2528558373451233,-0.09027069807052612,-0.3878985643386841,-0.09223365783691406,-0.45757633447647095,-0.09221357107162476,-0.5198613405227661,0.0,0.0,0.0,0.0,0.0,0.0,0.0,0.0,0.0,0.0,0.0,0.0,0.0,0.0,0.0,0.0,0.0,0.0,0.0,0.0,0.0,0.0,0.0,0.0,0.0,0.0,0.0,0.0,0.0,0.0,0.0,0.0,0.0,0.0,0.0,0.0,0.0,0.0,0.0,0.0,0.0,0.0
0.0,0.0,0.07657504081726074,-0.10852968692779541,0.10968393087387085,-0.23545700311660767,0.12129449844360352,-0.3451154828071594,0.12766122817993164,-0.4173240661621094,0.10473072528839111,-0.2733842730522156,0.09054738283157349,-0.43545740842819214,0.07783037424087524,-0.5233874320983887,0.0629616379737854,-0.588363528251648,0.04059487581253052,-0.27283453941345215,0.021900415420532227,-0.4103265404701233,0.015717148780822754,-0.3571928143501282,0.020120978355407715,-0.30427128076553345,-0.022024333477020264,-0.2596134543418884,-0.02810060977935791,-0.3730615973472595,-0.02787792682647705,-0.32580476999282837,-0.021641790866851807,-0.2827906012535095,-0.08162027597427368,-0.25014179944992065,-0.08722609281539917,-0.38352108001708984,-0.09058260917663574,-0.451307475566864,-0.09140104055404663,-0.5123081505298615,0.0,0.0,0.0,0.0,0.0,0.0,0.0,0.0,0.0,0.0,0.0,0.0,0.0,0.0,0.0,0.0,0.0,0.0,0.0,0.0,0.0,0.0,0.0,0.0,0.0,0.0,0.0,0.0,0.0,0.0,0.0,0.0,0.0,0.0,0.0,0.0,0.0,0.0,0.0,0.0,0.0,0.0
0.0,0.0,0.07670450210571289,-0.1093217134475708,0.10658460855484009,-0.23216605186462402,0.1063469648361206,-0.3338436484336853,0.0922325849533081,-0.3982411026954651,0.10385400056838989,-0.2746769189834595,0.0898369550704956,-0.4356576204299927,0.07704055309295654,-0.522621750831604,0.06278365850448608,-0.5869997441768646,0.03855949640274048,-0.2751882076263428,0.0230180025100708,-0.41022825241088867,0.017356395721435547,-0.35948991775512695,0.020317018032073975,-0.3074360489845276,-0.023614346981048584,-0.26138293743133545,-0.027378439903259277,-0.37346982955932617,-0.025647521018981934,-0.3280993103981018,-0.020100057125091553,-0.28670233488082886,-0.08248144388198853,-0.25066930055618286,-0.08991825580596924,-0.38551926612854004,-0.0919235348701477,-0.4551175534725189,-0.09152960777282715,-0.5167627036571503,0.0,0.0,0.0,0.0,0.0,0.0,0.0,0.0,0.0,0.0,0.0,0.0,0.0,0.0,0.0,0.0,0.0,0.0,0.0,0.0,0.0,0.0,0.0,0.0,0.0,0.0,0.0,0.0,0.0,0.0,0.0,0.0,0.0,0.0,0.0,0.0,0.0,0.0,0.0,0.0,0.0,0.0
0.0,0.0,0.07629287242889404,-0.10834938287734985,0.10982149839401245,-0.23632067441940308,0.12273502349853516,-0.34768611192703247,0.13129812479019165,-0.4209718704223633,0.10322225093841553,-0.27236849069595337,0.08885729312896729,-0.4334406852722168,0.07646161317825317,-0.5206413865089417,0.061926841735839844,-0.5858811140060425,0.03885602951049805,-0.2709939479827881,0.021271347999572754,-0.4086892604827881,0.01610654592514038,-0.35536181926727295,0.01975351572036743,-0.30148136615753174,-0.023276150226593018,-0.25697678327560425,-0.029237985610961914,-0.3704946041107178,-0.027748703956604004,-0.32397353649139404,-0.021537482738494873,-0.2808246612548828,-0.0827251672744751,-0.24686163663864136,-0.089244544506073,-0.38067150115966797,-0.09164267778396606,-0.4491795301437378,-0.09209293127059937,-0.510808527469635,0.0,0.0,0.0,0.0,0.0,0.0,0.0,0.0,0.0,0.0,0.0,0.0,0.0,0.0,0.0,0.0,0.0,0.0,0.0,0.0,0.0,0.0,0.0,0.0,0.0,0.0,0.0,0.0,0.0,0.0,0.0,0.0,0.0,0.0,0.0,0.0,0.0,0.0,0.0,0.0,0.0,0.0
0.0,0.0,0.07638370990753174,-0.10903596878051758,0.10751086473464966,-0.23401135206222534,0.11185294389724731,-0.33956700563430786,0.10560208559036255,-0.40833723545074463,0.10399609804153442,-0.2740526795387268,0.08801001310348511,-0.43580514192581177,0.07528358697891235,-0.5224501490592957,0.062044620513916016,-0.5862675905227661,0.039206504821777344,-0.27330005168914795,0.021159768104553223,-0.409496545791626,0.015201926231384277,-0.3577834963798523,0.018808424472808838,-0.3042230010032654,-0.022913992404937744,-0.2589201331138611,-0.029691338539123535,-0.37144410610198975,-0.02843165397644043,-0.32546335458755493,-0.02220141887664795,-0.28341710567474365,-0.08217233419418335,-0.2480648159980774,-0.08944708108901978,-0.3824446201324463,-0.09236299991607666,-0.4529062509536743,-0.09320718050003052,-0.5153781175613403,0.0,0.0,0.0,0.0,0.0,0.0,0.0,0.0,0.0,0.0,0.0,0.0,0.0,0.0,0.0,0.0,0.0,0.0,0.0,0.0,0.0,0.0,0.0,0.0,0.0,0.0,0.0,0.0,0.0,0.0,0.0,0.0,0.0,0.0,0.0,0.0,0.0,0.0,0.0,0.0,0.0,0.0
0.0,0.0,0.07659953832626343,-0.10986161231994629,0.11042904853820801,-0.23705846071243286,0.12107038497924805,-0.3467901349067688,0.1226423978805542,-0.4201927185058594,0.10472482442855835,-0.2758653163909912,0.08786767721176147,-0.4353567361831665,0.07372158765792847,-0.5207487940788269,0.05874300003051758,-0.584568589925766,0.040187060832977295,-0.27411729097366333,0.02029484510421753,-0.4085943102836609,0.013865828514099121,-0.3556240200996399,0.017931044101715088,-0.3027381896972656,-0.022710740566253662,-0.25922447443008423,-0.031235158443450928,-0.37096256017684937,-0.03007572889328003,-0.32539039850234985,-0.023127079010009766,-0.2830275297164917,-0.08276069164276123,-0.24809229373931885,-0.08986574411392212,-0.38136178255081177,-0.09260469675064087,-0.45106732845306396,-0.09289908409118652,-0.5133399665355682,0.0,0.0,0.0,0.0,0.0,0.0,0.0,0.0,0.0,0.0,0.0,0.0,0.0,0.0,0.0,0.0,0.0,0.0,0.0,0.0,0.0,0.0,0.0,0.0,0.0,0.0,0.0,0.0,0.0,0.0,0.0,0.0,0.0,0.0,0.0,0.0,0.0,0.0,0.0,0.0,0.0,0.0
0.0,0.0,0.0770140290260315,-0.10890519618988037,0.1063200831413269,-0.23244178295135498,0.10782545804977417,-0.3357582688331604,0.09919542074203491,-0.4012443423271179,0.1027178168296814,-0.2760511636734009,0.08608132600784302,-0.4379159212112427,0.07188421487808228,-0.5236120223999023,0.05688387155532837,-0.5858997702598572,0.03754568099975586,-0.2763550877571106,0.020022809505462646,-0.41230571269989014,0.014864802360534668,-0.3613322973251343,0.01804053783416748,-0.30798327922821045,-0.02429097890853882,-0.2623298764228821,-0.03014427423477173,-0.3746170401573181,-0.027866601943969727,-0.32862329483032227,-0.022038578987121582,-0.28705376386642456,-0.0835234522819519,-0.2514514923095703,-0.09223723411560059,-0.3860681653022766,-0.0946703553199768,-0.45525795221328735,-0.09495854377746582,-0.5173093378543854,0.0,0.0,0.0,0.0,0.0,0.0,0.0,0.0,0.0,0.0,0.0,0.0,0.0,0.0,0.0,0.0,0.0,0.0,0.0,0.0,0.0,0.0,0.0,0.0,0.0,0.0,0.0,0.0,0.0,0.0,0.0,0.0,0.0,0.0,0.0,0.0,0.0,0.0,0.0,0.0,0.0,0.0
