0.0,0.0,0.04171276092529297,-0.15131855010986328,0.017806172370910645,-0.2710564136505127,-0.04409831762313843,-0.3277662992477417,-0.10411560535430908,-0.3462710380554199,0.017970502376556396,-0.3177878260612488,0.015912294387817383,-0.46577656269073486,0.017293274402618408,-0.5444090366363525,0.019664466381072998,-0.6036700904369354,-0.04766559600830078,-0.29959964752197266,-0.08812069892883301,-0.48026490211486816,-0.10829764604568481,-0.5778283178806305,-0.12496793270111084,-0.6517550945281982,-0.10849624872207642,-0.26265591382980347,-0.1647363305091858,-0.4213378429412842,-0.18540680408477783,-0.5046278238296509,-0.20229709148406982,-0.5643600225448608,-0.14759492874145508,-0.21247601509094238,-0.16072213649749756,-0.35122931003570557,-0.13548648357391357,-0.34881192445755005,-0.11003649234771729,-0.32268762588500977,0.0,0.0,0.0,0.0,0.0,0.0,0.0,0.0,0.0,0.0,0.0,0.0,0.0,0.0,0.0,0.0,0.0,0.0,0.0,0.0,0.0,0.0,0.0,0.0,0.0,0.0,0.0,0.0,0.0,0.0,0.0,0.0,0.0,0.0,0.0,0.0,0.0,0.0,0.0,0.0,0.0,0.0
0.0,0.0,0.0466160774230957,-0.14460688829421997,0.02705174684524536,-0.26388871669769287,-0.03417861461639404,-0.32431113719940186,-0.09335416555404663,-0.3463824987411499,0.02448803186416626,-0.31405776739120483,0.02232658863067627,-0.46492528915405273,0.022267162799835205,-0.5433050394058228,0.022231698036193848,-0.6021126508712769,-0.04342305660247803,-0.29956698417663574,-0.08190608024597168,-0.4824178218841553,-0.10254913568496704,-0.5800342857837677,-0.12082821130752563,-0.6537097692489624,-0.10552465915679932,-0.26669710874557495,-0.15774929523468018,-0.4243844747543335,-0.17751538753509521,-0.5081089735031128,-0.19555526971817017,-0.5685288608074188,-0.1451069712638855,-0.21930688619613647,-0.15275084972381592,-0.3541463017463684,-0.12684208154678345,-0.3460189700126648,-0.1026986837387085,-0.3143872022628784,0.0,0.0,0.0,0.0,0.0,0.0,0.0,0.0,0.0,0.0,0.0,0.0,0.0,0.0,0.0,0.0,0.0,0.0,0.0,0.0,0.0,0.0,0.0,0.0,0.0,0.0,0.0,0.0,0.0,0.0,0.0,0.0,0.0,0.0,0.0,0.0,0.0,0.0,0.0,0.0,0.0,0.0
0.0,0.0,0.04959172010421753,-0.14095807075500488,0.03559774160385132,-0.2612053155899048,-0.022989392280578613,-0.3214986324310303,-0.07987380027770996,-0.34727025032043457,0.030100643634796143,-0.3061412572860718,0.03239762783050537,-0.4682959318161011,0.03102010488510132,-0.5508640706539154,0.030259311199188232,-0.6112346649169922,-0.03623676300048828,-0.291548490524292,-0.07311040163040161,-0.4865191578865051,-0.09157538414001465,-0.5860972702503204,-0.1072988510131836,-0.6585244238376617,-0.09778863191604614,-0.2617846727371216,-0.14951521158218384,-0.429304301738739,-0.16699302196502686,-0.516642689704895,-0.18270343542099,-0.5785687267780304,-0.13955998420715332,-0.22027623653411865,-0.14943671226501465,-0.3581816554069519,-0.12597578763961792,-0.3562648296356201,-0.10402524471282959,-0.33006083965301514,0.0,0.0,0.0,0.0,0.0,0.0,0.0,0.0,0.0,0.0,0.0,0.0,0.0,0.0,0.0,0.0,0.0,0.0,0.0,0.0,0.0,0.0,0.0,0.0,0.0,0.0,0.0,0.0,0.0,0.0,0.0,0.0,0.0,0.0,0.0,0.0,0.0,0.0,0.0,0.0,0.0,0.0
0.0,0.0,0.051249802112579346,-0.1387121081352234,0.03810495138168335,-0.2565605640411377,-0.021159470081329346,-0.3183901309967041,-0.07956647872924805,-0.34552574157714844,0.03169173002243042,-0.310940682888031,0.03452664613723755,-0.4658777117729187,0.03498297929763794,-0.5455541610717773,0.034732818603515625,-0.6063341498374939,-0.0349884033203125,-0.29953134059906006,-0.06724542379379272,-0.48909860849380493,-0.08487141132354736,-0.5908202528953552,-0.10014241933822632,-0.6677583754062653,-0.09622514247894287,-0.2674521207809448,-0.14679163694381714,-0.4279037117958069,-0.16438859701156616,-0.5116945505142212,-0.17828971147537231,-0.5700056850910187,-0.13663387298583984,-0.2208959460258484,-0.14520567655563354,-0.34846651554107666,-0.12269830703735352,-0.3511125445365906,-0.10112303495407104,-0.33208167552948,0.0,0.0,0.0,0.0,0.0,0.0,0.0,0.0,0.0,0.0,0.0,0.0,0.0,0.0,0.0,0.0,0.0,0.0,0.0,0.0,0.0,0.0,0.0,0.0,0.0,0.0,0.0,0.0,0.0,0.0,0.0,0.0,0.0,0.0,0.0,0.0,0.0,0.0,0.0,0.0,0.0,0.0
0.0,0.0,0.05313962697982788,-0.13839495182037354,0.043437063694000244,-0.25917232036590576,-0.013308703899383545,-0.3240705728530884,-0.06967604160308838,-0.35403013229370117,0.032518625259399414,-0.30801236629486084,0.03799682855606079,-0.4628952741622925,0.038805246353149414,-0.542596310377121,0.038298070430755615,-0.6024539172649384,-0.03503936529159546,-0.29624736309051514,-0.0656389594078064,-0.49027299880981445,-0.08237344026565552,-0.5974589586257935,-0.09812235832214355,-0.6781563758850098,-0.09614068269729614,-0.26437270641326904,-0.14349901676177979,-0.42686915397644043,-0.1587604284286499,-0.5110829472541809,-0.17131733894348145,-0.5680972337722778,-0.13576090335845947,-0.2198309302330017,-0.1449906826019287,-0.34717726707458496,-0.12306839227676392,-0.3577706217765808,-0.10248559713363647,-0.3459445834159851,0.0,0.0,0.0,0.0,0.0,0.0,0.0,0.0,0.0,0.0,0.0,0.0,0.0,0.0,0.0,0.0,0.0,0.0,0.0,0.0,0.0,0.0,0.0,0.0,0.0,0.0,0.0,0.0,0.0,0.0,0.0,0.0,0.0,0.0,0.0,0.0,0.0,0.0,0.0,0.0,0.0,0.0
0.0,0.0,0.05064648389816284,-0.14139240980148315,0.03709942102432251,-0.26000088453292847,-0.020161032676696777,-0.3200836777687073,-0.07690411806106567,-0.34436583518981934,0.02976590394973755,-0.3075628876686096,0.03357219696044922,-0.4638978838920593,0.034085631370544434,-0.5440315902233124,0.033673882484436035,-0.6048554480075836,-0.03740131855010986,-0.29614418745040894,-0.07027924060821533,-0.4895111322402954,-0.08718442916870117,-0.5948745012283325,-0.10291242599487305,-0.6742881238460541,-0.09935426712036133,-0.2649345397949219,-0.15022772550582886,-0.4287868142127991,-0.16387128829956055,-0.5134080648422241,-0.17587321996688843,-0.5718874633312225,-0.14021146297454834,-0.21868908405303955,-0.1495455503463745,-0.35133934020996094,-0.12456125020980835,-0.3531686067581177,-0.10205966234207153,-0.33005291223526,0.0,0.0,0.0,0.0,0.0,0.0,0.0,0.0,0.0,0.0,0.0,0.0,0.0,0.0,0.0,0.0,0.0,0.0,0.0,0.0,0.0,0.0,0.0,0.0,0.0,0.0,0.0,0.0,0.0,0.0,0.0,0.0,0.0,0.0,0.0,0.0,0.0,0.0,0.0,0.0,0.0,0.0
0.0,0.0,0.05397540330886841,-0.13846027851104736,0.04324674606323242,-0.2579159140586853,-0.01447969675064087,-0.3221363425254822,-0.07079178094863892,-0.34897303581237793,0.03513360023498535,-0.308189332485199,0.04003787040710449,-0.46462392807006836,0.04224628210067749,-0.5450506806373596,0.04364466667175293,-0.604166716337204,-0.03276175260543823,-0.2962071895599365,-0.06492674350738525,-0.4883641004562378,-0.0812385082244873,-0.5912229418754578,-0.09614181518554688,-0.6663672029972076,-0.09462827444076538,-0.2646178603172302,-0.14316588640213013,-0.42828065156936646,-0.15517258644104004,-0.5151430368423462,-0.16592633724212646,-0.5741563737392426,-0.13551205396652222,-0.21878701448440552,-0.14143168926239014,-0.3526078462600708,-0.11594933271408081,-0.35759860277175903,-0.09371423721313477,-0.33742278814315796,0.0,0.0,0.0,0.0,0.0,0.0,0.0,0.0,0.0,0.0,0.0,0.0,0.0,0.0,0.0,0.0,0.0,0.0,0.0,0.0,0.0,0.0,0.0,0.0,0.0,0.0,0.0,0.0,0.0,0.0,0.0,0.0,0.0,0.0,0.0,0.0,0.0,0.0,0.0,0.0,0.0,0.0
0.0,0.0,0.050523340702056885,-0.1422378420829773,0.0366557240486145,-0.2605020999908447,-0.020950496196746826,-0.3225145936012268,-0.07744061946868896,-0.34974783658981323,0.03447091579437256,-0.30875033140182495,0.03877115249633789,-0.4652828574180603,0.040454328060150146,-0.5438702702522278,0.04131662845611572,-0.6037529110908508,-0.031366705894470215,-0.2953096628189087,-0.06110203266143799,-0.48571962118148804,-0.07624304294586182,-0.587672621011734,-0.09016168117523193,-0.6634271442890167,-0.09298717975616455,-0.26263970136642456,-0.14081019163131714,-0.42875146865844727,-0.15413469076156616,-0.5159970223903656,-0.16591262817382812,-0.5771945714950562,-0.13400834798812866,-0.21654069423675537,-0.1413402557373047,-0.35163694620132446,-0.11656969785690308,-0.3561050295829773,-0.09544271230697632,-0.33797526359558105,0.0,0.0,0.0,0.0,0.0,0.0,0.0,0.0,0.0,0.0,0.0,0.0,0.0,0.0,0.0,0.0,0.0,0.0,0.0,0.0,0.0,0.0,0.0,0.0,0.0,0.0,0.0,0.0,0.0,0.0,0.0,0.0,0.0,0.0,0.0,0.0,0.0,0.0,0.0,0.0,0.0,0.0
0.0,0.0,0.050971031188964844,-0.1410110592842102,0.03621053695678711,-0.26096898317337036,-0.02268737554550171,-0.32080191373825073,-0.07974731922149658,-0.3459818959236145,0.034616291522979736,-0.31051671504974365,0.04059159755706787,-0.4642724394798279,0.042788147926330566,-0.5411239862442017,0.043718695640563965,-0.6000938415527344,-0.03131657838821411,-0.2989795207977295,-0.056830406188964844,-0.4847320318222046,-0.07020878791809082,-0.5858131051063538,-0.08324527740478516,-0.661650538444519,-0.09294694662094116,-0.26692312955856323,-0.13949310779571533,-0.4325419068336487,-0.15407514572143555,-0.5195025205612183,-0.16746658086776733,-0.5813118517398834,-0.13437151908874512,-0.22012144327163696,-0.13999778032302856,-0.3504066467285156,-0.11477667093276978,-0.35114938020706177,-0.09338945150375366,-0.32990896701812744,0.0,0.0,0.0,0.0,0.0,0.0,0.0,0.0,0.0,0.0,0.0,0.0,0.0,0.0,0.0,0.0,0.0,0.0,0.0,0.0,0.0,0.0,0.0,0.0,0.0,0.0,0.0,0.0,0.0,0.0,0.0,0.0,0.0,0.0,0.0,0.0,0.0,0.0,0.0,0.0,0.0,0.0
0.0,0.0,0.05024147033691406,-0.14020007848739624,0.03566652536392212,-0.25734299421310425,-0.022044479846954346,-0.316298246383667,-0.07928115129470825,-0.3397235870361328,0.03376644849777222,-0.30772364139556885,0.038465678691864014,-0.4622136354446411,0.04001230001449585,-0.538547933101654,0.041117310523986816,-0.5963330268859863,-0.03106933832168579,-0.2952611446380615,-0.055360615253448486,-0.4821408987045288,-0.0665520429611206,-0.5829477906227112,-0.07694888114929199,-0.658380538225174,-0.09244459867477417,-0.2621210813522339,-0.13939839601516724,-0.42804962396621704,-0.15226292610168457,-0.5141119360923767,-0.16352999210357666,-0.5755670070648193,-0.1340579390525818,-0.21343553066253662,-0.14191275835037231,-0.34763723611831665,-0.11751687526702881,-0.3489277958869934,-0.09618830680847168,-0.3274837136268616,0.0,0.0,0.0,0.0,0.0,0.0,0.0,0.0,0.0,0.0,0.0,0.0,0.0,0.0,0.0,0.0,0.0,0.0,0.0,0.0,0.0,0.0,0.0,0.0,0.0,0.0,0.0,0.0,0.0,0.0,0.0,0.0,0.0,0.0,0.0,0.0,0.0,0.0,0.0,0.0,0.0,0.0
0.0,0.0,0.04843294620513916,-0.13885396718978882,0.038859426975250244,-0.25669217109680176,-0.017705917358398438,-0.31971144676208496,-0.07269555330276489,-0.34884727001190186,0.03530097007751465,-0.30463945865631104,0.04022252559661865,-0.4605634808540344,0.04061591625213623,-0.5394789278507233,0.04225265979766846,-0.5980649590492249,-0.02776944637298584,-0.2897593379020691,-0.05187582969665527,-0.4816386103630066,-0.0616568922996521,-0.582862913608551,-0.06928622722625732,-0.6562494039535522,-0.08788269758224487,-0.2563226819038391,-0.1354171633720398,-0.42394542694091797,-0.14767783880233765,-0.512805163860321,-0.15680474042892456,-0.5770507156848907,-0.12993645668029785,-0.20660710334777832,-0.1418730616569519,-0.3421357274055481,-0.11949872970581055,-0.3465891480445862,-0.09854090213775635,-0.32811832427978516,0.0,0.0,0.0,0.0,0.0,0.0,0.0,0.0,0.0,0.0,0.0,0.0,0.0,0.0,0.0,0.0,0.0,0.0,0.0,0.0,0.0,0.0,0.0,0.0,0.0,0.0,0.0,0.0,0.0,0.0,0.0,0.0,0.0,0.0,0.0,0.0,0.0,0.0,0.0,0.0,0.0,0.0
0.0,0.0,0.05367326736450195,-0.13788384199142456,0.04192882776260376,-0.2565719485282898,-0.015182316303253174,-0.3159891366958618,-0.07232564687728882,-0.34166890382766724,0.03691762685775757,-0.31133604049682617,0.040576934814453125,-0.4671359062194824,0.04127633571624756,-0.544129490852356,0.041661620140075684,-0.6019425392150879,-0.029113590717315674,-0.2983318567276001,-0.0486147403717041,-0.48411673307418823,-0.05768018960952759,-0.5843959152698517,-0.06679940223693848,-0.6580492258071899,-0.09138786792755127,-0.2645813226699829,-0.1351175308227539,-0.4281849265098572,-0.15004754066467285,-0.5168572068214417,-0.16384351253509521,-0.5804929137229919,-0.13393068313598633,-0.21352660655975342,-0.1366693377494812,-0.3500000238418579,-0.11070752143859863,-0.34989309310913086,-0.08858156204223633,-0.32666492462158203,0.0,0.0,0.0,0.0,0.0,0.0,0.0,0.0,0.0,0.0,0.0,0.0,0.0,0.0,0.0,0.0,0.0,0.0,0.0,0.0,0.0,0.0,0.0,0.0,0.0,0.0,0.0,0.0,0.0,0.0,0.0,0.0,0.0,0.0,0.0,0.0,0.0,0.0,0.0,0.0,0.0,0.0
0.0,0.0,0.04980713129043579,-0.13976365327835083,0.03591722249984741,-0.25874775648117065,-0.023583173751831055,-0.3160247802734375,-0.08246999979019165,-0.3382861614227295,0.03319251537322998,-0.3076770305633545,0.03774154186248779,-0.46241533756256104,0.037769615650177,-0.5397866666316986,0.03767704963684082,-0.5985494256019592,-0.03116166591644287,-0.29552924633026123,-0.05157822370529175,-0.4815811514854431,-0.059673428535461426,-0.5807661712169647,-0.06656849384307861,-0.6530427038669586,-0.09247970581054688,-0.26278674602508545,-0.13980209827423096,-0.42796599864959717,-0.15306717157363892,-0.5124190449714661,-0.16378724575042725,-0.5718806087970734,-0.13545465469360352,-0.21308910846710205,-0.14378660917282104,-0.34290122985839844,-0.11977672576904297,-0.34017688035964966,-0.09730762243270874,-0.31567883491516113,0.0,0.0,0.0,0.0,0.0,0.0,0.0,0.0,0.0,0.0,0.0,0.0,0.0,0.0,0.0,0.0,0.0,0.0,0.0,0.0,0.0,0.0,0.0,0.0,0.0,0.0,0.0,0.0,0.0,0.0,0.0,0.0,0.0,0.0,0.0,0.0,0.0,0.0,0.0,0.0,0.0,0.0
0.0,0.0,0.052380263805389404,-0.13689398765563965,0.04228097200393677,-0.2564048171043396,-0.015918195247650146,-0.31772685050964355,-0.07445865869522095,-0.3433874845504761,0.03713458776473999,-0.308838427066803,0.0397912859916687,-0.4662156105041504,0.039479732513427734,-0.5436439216136932,0.03930509090423584,-0.6017695963382721,-0.028368890285491943,-0.2949965000152588,-0.04788470268249512,-0.4811677932739258,-0.056007206439971924,-0.5815774202346802,-0.06344902515411377,-0.6550655961036682,-0.09033918380737305,-0.26121628284454346,-0.13599234819412231,-0.4294748306274414,-0.14931023120880127,-0.5177318453788757,-0.1607334017753601,-0.5806023478507996,-0.13311195373535156,-0.21083879470825195,-0.13938617706298828,-0.34826648235321045,-0.11448878049850464,-0.35006219148635864,-0.09241348505020142,-0.3294879198074341,0.0,0.0,0.0,0.0,0.0,0.0,0.0,0.0,0.0,0.0,0.0,0.0,0.0,0.0,0.0,0.0,0.0,0.0,0.0,0.0,0.0,0.0,0.0,0.0,0.0,0.0,0.0,0.0,0.0,0.0,0.0,0.0,0.0,0.0,0.0,0.0,0.0,0.0,0.0,0.0,0.0,0.0
0.0,0.0,0.05174112319946289,-0.13699471950531006,0.04079163074493408,-0.25349223613739014,-0.01716458797454834,-0.3124427795410156,-0.07494008541107178,-0.3360627293586731,0.038800716400146484,-0.3027956485748291,0.04351663589477539,-0.45601046085357666,0.0437312126159668,-0.534607857465744,0.04423493146896362,-0.5951371192932129,-0.02642744779586792,-0.29358917474746704,-0.04768770933151245,-0.4780128598213196,-0.05675417184829712,-0.5763009786605835,-0.06358009576797485,-0.6486043334007263,-0.08826744556427002,-0.2641701102256775,-0.1337752342224121,-0.42548298835754395,-0.14631718397140503,-0.5084136128425598,-0.15569692850112915,-0.5674092471599579,-0.13183939456939697,-0.21721237897872925,-0.13971298933029175,-0.34123098850250244,-0.11710679531097412,-0.3381236791610718,-0.09525221586227417,-0.31510835886001587,0.0,0.0,0.0,0.0,0.0,0.0,0.0,0.0,0.0,0.0,0.0,0.0,0.0,0.0,0.0,0.0,0.0,0.0,0.0,0.0,0.0,0.0,0.0,0.0,0.0,0.0,0.0,0.0,0.0,0.0,0.0,0.0,0.0,0.0,0.0,0.0,0.0,0.0,0.0,0.0,0.0,0.0
0.0,0.0,0.052142202854156494,-0.13633239269256592,0.04475444555282593,-0.2562609314918518,-0.012341022491455078,-0.31781166791915894,-0.06891542673110962,-0.3459806442260742,0.03773140907287598,-0.30705273151397705,0.04244714975357056,-0.46085935831069946,0.04264867305755615,-0.539932131767273,0.04267054796218872,-0.600122332572937,-0.026863515377044678,-0.29463791847229004,-0.044400930404663086,-0.48023778200149536,-0.05282783508300781,-0.5816927850246429,-0.06128501892089844,-0.6550948619842529,-0.08818846940994263,-0.2621414065361023,-0.1315818428993225,-0.42463868856430054,-0.1463029980659485,-0.5117353200912476,-0.15863627195358276,-0.5721231997013092,-0.13222873210906982,-0.2139977216720581,-0.13863831758499146,-0.3406255841255188,-0.11673778295516968,-0.3478866219520569,-0.09700030088424683,-0.3339191675186157,0.0,0.0,0.0,0.0,0.0,0.0,0.0,0.0,0.0,0.0,0.0,0.0,0.0,0.0,0.0,0.0,0.0,0.0,0.0,0.0,0.0,0.0,0.0,0.0,0.0,0.0,0.0,0.0,0.0,0.0,0.0,0.0,0.0,0.0,0.0,0.0,0.0,0.0,0.0,0.0,0.0,0.0
0.0,0.0,0.05061173439025879,-0.13731825351715088,0.04091036319732666,-0.25735366344451904,-0.016864001750946045,-0.3185003995895386,-0.0749276876449585,-0.34438556432724,0.03789651393890381,-0.30529576539993286,0.041825294494628906,-0.45913028717041016,0.04263460636138916,-0.536942183971405,0.04341423511505127,-0.5964345633983612,-0.02580106258392334,-0.29318344593048096,-0.04562389850616455,-0.4786943793296814,-0.05457496643066406,-0.5785495042800903,-0.06248295307159424,-0.6510888636112213,-0.08704322576522827,-0.2615864872932434,-0.13237059116363525,-0.42736107110977173,-0.14651137590408325,-0.5137282013893127,-0.15771138668060303,-0.5748529732227325,-0.13155436515808105,-0.21345508098602295,-0.13962465524673462,-0.3425372838973999,-0.11672013998031616,-0.34236323833465576,-0.09520721435546875,-0.321003794670105,0.0,0.0,0.0,0.0,0.0,0.0,0.0,0.0,0.0,0.0,0.0,0.0,0.0,0.0,0.0,0.0,0.0,0.0,0.0,0.0,0.0,0.0,0.0,0.0,0.0,0.0,0.0,0.0,0.0,0.0,0.0,0.0,0.0,0.0,0.0,0.0,0.0,0.0,0.0,0.0,0.0,0.0
0.0,0.0,0.051141977310180664,-0.13665920495986938,0.044362783432006836,-0.2568628191947937,-0.012410581111907959,-0.3174974322319031,-0.06827032566070557,-0.3443601727485657,0.03842520713806152,-0.3061399459838867,0.042821645736694336,-0.458540678024292,0.04432743787765503,-0.5373550653457642,0.045975565910339355,-0.597430944442749,-0.023864030838012695,-0.2933298945426941,-0.043141186237335205,-0.48005205392837524,-0.051606833934783936,-0.5806559324264526,-0.05922996997833252,-0.6537716686725616,-0.08424484729766846,-0.26022255420684814,-0.1286611557006836,-0.4239464998245239,-0.1437516212463379,-0.5099849700927734,-0.15508884191513062,-0.5706259608268738,-0.12926959991455078,-0.2097378969192505,-0.1381387710571289,-0.33964598178863525,-0.11659133434295654,-0.34598618745803833,-0.096535325050354,-0.3300163745880127,0.0,0.0,0.0,0.0,0.0,0.0,0.0,0.0,0.0,0.0,0.0,0.0,0.0,0.0,0.0,0.0,0.0,0.0,0.0,0.0,0.0,0.0,0.0,0.0,0.0,0.0,0.0,0.0,0.0,0.0,0.0,0.0,0.0,0.0,0.0,0.0,0.0,0.0,0.0,0.0,0.0,0.0
0.0,0.0,0.05137789249420166,-0.13820797204971313,0.03871244192123413,-0.25839006900787354,-0.020702838897705078,-0.31511175632476807,-0.07879048585891724,-0.3369012475013733,0.036679744720458984,-0.305919885635376,0.04095757007598877,-0.45649993419647217,0.042322754859924316,-0.5333797335624695,0.04356837272644043,-0.5932895243167877,-0.026056230068206787,-0.2969248294830322,-0.04409855604171753,-0.4793508052825928,-0.05192995071411133,-0.5786698460578918,-0.058453142642974854,-0.6517205536365509,-0.08686542510986328,-0.2657364010810852,-0.13189387321472168,-0.4283030033111572,-0.1464526653289795,-0.5128697156906128,-0.1569066047668457,-0.5738439857959747,-0.13234758377075195,-0.2167152762413025,-0.1413358449935913,-0.3385554552078247,-0.11945348978042603,-0.34141045808792114,-0.09872263669967651,-0.3257502317428589,0.0,0.0,0.0,0.0,0.0,0.0,0.0,0.0,0.0,0.0,0.0,0.0,0.0,0.0,0.0,0.0,0.0,0.0,0.0,0.0,0.0,0.0,0.0,0.0,0.0,0.0,0.0,0.0,0.0,0.0,0.0,0.0,0.0,0.0,0.0,0.0,0.0,0.0,0.0,0.0,0.0,0.0
0.0,0.0,0.050982534885406494,-0.13658547401428223,0.04023456573486328,-0.25701582431793213,-0.01960355043411255,-0.31409674882888794,-0.07861584424972534,-0.33698123693466187,0.03833961486816406,-0.30698299407958984,0.04225260019302368,-0.45831209421157837,0.043601274490356445,-0.5357929468154907,0.04455822706222534,-0.596043199300766,-0.025171220302581787,-0.29750311374664307,-0.04229801893234253,-0.47992420196533203,-0.0499875545501709,-0.5795716941356659,-0.05709558725357056,-0.6525478959083557,-0.08651363849639893,-0.26623010635375977,-0.1299256682395935,-0.42834019660949707,-0.14309465885162354,-0.5138795971870422,-0.15339362621307373,-0.5750091075897217,-0.1322619915008545,-0.2179032564163208,-0.13873589038848877,-0.3415650725364685,-0.1158793568611145,-0.3415588140487671,-0.09515523910522461,-0.3218088150024414,0.0,0.0,0.0,0.0,0.0,0.0,0.0,0.0,0.0,0.0,0.0,0.0,0.0,0.0,0.0,0.0,0.0,0.0,0.0,0.0,0.0,0.0,0.0,0.0,0.0,0.0,0.0,0.0,0.0,0.0,0.0,0.0,0.0,0.0,0.0,0.0,0.0,0.0,0.0,0.0,0.0,0.0
0.0,0.0,0.05228710174560547,-0.13645577430725098,0.04139721393585205,-0.2566550374031067,-0.018256008625030518,-0.3146645426750183,-0.07687699794769287,-0.3389955163002014,0.037804603576660156,-0.3082619905471802,0.04167604446411133,-0.4592239260673523,0.04318523406982422,-0.5358283817768097,0.04397773742675781,-0.5951901376247406,-0.026114940643310547,-0.2989254593849182,-0.04264312982559204,-0.48084908723831177,-0.049933016300201416,-0.5809065997600555,-0.05715751647949219,-0.6546647548675537,-0.08761519193649292,-0.2673962712287903,-0.13149195909500122,-0.42895811796188354,-0.144858717918396,-0.5155671238899231,-0.15539634227752686,-0.5779472887516022,-0.13306325674057007,-0.21825790405273438,-0.13910603523254395,-0.3412516117095947,-0.11538451910018921,-0.34082669019699097,-0.09386003017425537,-0.3214111328125,0.0,0.0,0.0,0.0,0.0,0.0,0.0,0.0,0.0,0.0,0.0,0.0,0.0,0.0,0.0,0.0,0.0,0.0,0.0,0.0,0.0,0.0,0.0,0.0,0.0,0.0,0.0,0.0,0.0,0.0,0.0,0.0,0.0,0.0,0.0,0.0,0.0,0.0,0.0,0.0,0.0,0.0
0.0,0.0,0.052934110164642334,-0.13433456420898438,0.04100596904754639,-0.2535485625267029,-0.01834326982498169,-0.3129795789718628,-0.07698065042495728,-0.33892494440078735,0.0362011194229126,-0.3117009997367859,0.04158592224121094,-0.4638332724571228,0.04208797216415405,-0.5400579571723938,0.04138457775115967,-0.5997947752475739,-0.028944015502929688,-0.30278587341308594,-0.044567763805389404,-0.4817487597465515,-0.05193525552749634,-0.5795139074325562,-0.05890840291976929,-0.6520671546459198,-0.09083825349807739,-0.2715291976928711,-0.13408207893371582,-0.43385863304138184,-0.14711534976959229,-0.5196865200996399,-0.15761631727218628,-0.5817304253578186,-0.1352253556251526,-0.22208863496780396,-0.1417490839958191,-0.3462598919868469,-0.11794924736022949,-0.34341686964035034,-0.0959939956665039,-0.3215712904930115,0.0,0.0,0.0,0.0,0.0,0.0,0.0,0.0,0.0,0.0,0.0,0.0,0.0,0.0,0.0,0.0,0.0,0.0,0.0,0.0,0.0,0.0,0.0,0.0,0.0,0.0,0.0,0.0,0.0,0.0,0.0,0.0,0.0,0.0,0.0,0.0,0.0,0.0,0.0,0.0,0.0,0.0
0.0,0.0,0.051513612270355225,-0.13799864053726196,0.038185834884643555,-0.2560194134712219,-0.020487189292907715,-0.312663197517395,-0.07841694355010986,-0.3360059857368469,0.036238253116607666,-0.30980879068374634,0.04012328386306763,-0.46234405040740967,0.040451765060424805,-0.5384252071380615,0.0402255654335022,-0.5978541374206543,-0.028674304485321045,-0.3001163601875305,-0.04521530866622925,-0.4817138910293579,-0.05209505558013916,-0.5800332725048065,-0.058151304721832275,-0.6533879935741425,-0.09109604358673096,-0.26826828718185425,-0.13484734296798706,-0.43182969093322754,-0.14742326736450195,-0.5164913535118103,-0.1573677659034729,-0.5775712132453918,-0.13546228408813477,-0.21858972311019897,-0.1421886682510376,-0.3463106155395508,-0.1179664134979248,-0.34460878372192383,-0.09593808650970459,-0.32321107387542725,0.0,0.0,0.0,0.0,0.0,0.0,0.0,0.0,0.0,0.0,0.0,0.0,0.0,0.0,0.0,0.0,0.0,0.0,0.0,0.0,0.0,0.0,0.0,0.0,0.0,0.0,0.0,0.0,0.0,0.0,0.0,0.0,0.0,0.0,0.0,0.0,0.0,0.0,0.0,0.0,0.0,0.0
0.0,0.0,0.0526006817817688,-0.13459384441375732,0.040760040283203125,-0.25330328941345215,-0.01883244514465332,-0.3135666847229004,-0.07710123062133789,-0.33944451808929443,0.03848332166671753,-0.30755752325057983,0.04101294279098511,-0.45969223976135254,0.040574073791503906,-0.5360490083694458,0.04025697708129883,-0.5955598950386047,-0.027346909046173096,-0.2983998656272888,-0.045908212661743164,-0.48088181018829346,-0.053174614906311035,-0.5797469913959503,-0.05852729082107544,-0.6533693075180054,-0.0899655818939209,-0.2679659128189087,-0.13447833061218262,-0.4335062503814697,-0.14757239818572998,-0.5205750465393066,-0.15737205743789673,-0.5837229490280151,-0.1347353458404541,-0.21956831216812134,-0.1425243616104126,-0.34445512294769287,-0.11884421110153198,-0.3411714434623718,-0.0965646505355835,-0.31870323419570923,0.0,0.0,0.0,0.0,0.0,0.0,0.0,0.0,0.0,0.0,0.0,0.0,0.0,0.0,0.0,0.0,0.0,0.0,0.0,0.0,0.0,0.0,0.0,0.0,0.0,0.0,0.0,0.0,0.0,0.0,0.0,0.0,0.0,0.0,0.0,0.0,0.0,0.0,0.0,0.0,0.0,0.0
0.0,0.0,0.05354297161102295,-0.13296383619308472,0.041503190994262695,-0.2503880262374878,-0.016948282718658447,-0.30945032835006714,-0.0762438178062439,-0.3359992504119873,0.041292667388916016,-0.3088942766189575,0.04587334394454956,-0.4616398215293884,0.04557788372039795,-0.5371760427951813,0.044190406799316406,-0.5951963365077972,-0.026108860969543457,-0.3022715449333191,-0.04344290494918823,-0.48157650232315063,-0.05189007520675659,-0.5782186090946198,-0.05843859910964966,-0.6496284604072571,-0.0898522138595581,-0.27221935987472534,-0.133109450340271,-0.4301019310951233,-0.1473039984703064,-0.5146262049674988,-0.1578887701034546,-0.5749846398830414,-0.13544893264770508,-0.22448384761810303,-0.13924604654312134,-0.3379949927330017,-0.11638784408569336,-0.33545297384262085,-0.09436249732971191,-0.31458717584609985,0.0,0.0,0.0,0.0,0.0,0.0,0.0,0.0,0.0,0.0,0.0,0.0,0.0,0.0,0.0,0.0,0.0,0.0,0.0,0.0,0.0,0.0,0.0,0.0,0.0,0.0,0.0,0.0,0.0,0.0,0.0,0.0,0.0,0.0,0.0,0.0,0.0,0.0,0.0,0.0,0.0,0.0
0.0,0.0,0.05241203308105469,-0.13720864057540894,0.03954547643661499,-0.2551161050796509,-0.016365349292755127,-0.3151213526725769,-0.07272052764892578,-0.3398243188858032,0.0376318097114563,-0.3111029267311096,0.04212862253189087,-0.4633173942565918,0.04243713617324829,-0.5363399982452393,0.04263824224472046,-0.5924992859363556,-0.02807152271270752,-0.30226749181747437,-0.04630601406097412,-0.4811421036720276,-0.053333401679992676,-0.5780842900276184,-0.05850714445114136,-0.6489969193935394,-0.09005755186080933,-0.27025455236434937,-0.13471180200576782,-0.4309769868850708,-0.14764362573623657,-0.5176295042037964,-0.15715694427490234,-0.5799394249916077,-0.13361167907714844,-0.22044873237609863,-0.14160746335983276,-0.3438596725463867,-0.11949688196182251,-0.3431873321533203,-0.09828221797943115,-0.3211628794670105,0.0,0.0,0.0,0.0,0.0,0.0,0.0,0.0,0.0,0.0,0.0,0.0,0.0,0.0,0.0,0.0,0.0,0.0,0.0,0.0,0.0,0.0,0.0,0.0,0.0,0.0,0.0,0.0,0.0,0.0,0.0,0.0,0.0,0.0,0.0,0.0,0.0,0.0,0.0,0.0,0.0,0.0
0.0,0.0,0.05272454023361206,-0.13734781742095947,0.03785926103591919,-0.25742989778518677,-0.020923256874084473,-0.31553465127944946,-0.07943743467330933,-0.34058016538619995,0.04285717010498047,-0.3142312169075012,0.04706883430480957,-0.4661005139350891,0.048045992851257324,-0.5405304729938507,0.04927170276641846,-0.5979174673557281,-0.024463415145874023,-0.3075331449508667,-0.04144543409347534,-0.4814046621322632,-0.04848283529281616,-0.5770706236362457,-0.053162336349487305,-0.6475779116153717,-0.08811759948730469,-0.27729207277297974,-0.13240492343902588,-0.4336404800415039,-0.14582359790802002,-0.5197181701660156,-0.15565729141235352,-0.5823048651218414,-0.13364553451538086,-0.22989803552627563,-0.1380453109741211,-0.34567809104919434,-0.11503255367279053,-0.3414387106895447,-0.09253740310668945,-0.317104697227478,0.0,0.0,0.0,0.0,0.0,0.0,0.0,0.0,0.0,0.0,0.0,0.0,0.0,0.0,0.0,0.0,0.0,0.0,0.0,0.0,0.0,0.0,0.0,0.0,0.0,0.0,0.0,0.0,0.0,0.0,0.0,0.0,0.0,0.0,0.0,0.0,0.0,0.0,0.0,0.0,0.0,0.0
0.0,0.0,0.05498379468917847,-0.1354302167892456,0.04207855463027954,-0.2567029595375061,-0.017033934593200684,-0.31833404302597046,-0.076729416847229,-0.34232985973358154,0.038818955421447754,-0.3179170489311218,0.04183554649353027,-0.4711674451828003,0.043142497539520264,-0.5457761287689209,0.043962955474853516,-0.6040443480014801,-0.029545366764068604,-0.3101450800895691,-0.044590890407562256,-0.485934317111969,-0.050612032413482666,-0.5827692449092865,-0.05545264482498169,-0.6544904708862305,-0.09284114837646484,-0.2780541181564331,-0.13529103994369507,-0.43557441234588623,-0.146744966506958,-0.5243145525455475,-0.15528792142868042,-0.5886620283126831,-0.1368831992149353,-0.2271999716758728,-0.14245885610580444,-0.3481230139732361,-0.11917680501937866,-0.3465346097946167,-0.09646177291870117,-0.3227578401565552,0.0,0.0,0.0,0.0,0.0,0.0,0.0,0.0,0.0,0.0,0.0,0.0,0.0,0.0,0.0,0.0,0.0,0.0,0.0,0.0,0.0,0.0,0.0,0.0,0.0,0.0,0.0,0.0,0.0,0.0,0.0,0.0,0.0,0.0,0.0,0.0,0.0,0.0,0.0,0.0,0.0,0.0
0.0,0.0,0.05490773916244507,-0.1374529004096985,0.04268711805343628,-0.25834548473358154,-0.01582789421081543,-0.31838083267211914,-0.07510524988174438,-0.34154343605041504,0.04031026363372803,-0.3206014633178711,0.04906034469604492,-0.47766345739364624,0.05064034461975098,-0.5552823543548584,0.05194592475891113,-0.61445751786232,-0.027024686336517334,-0.31383049488067627,-0.042973339557647705,-0.49338558316230774,-0.049890220165252686,-0.5898028314113617,-0.054794251918792725,-0.6600411832332611,-0.09035259485244751,-0.2833396792411804,-0.1326318383216858,-0.44427502155303955,-0.14414113759994507,-0.5308313965797424,-0.1535610556602478,-0.5933851599693298,-0.13466835021972656,-0.2322397232055664,-0.14258497953414917,-0.35973072052001953,-0.11865782737731934,-0.3494054675102234,-0.0954933762550354,-0.3151145577430725,0.0,0.0,0.0,0.0,0.0,0.0,0.0,0.0,0.0,0.0,0.0,0.0,0.0,0.0,0.0,0.0,0.0,0.0,0.0,0.0,0.0,0.0,0.0,0.0,0.0,0.0,0.0,0.0,0.0,0.0,0.0,0.0,0.0,0.0,0.0,0.0,0.0,0.0,0.0,0.0,0.0,0.0
0.0,0.0,0.059219181537628174,-0.13395357131958008,0.04868948459625244,-0.25842374563217163,-0.014613687992095947,-0.3218979835510254,-0.07546746730804443,-0.3493407964706421,0.04024261236190796,-0.3263513445854187,0.0477413535118103,-0.4812741279602051,0.04885143041610718,-0.5589440166950226,0.04839015007019043,-0.6194829046726227,-0.029567599296569824,-0.3194177746772766,-0.04182422161102295,-0.49845415353775024,-0.04590052366256714,-0.5968434512615204,-0.050416529178619385,-0.6704398691654205,-0.09317594766616821,-0.2871214747428894,-0.13314694166183472,-0.44660401344299316,-0.1424604058265686,-0.5338141322135925,-0.150202214717865,-0.5973342955112457,-0.13649100065231323,-0.23596513271331787,-0.14094138145446777,-0.3609076738357544,-0.11634212732315063,-0.35588347911834717,-0.09351831674575806,-0.32786428928375244,0.0,0.0,0.0,0.0,0.0,0.0,0.0,0.0,0.0,0.0,0.0,0.0,0.0,0.0,0.0,0.0,0.0,0.0,0.0,0.0,0.0,0.0,0.0,0.0,0.0,0.0,0.0,0.0,0.0,0.0,0.0,0.0,0.0,0.0,0.0,0.0,0.0,0.0,0.0,0.0,0.0,0.0
0.0,0.0,0.058664143085479736,-0.13653069734573364,0.04845839738845825,-0.25867414474487305,-0.013065636157989502,-0.3202527165412903,-0.07385379076004028,-0.3448493480682373,0.04218524694442749,-0.3244420289993286,0.05114245414733887,-0.48392271995544434,0.05289202928543091,-0.5624589323997498,0.05281859636306763,-0.6231281459331512,-0.026551485061645508,-0.31739068031311035,-0.03939932584762573,-0.49991682171821594,-0.04387420415878296,-0.5978358387947083,-0.04874962568283081,-0.6705211997032166,-0.0903509259223938,-0.286771297454834,-0.1317884922027588,-0.4487006664276123,-0.14171141386032104,-0.535355806350708,-0.1505277156829834,-0.5988778173923492,-0.13384884595870972,-0.23662972450256348,-0.13916230201721191,-0.36698365211486816,-0.11504465341567993,-0.35322755575180054,-0.09229135513305664,-0.31569498777389526,0.0,0.0,0.0,0.0,0.0,0.0,0.0,0.0,0.0,0.0,0.0,0.0,0.0,0.0,0.0,0.0,0.0,0.0,0.0,0.0,0.0,0.0,0.0,0.0,0.0,0.0,0.0,0.0,0.0,0.0,0.0,0.0,0.0,0.0,0.0,0.0,0.0,0.0,0.0,0.0,0.0,0.0
0.0,0.0,0.05708593130111694,-0.13848233222961426,0.04160106182098389,-0.26450324058532715,-0.025674879550933838,-0.32369720935821533,-0.08953136205673218,-0.3484666347503662,0.04221236705780029,-0.3268488049507141,0.049400508403778076,-0.48085808753967285,0.05154585838317871,-0.5575890839099884,0.05284923315048218,-0.6170145571231842,-0.027013838291168213,-0.32095444202423096,-0.039736926555633545,-0.4991321861743927,-0.04487794637680054,-0.5970547497272491,-0.04939383268356323,-0.6701552867889404,-0.09140902757644653,-0.29078006744384766,-0.13259577751159668,-0.4516183137893677,-0.14222264289855957,-0.5387494564056396,-0.14975464344024658,-0.6028806865215302,-0.136604905128479,-0.24320465326309204,-0.13872867822647095,-0.3647826910018921,-0.11337929964065552,-0.35579144954681396,-0.09009355306625366,-0.3258233666419983,0.0,0.0,0.0,0.0,0.0,0.0,0.0,0.0,0.0,0.0,0.0,0.0,0.0,0.0,0.0,0.0,0.0,0.0,0.0,0.0,0.0,0.0,0.0,0.0,0.0,0.0,0.0,0.0,0.0,0.0,0.0,0.0,0.0,0.0,0.0,0.0,0.0,0.0,0.0,0.0,0.0,0.0
0.0,0.0,0.05642431974411011,-0.13728994131088257,0.043074846267700195,-0.25982487201690674,-0.01910531520843506,-0.31828922033309937,-0.08101195096969604,-0.34341341257095337,0.042938292026519775,-0.3248118758201599,0.05125826597213745,-0.4800018072128296,0.052374839782714844,-0.5577981173992157,0.052647292613983154,-0.6178851127624512,-0.024722695350646973,-0.31961697340011597,-0.038440704345703125,-0.4982779622077942,-0.043534159660339355,-0.5957418382167816,-0.04768282175064087,-0.6684256494045258,-0.08846980333328247,-0.28961509466171265,-0.13100117444992065,-0.44864344596862793,-0.1406397819519043,-0.5345288217067719,-0.14790785312652588,-0.5975106656551361,-0.13332951068878174,-0.24111968278884888,-0.13834905624389648,-0.3622788190841675,-0.1145368218421936,-0.3528040647506714,-0.09177780151367188,-0.32165151834487915,0.0,0.0,0.0,0.0,0.0,0.0,0.0,0.0,0.0,0.0,0.0,0.0,0.0,0.0,0.0,0.0,0.0,0.0,0.0,0.0,0.0,0.0,0.0,0.0,0.0,0.0,0.0,0.0,0.0,0.0,0.0,0.0,0.0,0.0,0.0,0.0,0.0,0.0,0.0,0.0,0.0,0.0
0.0,0.0,0.06039184331893921,-0.13538825511932373,0.048342227935791016,-0.2580934166908264,-0.01755344867706299,-0.3195052146911621,-0.07964527606964111,-0.347198486328125,0.04744356870651245,-0.32739919424057007,0.05765843391418457,-0.4799541234970093,0.05893796682357788,-0.5588987767696381,0.05836629867553711,-0.6192775368690491,-0.022340774536132812,-0.3242054581642151,-0.03508591651916504,-0.50114905834198,-0.040659189224243164,-0.5989583730697632,-0.04517239332199097,-0.6711617410182953,-0.08672827482223511,-0.29421281814575195,-0.12780672311782837,-0.4511030912399292,-0.13918375968933105,-0.5370450019836426,-0.14711040258407593,-0.5988654494285583,-0.13243389129638672,-0.2454320192337036,-0.13615953922271729,-0.3595122694969177,-0.1141132116317749,-0.3583475351333618,-0.09202820062637329,-0.3371007442474365,0.0,0.0,0.0,0.0,0.0,0.0,0.0,0.0,0.0,0.0,0.0,0.0,0.0,0.0,0.0,0.0,0.0,0.0,0.0,0.0,0.0,0.0,0.0,0.0,0.0,0.0,0.0,0.0,0.0,0.0,0.0,0.0,0.0,0.0,0.0,0.0,0.0,0.0,0.0,0.0,0.0,0.0
0.0,0.0,0.060497403144836426,-0.1369357705116272,0.052456557750701904,-0.2608739137649536,-0.009398460388183594,-0.3229277729988098,-0.07001328468322754,-0.3488278388977051,0.04753553867340088,-0.32739102840423584,0.055474281311035156,-0.4799705743789673,0.056610703468322754,-0.5555955767631531,0.05596649646759033,-0.6134077608585358,-0.021835923194885254,-0.32326871156692505,-0.034870803356170654,-0.5010992288589478,-0.03944432735443115,-0.6011533737182617,-0.044744253158569336,-0.6756452322006226,-0.08648884296417236,-0.292161762714386,-0.1280663013458252,-0.44946974515914917,-0.13914525508880615,-0.5371749997138977,-0.14783716201782227,-0.600883424282074,-0.1327599287033081,-0.2427106499671936,-0.13697248697280884,-0.36191874742507935,-0.1136440634727478,-0.3646731972694397,-0.09191101789474487,-0.34669721126556396,0.0,0.0,0.0,0.0,0.0,0.0,0.0,0.0,0.0,0.0,0.0,0.0,0.0,0.0,0.0,0.0,0.0,0.0,0.0,0.0,0.0,0.0,0.0,0.0,0.0,0.0,0.0,0.0,0.0,0.0,0.0,0.0,0.0,0.0,0.0,0.0,0.0,0.0,0.0,0.0,0.0,0.0
0.0,0.0,0.0629773736000061,-0.13298285007476807,0.05864769220352173,-0.25285547971725464,-0.0004010796546936035,-0.3167717456817627,-0.05851250886917114,-0.34524625539779663,0.048913657665252686,-0.32274770736694336,0.059777140617370605,-0.4762211740016937,0.06246834993362427,-0.5536860525608063,0.06380140781402588,-0.6127052903175354,-0.02188211679458618,-0.3212572932243347,-0.03356051445007324,-0.5008103251457214,-0.03715837001800537,-0.5997371971607208,-0.040511250495910645,-0.6725213825702667,-0.08659034967422485,-0.2924310564994812,-0.1271369457244873,-0.4484823942184448,-0.1364951729774475,-0.5349056124687195,-0.14260375499725342,-0.5965818464756012,-0.13241314888000488,-0.2441149353981018,-0.13623666763305664,-0.3571840524673462,-0.11272847652435303,-0.36162102222442627,-0.09001445770263672,-0.34516197443008423,0.0,0.0,0.0,0.0,0.0,0.0,0.0,0.0,0.0,0.0,0.0,0.0,0.0,0.0,0.0,0.0,0.0,0.0,0.0,0.0,0.0,0.0,0.0,0.0,0.0,0.0,0.0,0.0,0.0,0.0,0.0,0.0,0.0,0.0,0.0,0.0,0.0,0.0,0.0,0.0,0.0,0.0
0.0,0.0,0.06512373685836792,-0.1344495415687561,0.06045246124267578,-0.2557755708694458,0.00418698787689209,-0.32265180349349976,-0.05325818061828613,-0.3529277443885803,0.050506770610809326,-0.32805901765823364,0.061464548110961914,-0.48189857602119446,0.06472247838973999,-0.557468831539154,0.06552666425704956,-0.615534782409668,-0.021993577480316162,-0.32558488845825195,-0.03129643201828003,-0.5056225657463074,-0.03463643789291382,-0.6064037680625916,-0.03879028558731079,-0.6805106699466705,-0.08836674690246582,-0.2948033809661865,-0.1276680827140808,-0.4510244131088257,-0.13771241903305054,-0.5393224060535431,-0.1449117660522461,-0.6014190316200256,-0.13555210828781128,-0.24383008480072021,-0.13795137405395508,-0.35788851976394653,-0.11398208141326904,-0.3627398610115051,-0.09037899971008301,-0.34588301181793213,0.0,0.0,0.0,0.0,0.0,0.0,0.0,0.0,0.0,0.0,0.0,0.0,0.0,0.0,0.0,0.0,0.0,0.0,0.0,0.0,0.0,0.0,0.0,0.0,0.0,0.0,0.0,0.0,0.0,0.0,0.0,0.0,0.0,0.0,0.0,0.0,0.0,0.0,0.0,0.0,0.0,0.0
0.0,0.0,0.06458866596221924,-0.14332455396652222,0.05527377128601074,-0.26674920320510864,-0.0010049939155578613,-0.33292365074157715,-0.05953085422515869,-0.3582914471626282,0.04907900094985962,-0.3325996398925781,0.0629376769065857,-0.48678624629974365,0.06753820180892944,-0.5615212917327881,0.06999093294143677,-0.6193646490573883,-0.022927701473236084,-0.3286822438240051,-0.033663809299468994,-0.510825514793396,-0.036541521549224854,-0.6111782491207123,-0.04005539417266846,-0.6846087276935577,-0.089214026927948,-0.2974158525466919,-0.13096463680267334,-0.45483434200286865,-0.13979578018188477,-0.5430572926998138,-0.1466965675354004,-0.6064634025096893,-0.1349462866783142,-0.24359315633773804,-0.13894730806350708,-0.37065577507019043,-0.11324656009674072,-0.366740882396698,-0.08783233165740967,-0.33748775720596313,0.0,0.0,0.0,0.0,0.0,0.0,0.0,0.0,0.0,0.0,0.0,0.0,0.0,0.0,0.0,0.0,0.0,0.0,0.0,0.0,0.0,0.0,0.0,0.0,0.0,0.0,0.0,0.0,0.0,0.0,0.0,0.0,0.0,0.0,0.0,0.0,0.0,0.0,0.0,0.0,0.0,0.0
0.0,0.0,0.06389296054840088,-0.1445193886756897,0.054467737674713135,-0.27284854650497437,-0.0028211474418640137,-0.3391108512878418,-0.05970996618270874,-0.3695482015609741,0.049978435039520264,-0.3354259133338928,0.06177651882171631,-0.4904075860977173,0.06551849842071533,-0.5667005479335785,0.0675591230392456,-0.6251552999019623,-0.02053356170654297,-0.3288881778717041,-0.030729830265045166,-0.5099786520004272,-0.034016191959381104,-0.6130118072032928,-0.037845611572265625,-0.689728707075119,-0.08684355020523071,-0.2962256669998169,-0.12676161527633667,-0.4551025629043579,-0.13694149255752563,-0.5465326309204102,-0.1443689465522766,-0.612963080406189,-0.13344216346740723,-0.2445746660232544,-0.13734972476959229,-0.3665348291397095,-0.11369997262954712,-0.3736611008644104,-0.09071564674377441,-0.35782164335250854,0.0,0.0,0.0,0.0,0.0,0.0,0.0,0.0,0.0,0.0,0.0,0.0,0.0,0.0,0.0,0.0,0.0,0.0,0.0,0.0,0.0,0.0,0.0,0.0,0.0,0.0,0.0,0.0,0.0,0.0,0.0,0.0,0.0,0.0,0.0,0.0,0.0,0.0,0.0,0.0,0.0,0.0
0.0,0.0,0.0638914704322815,-0.1375088095664978,0.05532991886138916,-0.259671151638031,-0.004222214221954346,-0.325494647026062,-0.06264203786849976,-0.3590206503868103,0.049457430839538574,-0.32902270555496216,0.059992432594299316,-0.4822268486022949,0.0628896951675415,-0.5586737394332886,0.06358146667480469,-0.6181356608867645,-0.022835135459899902,-0.3263569474220276,-0.032463252544403076,-0.5089156627655029,-0.03597366809844971,-0.6109049618244171,-0.040250420570373535,-0.6879737675189972,-0.08976089954376221,-0.295940101146698,-0.1293887495994568,-0.4542134404182434,-0.14129585027694702,-0.543034017086029,-0.15055537223815918,-0.6067065596580505,-0.13699620962142944,-0.2451964020729065,-0.13839507102966309,-0.3621014952659607,-0.1137968897819519,-0.36707961559295654,-0.09016585350036621,-0.35074949264526367,0.0,0.0,0.0,0.0,0.0,0.0,0.0,0.0,0.0,0.0,0.0,0.0,0.0,0.0,0.0,0.0,0.0,0.0,0.0,0.0,0.0,0.0,0.0,0.0,0.0,0.0,0.0,0.0,0.0,0.0,0.0,0.0,0.0,0.0,0.0,0.0,0.0,0.0,0.0,0.0,0.0,0.0
0.0,0.0,0.06406337022781372,-0.13671749830245972,0.06012624502182007,-0.25805240869522095,0.0034340620040893555,-0.3286474943161011,-0.05461663007736206,-0.36208730936050415,0.048361003398895264,-0.33192533254623413,0.06043362617492676,-0.4853358864784241,0.06533968448638916,-0.5597928762435913,0.06802397966384888,-0.6165405213832855,-0.02371346950531006,-0.32653605937957764,-0.03455692529678345,-0.5118808150291443,-0.03762519359588623,-0.6127220392227173,-0.04137235879898071,-0.6873027086257935,-0.0899929404258728,-0.2935412526130676,-0.13003385066986084,-0.45192694664001465,-0.1410554051399231,-0.5419437289237976,-0.14888405799865723,-0.6057957410812378,-0.1371324062347412,-0.23859256505966187,-0.14232498407363892,-0.35950136184692383,-0.11861711740493774,-0.3636300563812256,-0.0947309136390686,-0.34413838386535645,0.0,0.0,0.0,0.0,0.0,0.0,0.0,0.0,0.0,0.0,0.0,0.0,0.0,0.0,0.0,0.0,0.0,0.0,0.0,0.0,0.0,0.0,0.0,0.0,0.0,0.0,0.0,0.0,0.0,0.0,0.0,0.0,0.0,0.0,0.0,0.0,0.0,0.0,0.0,0.0,0.0,0.0
0.0,0.0,0.06816786527633667,-0.13214993476867676,0.06175714731216431,-0.2516961693763733,0.004952073097229004,-0.3242751359939575,-0.051071345806121826,-0.35844630002975464,0.0547524094581604,-0.33295750617980957,0.06266313791275024,-0.4836960434913635,0.06517338752746582,-0.556725263595581,0.0652846097946167,-0.6139575242996216,-0.018861234188079834,-0.3307754397392273,-0.03104466199874878,-0.5136330127716064,-0.035797715187072754,-0.6140783131122589,-0.04006683826446533,-0.6901527643203735,-0.08608168363571167,-0.2997763752937317,-0.12840962409973145,-0.4579642415046692,-0.1420375108718872,-0.5469766855239868,-0.15161442756652832,-0.6122067272663116,-0.132551908493042,-0.24421721696853638,-0.1372717022895813,-0.3623013496398926,-0.11405670642852783,-0.361844539642334,-0.0898047685623169,-0.3393813371658325,0.0,0.0,0.0,0.0,0.0,0.0,0.0,0.0,0.0,0.0,0.0,0.0,0.0,0.0,0.0,0.0,0.0,0.0,0.0,0.0,0.0,0.0,0.0,0.0,0.0,0.0,0.0,0.0,0.0,0.0,0.0,0.0,0.0,0.0,0.0,0.0,0.0,0.0,0.0,0.0,0.0,0.0
0.0,0.0,0.06649965047836304,-0.13431262969970703,0.06037956476211548,-0.2544201612472534,0.0055040717124938965,-0.3268558382987976,-0.050030529499053955,-0.36128532886505127,0.049056410789489746,-0.33582961559295654,0.062010765075683594,-0.4905334711074829,0.06663912534713745,-0.5660737454891205,0.06851524114608765,-0.6260310411453247,-0.023427367210388184,-0.3322560787200928,-0.031741559505462646,-0.5169491171836853,-0.03432208299636841,-0.6201103627681732,-0.037135183811187744,-0.6992376446723938,-0.09033191204071045,-0.2989194989204407,-0.1306290626525879,-0.45526063442230225,-0.14183437824249268,-0.5478932857513428,-0.14876598119735718,-0.6156577467918396,-0.1368938684463501,-0.2412394881248474,-0.14165723323822021,-0.35853397846221924,-0.11751359701156616,-0.3639921545982361,-0.09219175577163696,-0.34724682569503784,0.0,0.0,0.0,0.0,0.0,0.0,0.0,0.0,0.0,0.0,0.0,0.0,0.0,0.0,0.0,0.0,0.0,0.0,0.0,0.0,0.0,0.0,0.0,0.0,0.0,0.0,0.0,0.0,0.0,0.0,0.0,0.0,0.0,0.0,0.0,0.0,0.0,0.0,0.0,0.0,0.0,0.0
0.0,0.0,0.06469422578811646,-0.1366434097290039,0.05724126100540161,-0.25728797912597656,0.0018135309219360352,-0.32511770725250244,-0.054383814334869385,-0.355968713760376,0.05012017488479614,-0.3353993892669678,0.06054192781448364,-0.4877629280090332,0.0637521743774414,-0.5617932677268982,0.0645132064819336,-0.6196857988834381,-0.022554397583007812,-0.33254915475845337,-0.033665359020233154,-0.5160830616950989,-0.03679251670837402,-0.616182953119278,-0.03970414400100708,-0.6932466328144073,-0.08986687660217285,-0.3008924126625061,-0.1314411759376526,-0.4582236409187317,-0.14297252893447876,-0.5462894439697266,-0.15095436573028564,-0.6128563284873962,-0.13683253526687622,-0.24405699968338013,-0.14129817485809326,-0.36106717586517334,-0.11728334426879883,-0.3579331636428833,-0.0929068922996521,-0.33413422107696533,0.0,0.0,0.0,0.0,0.0,0.0,0.0,0.0,0.0,0.0,0.0,0.0,0.0,0.0,0.0,0.0,0.0,0.0,0.0,0.0,0.0,0.0,0.0,0.0,0.0,0.0,0.0,0.0,0.0,0.0,0.0,0.0,0.0,0.0,0.0,0.0,0.0,0.0,0.0,0.0,0.0,0.0
0.0,0.0,0.061127305030822754,-0.14223194122314453,0.05107814073562622,-0.2647708058357239,-0.0039670467376708984,-0.3327319622039795,-0.060950517654418945,-0.3599790930747986,0.045532047748565674,-0.33789730072021484,0.056729912757873535,-0.4928094148635864,0.060813188552856445,-0.5678672194480896,0.0629110336303711,-0.6269136667251587,-0.02599579095840454,-0.33188921213150024,-0.037351131439208984,-0.5176309049129486,-0.040966808795928955,-0.6191598176956177,-0.043658554553985596,-0.6967174708843231,-0.09300655126571655,-0.29718923568725586,-0.13557618856430054,-0.4574369192123413,-0.14727771282196045,-0.5475379824638367,-0.15459024906158447,-0.6146798133850098,-0.14061987400054932,-0.23758071660995483,-0.1485423445701599,-0.3590570092201233,-0.12471884489059448,-0.3595382571220398,-0.09976279735565186,-0.33830446004867554,0.0,0.0,0.0,0.0,0.0,0.0,0.0,0.0,0.0,0.0,0.0,0.0,0.0,0.0,0.0,0.0,0.0,0.0,0.0,0.0,0.0,0.0,0.0,0.0,0.0,0.0,0.0,0.0,0.0,0.0,0.0,0.0,0.0,0.0,0.0,0.0,0.0,0.0,0.0,0.0,0.0,0.0
0.0,0.0,0.06496971845626831,-0.1383165717124939,0.05629843473434448,-0.26015812158584595,0.00048166513442993164,-0.3292044997215271,-0.0567283034324646,-0.36036092042922974,0.05789715051651001,-0.3321227431297302,0.06735396385192871,-0.48725128173828125,0.06947702169418335,-0.5626419484615326,0.06957566738128662,-0.6198956966400146,-0.014549434185028076,-0.32872599363327026,-0.025233924388885498,-0.5119842290878296,-0.0282248854637146,-0.6112280786037445,-0.03001183271408081,-0.6858372986316681,-0.08309191465377808,-0.297810435295105,-0.12610715627670288,-0.45787757635116577,-0.1377643346786499,-0.5463180541992188,-0.14518219232559204,-0.6119601428508759,-0.13188141584396362,-0.2428874373435974,-0.13704031705856323,-0.365884006023407,-0.11266148090362549,-0.3610139489173889,-0.08763283491134644,-0.3339166045188904,0.0,0.0,0.0,0.0,0.0,0.0,0.0,0.0,0.0,0.0,0.0,0.0,0.0,0.0,0.0,0.0,0.0,0.0,0.0,0.0,0.0,0.0,0.0,0.0,0.0,0.0,0.0,0.0,0.0,0.0,0.0,0.0,0.0,0.0,0.0,0.0,0.0,0.0,0.0,0.0,0.0,0.0
0.0,0.0,0.06558334827423096,-0.13895535469055176,0.05856895446777344,-0.2598722577095032,0.00570368766784668,-0.3312762975692749,-0.04915958642959595,-0.3654143214225769,0.04989123344421387,-0.3341016173362732,0.06100088357925415,-0.4856433570384979,0.06498545408248901,-0.5615407526493073,0.06602048873901367,-0.6213919520378113,-0.022520363330841064,-0.3312978148460388,-0.03142189979553223,-0.5134828090667725,-0.034608304500579834,-0.6150069832801819,-0.03793132305145264,-0.6935552656650543,-0.09007424116134644,-0.2991642951965332,-0.1307571530342102,-0.456756055355072,-0.14376592636108398,-0.545307993888855,-0.1518358588218689,-0.6111239194869995,-0.13830363750457764,-0.24249756336212158,-0.14370208978652954,-0.3613100051879883,-0.12038290500640869,-0.36669111251831055,-0.09523177146911621,-0.3532314896583557,0.0,0.0,0.0,0.0,0.0,0.0,0.0,0.0,0.0,0.0,0.0,0.0,0.0,0.0,0.0,0.0,0.0,0.0,0.0,0.0,0.0,0.0,0.0,0.0,0.0,0.0,0.0,0.0,0.0,0.0,0.0,0.0,0.0,0.0,0.0,0.0,0.0,0.0,0.0,0.0,0.0,0.0
0.0,0.0,0.06607288122177124,-0.13593804836273193,0.05958002805709839,-0.2587151527404785,0.003014504909515381,-0.32773977518081665,-0.055718064308166504,-0.3554196357727051,0.050962626934051514,-0.3365142345428467,0.058610379695892334,-0.48762547969818115,0.061533331871032715,-0.5614149570465088,0.062238454818725586,-0.6202035844326019,-0.023000061511993408,-0.3335488438606262,-0.03380942344665527,-0.5156028270721436,-0.03689920902252197,-0.6153774261474609,-0.03962332010269165,-0.6919898390769958,-0.09162938594818115,-0.301771342754364,-0.1331213116645813,-0.45985865592956543,-0.1436343789100647,-0.5475655794143677,-0.15025067329406738,-0.6123969852924347,-0.14030879735946655,-0.24537360668182373,-0.14477479457855225,-0.3654419779777527,-0.119468092918396,-0.3613343834877014,-0.09395009279251099,-0.3360176086425781,0.0,0.0,0.0,0.0,0.0,0.0,0.0,0.0,0.0,0.0,0.0,0.0,0.0,0.0,0.0,0.0,0.0,0.0,0.0,0.0,0.0,0.0,0.0,0.0,0.0,0.0,0.0,0.0,0.0,0.0,0.0,0.0,0.0,0.0,0.0,0.0,0.0,0.0,0.0,0.0,0.0,0.0
0.0,0.0,0.06502646207809448,-0.13619989156723022,0.05598092079162598,-0.2614727020263672,-0.004103899002075195,-0.32795053720474243,-0.06545406579971313,-0.3542076349258423,0.04649245738983154,-0.34031081199645996,0.058888912200927734,-0.497169554233551,0.06416565179824829,-0.5748363435268402,0.06656289100646973,-0.6351295709609985,-0.026219308376312256,-0.336401104927063,-0.036314964294433594,-0.5204082131385803,-0.038945674896240234,-0.6211378872394562,-0.04211139678955078,-0.6981835663318634,-0.09385937452316284,-0.30413591861724854,-0.1354706883430481,-0.46257132291793823,-0.14733237028121948,-0.5526689887046814,-0.1555987000465393,-0.6190201044082642,-0.14210790395736694,-0.2487257719039917,-0.14665210247039795,-0.3705456256866455,-0.12152260541915894,-0.36445093154907227,-0.09637504816055298,-0.3347676992416382,0.0,0.0,0.0,0.0,0.0,0.0,0.0,0.0,0.0,0.0,0.0,0.0,0.0,0.0,0.0,0.0,0.0,0.0,0.0,0.0,0.0,0.0,0.0,0.0,0.0,0.0,0.0,0.0,0.0,0.0,0.0,0.0,0.0,0.0,0.0,0.0,0.0,0.0,0.0,0.0,0.0,0.0
0.0,0.0,0.06357687711715698,-0.1469869613647461,0.050601840019226074,-0.27628093957901,-0.017852723598480225,-0.34186381101608276,-0.08175539970397949,-0.370907723903656,0.05080914497375488,-0.3422996997833252,0.06325185298919678,-0.49841463565826416,0.06822478771209717,-0.5785943865776062,0.07104116678237915,-0.6402930617332458,-0.022716283798217773,-0.3380776643753052,-0.03237682580947876,-0.521919846534729,-0.03533768653869629,-0.6263504326343536,-0.03915673494338989,-0.7050184607505798,-0.09209614992141724,-0.30749040842056274,-0.13487333059310913,-0.4647994637489319,-0.14714306592941284,-0.5553377866744995,-0.15672051906585693,-0.6207603514194489,-0.14150696992874146,-0.2569159269332886,-0.1403639316558838,-0.3828960657119751,-0.1130937933921814,-0.37782031297683716,-0.08771634101867676,-0.348371684551239,0.0,0.0,0.0,0.0,0.0,0.0,0.0,0.0,0.0,0.0,0.0,0.0,0.0,0.0,0.0,0.0,0.0,0.0,0.0,0.0,0.0,0.0,0.0,0.0,0.0,0.0,0.0,0.0,0.0,0.0,0.0,0.0,0.0,0.0,0.0,0.0,0.0,0.0,0.0,0.0,0.0,0.0
0.0,0.0,0.06489008665084839,-0.13789981603622437,0.05611550807952881,-0.2663198709487915,-0.003297865390777588,-0.3360835313796997,-0.06412947177886963,-0.3655809760093689,0.052726924419403076,-0.34130221605300903,0.06497442722320557,-0.49737364053726196,0.06962776184082031,-0.5753739476203918,0.07119423151016235,-0.6352137923240662,-0.02067744731903076,-0.3397224545478821,-0.03185945749282837,-0.5276699066162109,-0.03499215841293335,-0.6297896504402161,-0.03920257091522217,-0.7070904970169067,-0.08962863683700562,-0.31072694063186646,-0.131458580493927,-0.4689282178878784,-0.142084538936615,-0.557532012462616,-0.15013986825942993,-0.6219441890716553,-0.1387125849723816,-0.25918179750442505,-0.14005780220031738,-0.38041001558303833,-0.11550956964492798,-0.37352412939071655,-0.09181690216064453,-0.3421584367752075,0.0,0.0,0.0,0.0,0.0,0.0,0.0,0.0,0.0,0.0,0.0,0.0,0.0,0.0,0.0,0.0,0.0,0.0,0.0,0.0,0.0,0.0,0.0,0.0,0.0,0.0,0.0,0.0,0.0,0.0,0.0,0.0,0.0,0.0,0.0,0.0,0.0,0.0,0.0,0.0,0.0,0.0
0.0,0.0,0.06379461288452148,-0.14205414056777954,0.04997098445892334,-0.27003902196884155,-0.011281490325927734,-0.33952587842941284,-0.07272458076477051,-0.3668246865272522,0.04554319381713867,-0.34387052059173584,0.05951613187789917,-0.5056536197662354,0.06455612182617188,-0.5828349888324738,0.06616073846817017,-0.6419409215450287,-0.028132379055023193,-0.34099191427230835,-0.03770691156387329,-0.530265748500824,-0.04039144515991211,-0.6314744651317596,-0.044133901596069336,-0.7070085108280182,-0.09725064039230347,-0.31128400564193726,-0.1394672393798828,-0.4700758457183838,-0.15056532621383667,-0.5605114698410034,-0.15902602672576904,-0.6261018812656403,-0.14513200521469116,-0.2590034008026123,-0.1485496163368225,-0.38584572076797485,-0.12281638383865356,-0.37778908014297485,-0.09759509563446045,-0.34278082847595215,0.0,0.0,0.0,0.0,0.0,0.0,0.0,0.0,0.0,0.0,0.0,0.0,0.0,0.0,0.0,0.0,0.0,0.0,0.0,0.0,0.0,0.0,0.0,0.0,0.0,0.0,0.0,0.0,0.0,0.0,0.0,0.0,0.0,0.0,0.0,0.0,0.0,0.0,0.0,0.0,0.0,0.0
0.0,0.0,0.06907147169113159,-0.13597142696380615,0.060302734375,-0.2623205780982971,-0.0019198060035705566,-0.3360430598258972,-0.06220799684524536,-0.36736392974853516,0.05006706714630127,-0.3460426330566406,0.06052982807159424,-0.5073453783988953,0.06552225351333618,-0.5857329368591309,0.0673825740814209,-0.6469110250473022,-0.02388089895248413,-0.34431517124176025,-0.03444606065750122,-0.5336475968360901,-0.03747093677520752,-0.6352421045303345,-0.04170691967010498,-0.7125978469848633,-0.09266436100006104,-0.3149610757827759,-0.1336866021156311,-0.47492051124572754,-0.1439027190208435,-0.5635920166969299,-0.15233463048934937,-0.6289730668067932,-0.14052283763885498,-0.2609623670578003,-0.1434948444366455,-0.39332449436187744,-0.11804455518722534,-0.38249093294143677,-0.09356337785720825,-0.3451213240623474,0.0,0.0,0.0,0.0,0.0,0.0,0.0,0.0,0.0,0.0,0.0,0.0,0.0,0.0,0.0,0.0,0.0,0.0,0.0,0.0,0.0,0.0,0.0,0.0,0.0,0.0,0.0,0.0,0.0,0.0,0.0,0.0,0.0,0.0,0.0,0.0,0.0,0.0,0.0,0.0,0.0,0.0
0.0,0.0,0.06565284729003906,-0.14316034317016602,0.055747389793395996,-0.26694077253341675,-0.0014116764068603516,-0.33503538370132446,-0.06027477979660034,-0.361430287361145,0.04811638593673706,-0.3453770875930786,0.061342597007751465,-0.5049725770950317,0.06819021701812744,-0.5829328298568726,0.07225430011749268,-0.6432567238807678,-0.025310039520263672,-0.3443818688392639,-0.035457491874694824,-0.5326266288757324,-0.037598252296447754,-0.6333354413509369,-0.04071527719497681,-0.7114110887050629,-0.09429192543029785,-0.3155643939971924,-0.13520216941833496,-0.4685581922531128,-0.14647293090820312,-0.5573780536651611,-0.1555873155593872,-0.6247604489326477,-0.14318138360977173,-0.2605404257774353,-0.14575564861297607,-0.38591712713241577,-0.12118774652481079,-0.375526487827301,-0.09647619724273682,-0.33830612897872925,0.0,0.0,0.0,0.0,0.0,0.0,0.0,0.0,0.0,0.0,0.0,0.0,0.0,0.0,0.0,0.0,0.0,0.0,0.0,0.0,0.0,0.0,0.0,0.0,0.0,0.0,0.0,0.0,0.0,0.0,0.0,0.0,0.0,0.0,0.0,0.0,0.0,0.0,0.0,0.0,0.0,0.0
0.0,0.0,0.06622350215911865,-0.1444472074508667,0.05689370632171631,-0.2694256901741028,-0.003265857696533203,-0.3384152054786682,-0.06353306770324707,-0.3644797205924988,0.051022231578826904,-0.336320698261261,0.062206387519836426,-0.49580490589141846,0.06699371337890625,-0.5741837620735168,0.06916296482086182,-0.63579261302948,-0.02256953716278076,-0.33514678478240967,-0.0325433611869812,-0.5253689885139465,-0.03569668531417847,-0.625223308801651,-0.04026472568511963,-0.7024347186088562,-0.09163570404052734,-0.30932801961898804,-0.13128358125686646,-0.46534663438796997,-0.14178216457366943,-0.5526385307312012,-0.15055257081985474,-0.6174851059913635,-0.1400202512741089,-0.2606949210166931,-0.14358603954315186,-0.38366997241973877,-0.1185222864151001,-0.37288373708724976,-0.09429031610488892,-0.3371698260307312,0.0,0.0,0.0,0.0,0.0,0.0,0.0,0.0,0.0,0.0,0.0,0.0,0.0,0.0,0.0,0.0,0.0,0.0,0.0,0.0,0.0,0.0,0.0,0.0,0.0,0.0,0.0,0.0,0.0,0.0,0.0,0.0,0.0,0.0,0.0,0.0,0.0,0.0,0.0,0.0,0.0,0.0
0.0,0.0,0.06548863649368286,-0.14189940690994263,0.05507206916809082,-0.2692047953605652,-0.012469232082366943,-0.3406641483306885,-0.076210618019104,-0.37281304597854614,0.06544095277786255,-0.33105695247650146,0.0773347020149231,-0.4914052486419678,0.08240187168121338,-0.5723487436771393,0.08488494157791138,-0.6363130211830139,-0.008756697177886963,-0.3314051032066345,-0.018092095851898193,-0.5223542749881744,-0.02304929494857788,-0.626067191362381,-0.028341948986053467,-0.7048516273498535,-0.07931697368621826,-0.30869096517562866,-0.11983150243759155,-0.46446871757507324,-0.13160526752471924,-0.552966982126236,-0.14066600799560547,-0.6164882481098175,-0.13020163774490356,-0.2654598355293274,-0.12991231679916382,-0.38362932205200195,-0.10484850406646729,-0.371476411819458,-0.08020824193954468,-0.33613133430480957,0.0,0.0,0.0,0.0,0.0,0.0,0.0,0.0,0.0,0.0,0.0,0.0,0.0,0.0,0.0,0.0,0.0,0.0,0.0,0.0,0.0,0.0,0.0,0.0,0.0,0.0,0.0,0.0,0.0,0.0,0.0,0.0,0.0,0.0,0.0,0.0,0.0,0.0,0.0,0.0,0.0,0.0
0.0,0.0,0.06671446561813354,-0.14171355962753296,0.0577583909034729,-0.2693752646446228,-0.004658401012420654,-0.3384503722190857,-0.06821691989898682,-0.3642924427986145,0.061829328536987305,-0.32961684465408325,0.0782477855682373,-0.48778021335601807,0.08486449718475342,-0.567212700843811,0.08626258373260498,-0.6310354471206665,-0.013347864151000977,-0.3327704668045044,-0.01751995086669922,-0.5210993885993958,-0.020116865634918213,-0.6244179010391235,-0.025327444076538086,-0.7055800557136536,-0.08378869295120239,-0.3107057809829712,-0.1193271279335022,-0.46997153759002686,-0.1288522481918335,-0.5595371723175049,-0.13717466592788696,-0.6249655485153198,-0.1344130039215088,-0.26729869842529297,-0.1298031210899353,-0.38593602180480957,-0.10283958911895752,-0.3782806396484375,-0.07751893997192383,-0.3480638265609741,0.0,0.0,0.0,0.0,0.0,0.0,0.0,0.0,0.0,0.0,0.0,0.0,0.0,0.0,0.0,0.0,0.0,0.0,0.0,0.0,0.0,0.0,0.0,0.0,0.0,0.0,0.0,0.0,0.0,0.0,0.0,0.0,0.0,0.0,0.0,0.0,0.0,0.0,0.0,0.0,0.0,0.0
0.0,0.0,0.07225626707077026,-0.13337576389312744,0.06551253795623779,-0.25727665424346924,0.010062932968139648,-0.33023667335510254,-0.04802793264389038,-0.36172765493392944,0.07086992263793945,-0.3254117965698242,0.09497517347335815,-0.484779953956604,0.10684019327163696,-0.5673326849937439,0.1121336817741394,-0.6316245198249817,-0.00681757926940918,-0.33389437198638916,-0.004934072494506836,-0.5232560038566589,-0.003261268138885498,-0.6266893148422241,-0.004669308662414551,-0.7049328088760376,-0.07894349098205566,-0.314494788646698,-0.11258256435394287,-0.4725620150566101,-0.11785370111465454,-0.5601756870746613,-0.12233644723892212,-0.6213416159152985,-0.12981444597244263,-0.27203798294067383,-0.1191512942314148,-0.383430540561676,-0.0910804271697998,-0.37681543827056885,-0.06526607275009155,-0.3466765880584717,0.0,0.0,0.0,0.0,0.0,0.0,0.0,0.0,0.0,0.0,0.0,0.0,0.0,0.0,0.0,0.0,0.0,0.0,0.0,0.0,0.0,0.0,0.0,0.0,0.0,0.0,0.0,0.0,0.0,0.0,0.0,0.0,0.0,0.0,0.0,0.0,0.0,0.0,0.0,0.0,0.0,0.0
0.0,0.0,0.07044804096221924,-0.14005613327026367,0.06017178297042847,-0.2727488875389099,-0.009016454219818115,-0.34592676162719727,-0.07340806722640991,-0.3777710795402527,0.06825953722000122,-0.3328385353088379,0.09381663799285889,-0.4893420934677124,0.1058884859085083,-0.5697373151779175,0.11272472143173218,-0.6337758898735046,-0.010236620903015137,-0.3389196991920471,-0.007441341876983643,-0.5256331562995911,-0.004480540752410889,-0.632778525352478,-0.00434565544128418,-0.713277131319046,-0.0814090371131897,-0.31642085313796997,-0.1164136528968811,-0.4767357110977173,-0.12143409252166748,-0.569687008857727,-0.12503284215927124,-0.6339799165725708,-0.13007903099060059,-0.2720654606819153,-0.12165653705596924,-0.38598012924194336,-0.09268295764923096,-0.3827340006828308,-0.066475510597229,-0.35494041442871094,0.0,0.0,0.0,0.0,0.0,0.0,0.0,0.0,0.0,0.0,0.0,0.0,0.0,0.0,0.0,0.0,0.0,0.0,0.0,0.0,0.0,0.0,0.0,0.0,0.0,0.0,0.0,0.0,0.0,0.0,0.0,0.0,0.0,0.0,0.0,0.0,0.0,0.0,0.0,0.0,0.0,0.0
0.0,0.0,0.07480853796005249,-0.13637501001358032,0.07085859775543213,-0.26401710510253906,0.013360261917114258,-0.3366173505783081,-0.047475993633270264,-0.3670385479927063,0.07766056060791016,-0.3297608494758606,0.10311198234558105,-0.4890536069869995,0.11461615562438965,-0.572145938873291,0.1207771897315979,-0.6381243765354156,-5.942583084106445e-05,-0.3381776809692383,0.0011142492294311523,-0.5252186059951782,0.003756880760192871,-0.6294264495372772,0.003989577293395996,-0.7098888158798218,-0.0727962851524353,-0.3192289471626282,-0.10508853197097778,-0.4757393002510071,-0.1090438961982727,-0.5642161667346954,-0.11240828037261963,-0.627284973859787,-0.1247052550315857,-0.27828872203826904,-0.1139756441116333,-0.38842469453811646,-0.08568251132965088,-0.38158613443374634,-0.06051069498062134,-0.35185080766677856,0.0,0.0,0.0,0.0,0.0,0.0,0.0,0.0,0.0,0.0,0.0,0.0,0.0,0.0,0.0,0.0,0.0,0.0,0.0,0.0,0.0,0.0,0.0,0.0,0.0,0.0,0.0,0.0,0.0,0.0,0.0,0.0,0.0,0.0,0.0,0.0,0.0,0.0,0.0,0.0,0.0,0.0
0.0,0.0,0.07120412588119507,-0.1366174817085266,0.061794936656951904,-0.26967543363571167,-0.007003843784332275,-0.34632062911987305,-0.07075077295303345,-0.3835851550102234,0.06958842277526855,-0.33346492052078247,0.0980653166770935,-0.4930339455604553,0.10958963632583618,-0.5767985284328461,0.11493104696273804,-0.645023912191391,-0.008677244186401367,-0.34232020378112793,-0.0037291646003723145,-0.5300637483596802,-0.002728104591369629,-0.6385380625724792,-0.005101978778839111,-0.7196713089942932,-0.08036011457443237,-0.32121241092681885,-0.11275923252105713,-0.481082022190094,-0.11876434087753296,-0.573180079460144,-0.12456148862838745,-0.6363797783851624,-0.13025087118148804,-0.2771371006965637,-0.11985152959823608,-0.3873050808906555,-0.09133285284042358,-0.38280928134918213,-0.06710600852966309,-0.3553142547607422,0.0,0.0,0.0,0.0,0.0,0.0,0.0,0.0,0.0,0.0,0.0,0.0,0.0,0.0,0.0,0.0,0.0,0.0,0.0,0.0,0.0,0.0,0.0,0.0,0.0,0.0,0.0,0.0,0.0,0.0,0.0,0.0,0.0,0.0,0.0,0.0,0.0,0.0,0.0,0.0,0.0,0.0
0.0,0.0,0.07497262954711914,-0.13597697019577026,0.07245326042175293,-0.2681856155395508,0.011972308158874512,-0.3400369882583618,-0.04949235916137695,-0.3702576756477356,0.07733118534088135,-0.3367618918418884,0.10529822111129761,-0.49476784467697144,0.117526113986969,-0.5775582790374756,0.12424969673156738,-0.644627720117569,-0.0003255605697631836,-0.3481573462486267,0.0045604705810546875,-0.5319663286209106,0.008179128170013428,-0.6376837491989136,0.008234202861785889,-0.7210836708545685,-0.07270818948745728,-0.330822229385376,-0.10138732194900513,-0.4836556911468506,-0.10437923669815063,-0.5739537477493286,-0.10816812515258789,-0.6399676501750946,-0.12408584356307983,-0.29114222526550293,-0.10968047380447388,-0.39635586738586426,-0.08028924465179443,-0.3913259506225586,-0.05523872375488281,-0.36482858657836914,0.0,0.0,0.0,0.0,0.0,0.0,0.0,0.0,0.0,0.0,0.0,0.0,0.0,0.0,0.0,0.0,0.0,0.0,0.0,0.0,0.0,0.0,0.0,0.0,0.0,0.0,0.0,0.0,0.0,0.0,0.0,0.0,0.0,0.0,0.0,0.0,0.0,0.0,0.0,0.0,0.0,0.0
0.0,0.0,0.07471072673797607,-0.13663142919540405,0.0652814507484436,-0.27282965183258057,-0.005293667316436768,-0.3476526141166687,-0.07170778512954712,-0.3848535418510437,0.07186472415924072,-0.3435215950012207,0.10180890560150146,-0.5028454065322876,0.11385661363601685,-0.5865437984466553,0.11828672885894775,-0.6553528308868408,-0.006451606750488281,-0.35481858253479004,-0.00037783384323120117,-0.5392686426639557,0.0016492009162902832,-0.6473931670188904,-0.0009437203407287598,-0.7300971150398254,-0.07858490943908691,-0.33385032415390015,-0.10950601100921631,-0.489993691444397,-0.11564415693283081,-0.5836202204227448,-0.12230545282363892,-0.6500481367111206,-0.1288769245147705,-0.29140859842300415,-0.11382228136062622,-0.3983362317085266,-0.08378881216049194,-0.39712071418762207,-0.05918318033218384,-0.37496936321258545,0.0,0.0,0.0,0.0,0.0,0.0,0.0,0.0,0.0,0.0,0.0,0.0,0.0,0.0,0.0,0.0,0.0,0.0,0.0,0.0,0.0,0.0,0.0,0.0,0.0,0.0,0.0,0.0,0.0,0.0,0.0,0.0,0.0,0.0,0.0,0.0,0.0,0.0,0.0,0.0,0.0,0.0
0.0,0.0,0.07754480838775635,-0.13620060682296753,0.07529300451278687,-0.2690836787223816,0.012594878673553467,-0.3456234335899353,-0.0509907603263855,-0.3790404796600342,0.07836669683456421,-0.34004396200180054,0.10701042413711548,-0.4988771677017212,0.11865097284317017,-0.5830459892749786,0.12392669916152954,-0.6522057354450226,-0.0005589723587036133,-0.35186076164245605,0.007208764553070068,-0.5375931560993195,0.010471343994140625,-0.6442460119724274,0.008858859539031982,-0.7273610234260559,-0.07388734817504883,-0.3338918685913086,-0.10135424137115479,-0.4910773038864136,-0.1045122742652893,-0.5804044604301453,-0.10927045345306396,-0.6443720757961273,-0.12567675113677979,-0.2935909032821655,-0.112213134765625,-0.40210068225860596,-0.08393895626068115,-0.39739155769348145,-0.06075769662857056,-0.3711240291595459,0.0,0.0,0.0,0.0,0.0,0.0,0.0,0.0,0.0,0.0,0.0,0.0,0.0,0.0,0.0,0.0,0.0,0.0,0.0,0.0,0.0,0.0,0.0,0.0,0.0,0.0,0.0,0.0,0.0,0.0,0.0,0.0,0.0,0.0,0.0,0.0,0.0,0.0,0.0,0.0,0.0,0.0
0.0,0.0,0.07500261068344116,-0.13038086891174316,0.0670817494392395,-0.26341676712036133,-0.0033563971519470215,-0.34192341566085815,-0.06950074434280396,-0.3788013458251953,0.07000792026519775,-0.34457409381866455,0.1016455888748169,-0.5050389170646667,0.1134604811668396,-0.588828831911087,0.1168290376663208,-0.6568937301635742,-0.008395254611968994,-0.35542672872543335,-0.0030611753463745117,-0.5422839522361755,-0.0018391013145446777,-0.6490267217159271,-0.005739450454711914,-0.7308842539787292,-0.07946622371673584,-0.3340889811515808,-0.11013638973236084,-0.4909660220146179,-0.11654728651046753,-0.5830243527889252,-0.12365978956222534,-0.6490511894226074,-0.1287558674812317,-0.28947556018829346,-0.11884760856628418,-0.39827537536621094,-0.09122103452682495,-0.39447009563446045,-0.0677332878112793,-0.36862725019454956,0.0,0.0,0.0,0.0,0.0,0.0,0.0,0.0,0.0,0.0,0.0,0.0,0.0,0.0,0.0,0.0,0.0,0.0,0.0,0.0,0.0,0.0,0.0,0.0,0.0,0.0,0.0,0.0,0.0,0.0,0.0,0.0,0.0,0.0,0.0,0.0,0.0,0.0,0.0,0.0,0.0,0.0
0.0,0.0,0.08045917749404907,-0.13437235355377197,0.0802309513092041,-0.26864874362945557,0.017796576023101807,-0.34558331966400146,-0.0448380708694458,-0.37781745195388794,0.07798582315444946,-0.3452221751213074,0.10631120204925537,-0.5020391941070557,0.1174088716506958,-0.5839196443557739,0.12185227870941162,-0.6508399248123169,-0.0011931657791137695,-0.3554004430770874,0.005870640277862549,-0.5401759743690491,0.008586704730987549,-0.6463667154312134,0.005547881126403809,-0.7290607988834381,-0.07311022281646729,-0.3351971507072449,-0.10345065593719482,-0.49224841594696045,-0.1085018515586853,-0.5823647081851959,-0.11491644382476807,-0.6478317379951477,-0.12199527025222778,-0.29111766815185547,-0.11153644323348999,-0.4035009741783142,-0.0833699107170105,-0.3977436423301697,-0.05942845344543457,-0.3688552975654602,0.0,0.0,0.0,0.0,0.0,0.0,0.0,0.0,0.0,0.0,0.0,0.0,0.0,0.0,0.0,0.0,0.0,0.0,0.0,0.0,0.0,0.0,0.0,0.0,0.0,0.0,0.0,0.0,0.0,0.0,0.0,0.0,0.0,0.0,0.0,0.0,0.0,0.0,0.0,0.0,0.0,0.0
0.0,0.0,0.07477843761444092,-0.1310684084892273,0.06945514678955078,-0.26610642671585083,0.006314635276794434,-0.34440237283706665,-0.05797719955444336,-0.37852996587753296,0.06579381227493286,-0.3469250798225403,0.09123212099075317,-0.5073060393333435,0.10049974918365479,-0.5902397930622101,0.10175299644470215,-0.6559156477451324,-0.011277616024017334,-0.3557937741279602,-0.01029735803604126,-0.5447371304035187,-0.011134505271911621,-0.6515170633792877,-0.016779065132141113,-0.7329088747501373,-0.08185023069381714,-0.3329373598098755,-0.11586427688598633,-0.4961271286010742,-0.1247720718383789,-0.5870777368545532,-0.13340097665786743,-0.6514012813568115,-0.13098633289337158,-0.28694891929626465,-0.12574529647827148,-0.40149110555648804,-0.09998637437820435,-0.39424771070480347,-0.0774298906326294,-0.3654002547264099,0.0,0.0,0.0,0.0,0.0,0.0,0.0,0.0,0.0,0.0,0.0,0.0,0.0,0.0,0.0,0.0,0.0,0.0,0.0,0.0,0.0,0.0,0.0,0.0,0.0,0.0,0.0,0.0,0.0,0.0,0.0,0.0,0.0,0.0,0.0,0.0,0.0,0.0,0.0,0.0,0.0,0.0
0.0,0.0,0.07620960474014282,-0.13506847620010376,0.07191210985183716,-0.2635244131088257,0.011448323726654053,-0.3413574695587158,-0.051457762718200684,-0.37399500608444214,0.07004517316818237,-0.33920127153396606,0.09153169393539429,-0.5018216371536255,0.09774059057235718,-0.5851811766624451,0.09708493947982788,-0.6525874137878418,-0.008254408836364746,-0.3459470868110657,-0.006320834159851074,-0.5381647646427155,-0.005640268325805664,-0.6450081467628479,-0.00972294807434082,-0.7284752428531647,-0.08006936311721802,-0.3238222002983093,-0.11277461051940918,-0.4841824769973755,-0.11854463815689087,-0.5740358233451843,-0.12422627210617065,-0.6392954587936401,-0.12919855117797852,-0.27781498432159424,-0.12368690967559814,-0.39297211170196533,-0.09779417514801025,-0.3895927667617798,-0.07429295778274536,-0.36272329092025757,0.0,0.0,0.0,0.0,0.0,0.0,0.0,0.0,0.0,0.0,0.0,0.0,0.0,0.0,0.0,0.0,0.0,0.0,0.0,0.0,0.0,0.0,0.0,0.0,0.0,0.0,0.0,0.0,0.0,0.0,0.0,0.0,0.0,0.0,0.0,0.0,0.0,0.0,0.0,0.0,0.0,0.0
0.0,0.0,0.07768303155899048,-0.13309597969055176,0.07631725072860718,-0.259723424911499,0.0205690860748291,-0.336200475692749,-0.03824383020401001,-0.3695918917655945,0.06539064645767212,-0.3389109969139099,0.08773428201675415,-0.5007524490356445,0.09396684169769287,-0.5834452509880066,0.09382224082946777,-0.6487736105918884,-0.014121532440185547,-0.345184862613678,-0.013433218002319336,-0.5394495725631714,-0.011591494083404541,-0.6460401713848114,-0.014362156391143799,-0.7285834550857544,-0.08549398183822632,-0.323616087436676,-0.11812412738800049,-0.48710739612579346,-0.12254130840301514,-0.5790395438671112,-0.12791258096694946,-0.6440528631210327,-0.13201719522476196,-0.2769225835800171,-0.12525761127471924,-0.3968345522880554,-0.0967596173286438,-0.39339059591293335,-0.07197552919387817,-0.36289674043655396,0.0,0.0,0.0,0.0,0.0,0.0,0.0,0.0,0.0,0.0,0.0,0.0,0.0,0.0,0.0,0.0,0.0,0.0,0.0,0.0,0.0,0.0,0.0,0.0,0.0,0.0,0.0,0.0,0.0,0.0,0.0,0.0,0.0,0.0,0.0,0.0,0.0,0.0,0.0,0.0,0.0,0.0
0.0,0.0,0.07659310102462769,-0.1361624002456665,0.0754815936088562,-0.2608901858329773,0.02020031213760376,-0.33578288555145264,-0.037677228450775146,-0.3667064905166626,0.06808263063430786,-0.3357456922531128,0.08728617429733276,-0.49689018726348877,0.09437179565429688,-0.5776756703853607,0.09663558006286621,-0.6420317590236664,-0.010199666023254395,-0.34169673919677734,-0.008786320686340332,-0.5331388711929321,-0.00681459903717041,-0.6388116776943207,-0.009121716022491455,-0.719986230134964,-0.08194941282272339,-0.3196953535079956,-0.11429774761199951,-0.4787592887878418,-0.12007313966751099,-0.5685791671276093,-0.1262727975845337,-0.6318272352218628,-0.13011449575424194,-0.2729475498199463,-0.12594658136367798,-0.3913179636001587,-0.09971994161605835,-0.38722383975982666,-0.07637542486190796,-0.35589683055877686,0.0,0.0,0.0,0.0,0.0,0.0,0.0,0.0,0.0,0.0,0.0,0.0,0.0,0.0,0.0,0.0,0.0,0.0,0.0,0.0,0.0,0.0,0.0,0.0,0.0,0.0,0.0,0.0,0.0,0.0,0.0,0.0,0.0,0.0,0.0,0.0,0.0,0.0,0.0,0.0,0.0,0.0
0.0,0.0,0.0769534707069397,-0.13583415746688843,0.07382035255432129,-0.2602643370628357,0.020761191844940186,-0.3353077173233032,-0.03659868240356445,-0.36644893884658813,0.06663507223129272,-0.33634936809539795,0.08315342664718628,-0.49969756603240967,0.08726173639297485,-0.5815232396125793,0.0862852931022644,-0.646181732416153,-0.012272298336029053,-0.3416670560836792,-0.013483285903930664,-0.5340605974197388,-0.011918842792510986,-0.6392818689346313,-0.013683080673217773,-0.7207222282886505,-0.08393669128417969,-0.3189152479171753,-0.11848568916320801,-0.4803251028060913,-0.12448406219482422,-0.5724258720874786,-0.1302390694618225,-0.638531506061554,-0.13173943758010864,-0.27025413513183594,-0.12747764587402344,-0.3910374641418457,-0.10008436441421509,-0.3869948387145996,-0.07540643215179443,-0.35572177171707153,0.0,0.0,0.0,0.0,0.0,0.0,0.0,0.0,0.0,0.0,0.0,0.0,0.0,0.0,0.0,0.0,0.0,0.0,0.0,0.0,0.0,0.0,0.0,0.0,0.0,0.0,0.0,0.0,0.0,0.0,0.0,0.0,0.0,0.0,0.0,0.0,0.0,0.0,0.0,0.0,0.0,0.0
0.0,0.0,0.07540583610534668,-0.13910424709320068,0.07316368818283081,-0.2622688412666321,0.019604802131652832,-0.3362330198287964,-0.03790581226348877,-0.3659270405769348,0.06278818845748901,-0.3325834274291992,0.0801268219947815,-0.4953072667121887,0.08343559503555298,-0.5771767497062683,0.08193790912628174,-0.6419820189476013,-0.015601277351379395,-0.3360893726348877,-0.01704627275466919,-0.530339241027832,-0.015959858894348145,-0.6348576247692108,-0.01825612783432007,-0.7153448462486267,-0.08672720193862915,-0.3126189708709717,-0.12109756469726562,-0.47412383556365967,-0.12683218717575073,-0.5645938217639923,-0.13177704811096191,-0.6296417713165283,-0.13377022743225098,-0.2643054127693176,-0.13268375396728516,-0.3855687975883484,-0.1063653826713562,-0.3838537931442261,-0.08203756809234619,-0.35514211654663086,0.0,0.0,0.0,0.0,0.0,0.0,0.0,0.0,0.0,0.0,0.0,0.0,0.0,0.0,0.0,0.0,0.0,0.0,0.0,0.0,0.0,0.0,0.0,0.0,0.0,0.0,0.0,0.0,0.0,0.0,0.0,0.0,0.0,0.0,0.0,0.0,0.0,0.0,0.0,0.0,0.0,0.0
0.0,0.0,0.07551294565200806,-0.13654088973999023,0.0754772424697876,-0.2591254711151123,0.023214280605316162,-0.333845317363739,-0.03370523452758789,-0.3640270233154297,0.06293702125549316,-0.331387460231781,0.07787996530532837,-0.49305325746536255,0.08109831809997559,-0.5719323456287384,0.08000302314758301,-0.6329842507839203,-0.014425992965698242,-0.3342910408973694,-0.017282843589782715,-0.5280932188034058,-0.016267716884613037,-0.6311287879943848,-0.018475592136383057,-0.7093124985694885,-0.08534187078475952,-0.31061625480651855,-0.12065023183822632,-0.47333014011383057,-0.12642186880111694,-0.5611180663108826,-0.1311458945274353,-0.6242822408676147,-0.13333112001419067,-0.2614661455154419,-0.13351577520370483,-0.3882448673248291,-0.10721272230148315,-0.3811187744140625,-0.08237022161483765,-0.3463287353515625,0.0,0.0,0.0,0.0,0.0,0.0,0.0,0.0,0.0,0.0,0.0,0.0,0.0,0.0,0.0,0.0,0.0,0.0,0.0,0.0,0.0,0.0,0.0,0.0,0.0,0.0,0.0,0.0,0.0,0.0,0.0,0.0,0.0,0.0,0.0,0.0,0.0,0.0,0.0,0.0,0.0,0.0
0.0,0.0,0.06726104021072388,-0.13609886169433594,0.05341058969497681,-0.26455390453338623,-0.008253991603851318,-0.34143269062042236,-0.06822609901428223,-0.3741719722747803,0.04698026180267334,-0.3430386185646057,0.055943310260772705,-0.5039079785346985,0.05749380588531494,-0.5826855897903442,0.05453681945800781,-0.6448429822921753,-0.026309847831726074,-0.3403549790382385,-0.03732120990753174,-0.5295654237270355,-0.04194372892379761,-0.6336205005645752,-0.04896610975265503,-0.7125215828418732,-0.09445780515670776,-0.3096764087677002,-0.13752806186676025,-0.47376132011413574,-0.15239298343658447,-0.5643356740474701,-0.16458213329315186,-0.6299083232879639,-0.14210748672485352,-0.254957914352417,-0.15081989765167236,-0.38372379541397095,-0.12794315814971924,-0.3802986145019531,-0.10482257604598999,-0.3512338399887085,0.0,0.0,0.0,0.0,0.0,0.0,0.0,0.0,0.0,0.0,0.0,0.0,0.0,0.0,0.0,0.0,0.0,0.0,0.0,0.0,0.0,0.0,0.0,0.0,0.0,0.0,0.0,0.0,0.0,0.0,0.0,0.0,0.0,0.0,0.0,0.0,0.0,0.0,0.0,0.0,0.0,0.0
0.0,0.0,0.07300746440887451,-0.1301986575126648,0.06436067819595337,-0.25189071893692017,0.006407380104064941,-0.3294883966445923,-0.051717162132263184,-0.364732027053833,0.052049994468688965,-0.33875125646591187,0.061585307121276855,-0.49633967876434326,0.06298518180847168,-0.5744465887546539,0.0589371919631958,-0.6361972093582153,-0.024067342281341553,-0.34011179208755493,-0.034892141819000244,-0.526148796081543,-0.0372852087020874,-0.6253572702407837,-0.04309976100921631,-0.7027437686920166,-0.09292125701904297,-0.31382858753204346,-0.1345272660255432,-0.46399372816085815,-0.14509230852127075,-0.549768328666687,-0.1547068953514099,-0.6143946349620819,-0.13901418447494507,-0.262894868850708,-0.1441183090209961,-0.3800005316734314,-0.12130528688430786,-0.37125688791275024,-0.09818053245544434,-0.33749181032180786,0.0,0.0,0.0,0.0,0.0,0.0,0.0,0.0,0.0,0.0,0.0,0.0,0.0,0.0,0.0,0.0,0.0,0.0,0.0,0.0,0.0,0.0,0.0,0.0,0.0,0.0,0.0,0.0,0.0,0.0,0.0,0.0,0.0,0.0,0.0,0.0,0.0,0.0,0.0,0.0,0.0,0.0
0.0,0.0,0.06962865591049194,-0.13963717222213745,0.05964064598083496,-0.2669258117675781,0.0028368234634399414,-0.34639036655426025,-0.05485111474990845,-0.37992024421691895,0.047244489192962646,-0.3418111801147461,0.05535012483596802,-0.5043033361434937,0.056630730628967285,-0.5826533436775208,0.05507397651672363,-0.6424373984336853,-0.026641845703125,-0.33757686614990234,-0.03795236349105835,-0.5285813510417938,-0.041139841079711914,-0.6315381526947021,-0.045328497886657715,-0.7077759504318237,-0.09518957138061523,-0.30836474895477295,-0.1376681923866272,-0.4698719382286072,-0.15057283639907837,-0.5604923069477081,-0.1602100133895874,-0.6254420578479767,-0.1418554186820984,-0.2548282742500305,-0.15002745389938354,-0.38699060678482056,-0.12586373090744019,-0.37940067052841187,-0.10103100538253784,-0.34343457221984863,0.0,0.0,0.0,0.0,0.0,0.0,0.0,0.0,0.0,0.0,0.0,0.0,0.0,0.0,0.0,0.0,0.0,0.0,0.0,0.0,0.0,0.0,0.0,0.0,0.0,0.0,0.0,0.0,0.0,0.0,0.0,0.0,0.0,0.0,0.0,0.0,0.0,0.0,0.0,0.0,0.0,0.0
0.0,0.0,0.07303828001022339,-0.134027361869812,0.06378418207168579,-0.2598605751991272,0.0030002593994140625,-0.3365076184272766,-0.05647212266921997,-0.369162380695343,0.05088472366333008,-0.34328389167785645,0.05738872289657593,-0.49947071075439453,0.05913984775543213,-0.5762009620666504,0.05754292011260986,-0.6381002366542816,-0.024374783039093018,-0.3437739610671997,-0.0349196195602417,-0.5289934873580933,-0.03781747817993164,-0.630721777677536,-0.04266256093978882,-0.7106829285621643,-0.09326308965682983,-0.318312406539917,-0.13541311025619507,-0.4681626558303833,-0.146914541721344,-0.5545001327991486,-0.15580129623413086,-0.6192721128463745,-0.13924777507781982,-0.2683601975440979,-0.1446654200553894,-0.3874906301498413,-0.12056899070739746,-0.3753940463066101,-0.09574848413467407,-0.33809322118759155,0.0,0.0,0.0,0.0,0.0,0.0,0.0,0.0,0.0,0.0,0.0,0.0,0.0,0.0,0.0,0.0,0.0,0.0,0.0,0.0,0.0,0.0,0.0,0.0,0.0,0.0,0.0,0.0,0.0,0.0,0.0,0.0,0.0,0.0,0.0,0.0,0.0,0.0,0.0,0.0,0.0,0.0
0.0,0.0,0.0664064884185791,-0.1443347930908203,0.05416262149810791,-0.268399715423584,-0.0030631422996520996,-0.33955657482147217,-0.06164652109146118,-0.3666647672653198,0.047717273235321045,-0.3400951027870178,0.05402272939682007,-0.5006191432476044,0.05289864540100098,-0.5776969492435455,0.04846334457397461,-0.6381379067897797,-0.026586830615997314,-0.33749157190322876,-0.03720444440841675,-0.525599479675293,-0.04065883159637451,-0.6269363164901733,-0.04577195644378662,-0.7036501467227936,-0.09633010625839233,-0.3088657259941101,-0.13766419887542725,-0.46562623977661133,-0.14958924055099487,-0.5544475317001343,-0.15958762168884277,-0.6188330054283142,-0.1443769931793213,-0.2565430998802185,-0.15040719509124756,-0.38385331630706787,-0.12612378597259521,-0.37475258111953735,-0.10174286365509033,-0.33748680353164673,0.0,0.0,0.0,0.0,0.0,0.0,0.0,0.0,0.0,0.0,0.0,0.0,0.0,0.0,0.0,0.0,0.0,0.0,0.0,0.0,0.0,0.0,0.0,0.0,0.0,0.0,0.0,0.0,0.0,0.0,0.0,0.0,0.0,0.0,0.0,0.0,0.0,0.0,0.0,0.0,0.0,0.0
0.0,0.0,0.06856411695480347,-0.13971030712127686,0.05866742134094238,-0.26385271549224854,-0.0005238056182861328,-0.3352125287055969,-0.0593494176864624,-0.3631784915924072,0.04937541484832764,-0.34139347076416016,0.05457991361618042,-0.5005505681037903,0.05492430925369263,-0.5775941014289856,0.05300438404083252,-0.6384061276912689,-0.02476876974105835,-0.33920717239379883,-0.03627878427505493,-0.5271309912204742,-0.04056006669998169,-0.6292202472686768,-0.045920491218566895,-0.7075645923614502,-0.09393066167831421,-0.3113498091697693,-0.13525718450546265,-0.46628493070602417,-0.1480768322944641,-0.554154634475708,-0.15825557708740234,-0.6180995106697083,-0.14131563901901245,-0.25942736864089966,-0.14792358875274658,-0.38371527194976807,-0.12404382228851318,-0.37349236011505127,-0.0997776985168457,-0.337128221988678,0.0,0.0,0.0,0.0,0.0,0.0,0.0,0.0,0.0,0.0,0.0,0.0,0.0,0.0,0.0,0.0,0.0,0.0,0.0,0.0,0.0,0.0,0.0,0.0,0.0,0.0,0.0,0.0,0.0,0.0,0.0,0.0,0.0,0.0,0.0,0.0,0.0,0.0,0.0,0.0,0.0,0.0
0.0,0.0,0.06626898050308228,-0.13604652881622314,0.06131356954574585,-0.26160669326782227,0.005891323089599609,-0.3400380611419678,-0.05109912157058716,-0.3757675886154175,0.04672849178314209,-0.34227681159973145,0.05290120840072632,-0.5039262175559998,0.05326545238494873,-0.5828737914562225,0.0504986047744751,-0.6432207226753235,-0.025485873222351074,-0.33720576763153076,-0.03810000419616699,-0.5298335552215576,-0.041789889335632324,-0.6346644461154938,-0.04672938585281372,-0.712266743183136,-0.09337031841278076,-0.306057333946228,-0.13573890924453735,-0.47199273109436035,-0.14833295345306396,-0.5634882748126984,-0.15796172618865967,-0.6290821433067322,-0.14111566543579102,-0.2500447630882263,-0.15070956945419312,-0.3833208680152893,-0.12782669067382812,-0.37694478034973145,-0.10456043481826782,-0.3436152935028076,0.0,0.0,0.0,0.0,0.0,0.0,0.0,0.0,0.0,0.0,0.0,0.0,0.0,0.0,0.0,0.0,0.0,0.0,0.0,0.0,0.0,0.0,0.0,0.0,0.0,0.0,0.0,0.0,0.0,0.0,0.0,0.0,0.0,0.0,0.0,0.0,0.0,0.0,0.0,0.0,0.0,0.0
0.0,0.0,0.07238161563873291,-0.12390989065170288,0.06895679235458374,-0.2483629584312439,0.008885562419891357,-0.32873451709747314,-0.04947549104690552,-0.3670738935470581,0.049133896827697754,-0.3452174663543701,0.05664891004562378,-0.5051782727241516,0.0563737154006958,-0.5861161649227142,0.05085259675979614,-0.650616854429245,-0.024624347686767578,-0.34445786476135254,-0.033261001110076904,-0.5312950015068054,-0.035945117473602295,-0.6356388628482819,-0.042157888412475586,-0.7150334119796753,-0.09201574325561523,-0.31447654962539673,-0.1321350336074829,-0.4712167978286743,-0.1431071162223816,-0.5600846111774445,-0.1520904302597046,-0.6247384548187256,-0.1380597949028015,-0.25985801219940186,-0.14644509553909302,-0.38072121143341064,-0.12368619441986084,-0.3757272958755493,-0.10093611478805542,-0.3462921977043152,0.0,0.0,0.0,0.0,0.0,0.0,0.0,0.0,0.0,0.0,0.0,0.0,0.0,0.0,0.0,0.0,0.0,0.0,0.0,0.0,0.0,0.0,0.0,0.0,0.0,0.0,0.0,0.0,0.0,0.0,0.0,0.0,0.0,0.0,0.0,0.0,0.0,0.0,0.0,0.0,0.0,0.0
0.0,0.0,0.06594991683959961,-0.1368485689163208,0.06175655126571655,-0.26242589950561523,0.0031763315200805664,-0.33480721712112427,-0.05663597583770752,-0.36437082290649414,0.04579365253448486,-0.3447503447532654,0.052397966384887695,-0.5079172253608704,0.05178678035736084,-0.5894379913806915,0.04695594310760498,-0.6528483033180237,-0.02648162841796875,-0.33980417251586914,-0.03827887773513794,-0.5321915149688721,-0.04159146547317505,-0.6364153921604156,-0.04764878749847412,-0.7146542370319366,-0.0943993330001831,-0.30780458450317383,-0.13563287258148193,-0.47513264417648315,-0.14578503370285034,-0.5640361309051514,-0.1546344757080078,-0.6289173364639282,-0.14192825555801392,-0.250829815864563,-0.15063440799713135,-0.3865109086036682,-0.1269359588623047,-0.37553685903549194,-0.10464560985565186,-0.33779633045196533,0.0,0.0,0.0,0.0,0.0,0.0,0.0,0.0,0.0,0.0,0.0,0.0,0.0,0.0,0.0,0.0,0.0,0.0,0.0,0.0,0.0,0.0,0.0,0.0,0.0,0.0,0.0,0.0,0.0,0.0,0.0,0.0,0.0,0.0,0.0,0.0,0.0,0.0,0.0,0.0,0.0,0.0
0.0,0.0,0.06369781494140625,-0.13873136043548584,0.05490672588348389,-0.263977587223053,-0.0040090084075927734,-0.3352992534637451,-0.06461673974990845,-0.3639698624610901,0.04193907976150513,-0.3464691638946533,0.048845529556274414,-0.5093226134777069,0.04918217658996582,-0.5904642045497894,0.04596257209777832,-0.6536340713500977,-0.0291784405708313,-0.34160423278808594,-0.04236537218093872,-0.5317468643188477,-0.046747565269470215,-0.6354237198829651,-0.05237239599227905,-0.712806761264801,-0.09659212827682495,-0.3091241121292114,-0.13990706205368042,-0.47377240657806396,-0.1523990035057068,-0.5638478100299835,-0.16154974699020386,-0.6302639245986938,-0.14401859045028687,-0.251953125,-0.15464115142822266,-0.3826082944869995,-0.13268119096755981,-0.3725137710571289,-0.10994112491607666,-0.3375241160392761,0.0,0.0,0.0,0.0,0.0,0.0,0.0,0.0,0.0,0.0,0.0,0.0,0.0,0.0,0.0,0.0,0.0,0.0,0.0,0.0,0.0,0.0,0.0,0.0,0.0,0.0,0.0,0.0,0.0,0.0,0.0,0.0,0.0,0.0,0.0,0.0,0.0,0.0,0.0,0.0,0.0,0.0
0.0,0.0,0.06453734636306763,-0.1350577473640442,0.0565035343170166,-0.2567252516746521,0.0010303258895874023,-0.3290642499923706,-0.0570715069770813,-0.35978400707244873,0.041027069091796875,-0.34189748764038086,0.04835289716720581,-0.5014623999595642,0.049600064754486084,-0.5798747539520264,0.04766845703125,-0.6422567367553711,-0.030294597148895264,-0.3375747799873352,-0.04433906078338623,-0.5258474349975586,-0.04827660322189331,-0.6284981667995453,-0.05340033769607544,-0.7073789834976196,-0.0969994068145752,-0.30589956045150757,-0.14140069484710693,-0.4631475806236267,-0.15322154760360718,-0.5520959198474884,-0.16174429655075073,-0.6192459762096405,-0.14293324947357178,-0.24964678287506104,-0.15444612503051758,-0.3724481463432312,-0.13278216123580933,-0.36549073457717896,-0.10954558849334717,-0.33457857370376587,0.0,0.0,0.0,0.0,0.0,0.0,0.0,0.0,0.0,0.0,0.0,0.0,0.0,0.0,0.0,0.0,0.0,0.0,0.0,0.0,0.0,0.0,0.0,0.0,0.0,0.0,0.0,0.0,0.0,0.0,0.0,0.0,0.0,0.0,0.0,0.0,0.0,0.0,0.0,0.0,0.0,0.0
0.0,0.0,0.06541508436203003,-0.14047247171401978,0.05754268169403076,-0.26732349395751953,-0.00010067224502563477,-0.339760959148407,-0.058412253856658936,-0.36859142780303955,0.043327152729034424,-0.3410598039627075,0.0481756329536438,-0.49882233142852783,0.048544228076934814,-0.5775820910930634,0.04733896255493164,-0.6384612619876862,-0.028519928455352783,-0.3361889123916626,-0.041930973529815674,-0.5231699347496033,-0.047006309032440186,-0.6259149610996246,-0.052642643451690674,-0.7023439705371857,-0.09644794464111328,-0.305319607257843,-0.13939577341079712,-0.4618682861328125,-0.1514793038368225,-0.550688236951828,-0.15996593236923218,-0.6154787838459015,-0.1450304388999939,-0.2507518529891968,-0.1560680866241455,-0.3721204400062561,-0.13334286212921143,-0.3677995800971985,-0.10917532444000244,-0.3394474983215332,0.0,0.0,0.0,0.0,0.0,0.0,0.0,0.0,0.0,0.0,0.0,0.0,0.0,0.0,0.0,0.0,0.0,0.0,0.0,0.0,0.0,0.0,0.0,0.0,0.0,0.0,0.0,0.0,0.0,0.0,0.0,0.0,0.0,0.0,0.0,0.0,0.0,0.0,0.0,0.0,0.0,0.0
0.0,0.0,0.06754368543624878,-0.13465088605880737,0.06194514036178589,-0.26069176197052,0.0024115443229675293,-0.33245372772216797,-0.057439327239990234,-0.36056339740753174,0.04758048057556152,-0.34521353244781494,0.05274385213851929,-0.5058994889259338,0.05387669801712036,-0.5857338011264801,0.0526888370513916,-0.647978663444519,-0.02542358636856079,-0.34192955493927,-0.039278507232666016,-0.529511570930481,-0.044396936893463135,-0.6322787404060364,-0.049975812435150146,-0.7099317908287048,-0.09319740533828735,-0.3109573721885681,-0.13484632968902588,-0.4690428376197815,-0.14813625812530518,-0.5590795874595642,-0.15837639570236206,-0.6255595982074738,-0.140771746635437,-0.25524401664733887,-0.1494320034980774,-0.3795253038406372,-0.12665009498596191,-0.3706648349761963,-0.10344403982162476,-0.33718109130859375,0.0,0.0,0.0,0.0,0.0,0.0,0.0,0.0,0.0,0.0,0.0,0.0,0.0,0.0,0.0,0.0,0.0,0.0,0.0,0.0,0.0,0.0,0.0,0.0,0.0,0.0,0.0,0.0,0.0,0.0,0.0,0.0,0.0,0.0,0.0,0.0,0.0,0.0,0.0,0.0,0.0,0.0
0.0,0.0,0.06557232141494751,-0.13732433319091797,0.05872076749801636,-0.2620048522949219,0.002463698387145996,-0.3344993591308594,-0.05593830347061157,-0.36517322063446045,0.04231661558151245,-0.34613579511642456,0.05012702941894531,-0.5065392851829529,0.05040860176086426,-0.587646871805191,0.04771387577056885,-0.6499522030353546,-0.029988527297973633,-0.3418462872505188,-0.04376697540283203,-0.531422883272171,-0.047454833984375,-0.6350489258766174,-0.05202728509902954,-0.7132801413536072,-0.0967680811882019,-0.3096292018890381,-0.13883739709854126,-0.47132283449172974,-0.15029561519622803,-0.5606131553649902,-0.15848994255065918,-0.6265573799610138,-0.14228379726409912,-0.25274455547332764,-0.1518598198890686,-0.38033074140548706,-0.12951421737670898,-0.3757348656654358,-0.10628330707550049,-0.3456416726112366,0.0,0.0,0.0,0.0,0.0,0.0,0.0,0.0,0.0,0.0,0.0,0.0,0.0,0.0,0.0,0.0,0.0,0.0,0.0,0.0,0.0,0.0,0.0,0.0,0.0,0.0,0.0,0.0,0.0,0.0,0.0,0.0,0.0,0.0,0.0,0.0,0.0,0.0,0.0,0.0,0.0,0.0
0.0,0.0,0.06545329093933105,-0.1387650966644287,0.0595739483833313,-0.2617707848548889,0.003930926322937012,-0.3343232274055481,-0.05380600690841675,-0.36455899477005005,0.04266667366027832,-0.34361207485198975,0.04921317100524902,-0.5041741728782654,0.04914015531539917,-0.5840047895908356,0.0464823842048645,-0.6464342176914215,-0.028968214988708496,-0.3393900394439697,-0.04196500778198242,-0.5275555849075317,-0.04616236686706543,-0.6297015845775604,-0.05094939470291138,-0.7062608599662781,-0.09620487689971924,-0.3075801730155945,-0.14062875509262085,-0.4663900136947632,-0.1529054045677185,-0.5541998147964478,-0.16126960515975952,-0.6187233924865723,-0.14285290241241455,-0.25104600191116333,-0.1546899676322937,-0.37548965215682983,-0.13279074430465698,-0.3698849678039551,-0.10888862609863281,-0.33951282501220703,0.0,0.0,0.0,0.0,0.0,0.0,0.0,0.0,0.0,0.0,0.0,0.0,0.0,0.0,0.0,0.0,0.0,0.0,0.0,0.0,0.0,0.0,0.0,0.0,0.0,0.0,0.0,0.0,0.0,0.0,0.0,0.0,0.0,0.0,0.0,0.0,0.0,0.0,0.0,0.0,0.0,0.0
0.0,0.0,0.0630948543548584,-0.1421467661857605,0.054748356342315674,-0.26814204454421997,-0.0016224980354309082,-0.3383179306983948,-0.05943500995635986,-0.36539989709854126,0.03948509693145752,-0.34584224224090576,0.04381531476974487,-0.5049648880958557,0.04386717081069946,-0.5838508605957031,0.04232138395309448,-0.645377516746521,-0.03172862529754639,-0.34060436487197876,-0.04609823226928711,-0.5277823805809021,-0.05132639408111572,-0.6302590072154999,-0.05682414770126343,-0.7070696353912354,-0.09920227527618408,-0.3073664903640747,-0.14315146207809448,-0.46669214963912964,-0.15558165311813354,-0.5547137260437012,-0.16448312997817993,-0.6206881403923035,-0.14706510305404663,-0.2489643096923828,-0.15847420692443848,-0.37427109479904175,-0.13623106479644775,-0.3696187138557434,-0.113037109375,-0.3417016267776489,0.0,0.0,0.0,0.0,0.0,0.0,0.0,0.0,0.0,0.0,0.0,0.0,0.0,0.0,0.0,0.0,0.0,0.0,0.0,0.0,0.0,0.0,0.0,0.0,0.0,0.0,0.0,0.0,0.0,0.0,0.0,0.0,0.0,0.0,0.0,0.0,0.0,0.0,0.0,0.0,0.0,0.0
0.0,0.0,0.06476408243179321,-0.1407027244567871,0.05712544918060303,-0.2676571011543274,-0.00045239925384521484,-0.338468074798584,-0.05886572599411011,-0.3666607141494751,0.04337120056152344,-0.34444373846054077,0.04816615581512451,-0.5029799342155457,0.048891544342041016,-0.5814971625804901,0.04795330762863159,-0.6430125832557678,-0.028964340686798096,-0.3397299647331238,-0.043898046016693115,-0.5270972847938538,-0.049255311489105225,-0.6290161609649658,-0.05461418628692627,-0.7060467898845673,-0.09689295291900635,-0.30889105796813965,-0.14010196924209595,-0.46704405546188354,-0.15263110399246216,-0.5561743974685669,-0.16145378351211548,-0.6223680078983307,-0.1448206901550293,-0.2544565200805664,-0.15473425388336182,-0.37975406646728516,-0.13179802894592285,-0.3706533908843994,-0.10747736692428589,-0.3372560143470764,0.0,0.0,0.0,0.0,0.0,0.0,0.0,0.0,0.0,0.0,0.0,0.0,0.0,0.0,0.0,0.0,0.0,0.0,0.0,0.0,0.0,0.0,0.0,0.0,0.0,0.0,0.0,0.0,0.0,0.0,0.0,0.0,0.0,0.0,0.0,0.0,0.0,0.0,0.0,0.0,0.0,0.0
0.0,0.0,0.06323933601379395,-0.1438922882080078,0.055623769760131836,-0.27176332473754883,-0.002534329891204834,-0.33956509828567505,-0.06208914518356323,-0.3637717366218567,0.041567444801330566,-0.3469393253326416,0.04782158136367798,-0.5068089663982391,0.04937475919723511,-0.5859664380550385,0.04892587661743164,-0.6481792628765106,-0.029358506202697754,-0.34199094772338867,-0.04291367530822754,-0.529480904340744,-0.04816734790802002,-0.6323730945587158,-0.054042696952819824,-0.7096030116081238,-0.09633296728134155,-0.3094751238822937,-0.1398700475692749,-0.4694734215736389,-0.15320056676864624,-0.5589191317558289,-0.1631569266319275,-0.6250514090061188,-0.14408260583877563,-0.25274085998535156,-0.15446817874908447,-0.3789697289466858,-0.13164907693862915,-0.3720560669898987,-0.10835283994674683,-0.3417193293571472,0.0,0.0,0.0,0.0,0.0,0.0,0.0,0.0,0.0,0.0,0.0,0.0,0.0,0.0,0.0,0.0,0.0,0.0,0.0,0.0,0.0,0.0,0.0,0.0,0.0,0.0,0.0,0.0,0.0,0.0,0.0,0.0,0.0,0.0,0.0,0.0,0.0,0.0,0.0,0.0,0.0,0.0
0.0,0.0,0.06231003999710083,-0.14277386665344238,0.0529213547706604,-0.26907557249069214,-0.007101774215698242,-0.33641910552978516,-0.06790876388549805,-0.3624171018600464,0.043372929096221924,-0.3471483588218689,0.04963797330856323,-0.5087301135063171,0.0497896671295166,-0.5886052250862122,0.04737865924835205,-0.6514851450920105,-0.027927517890930176,-0.3416168689727783,-0.04362475872039795,-0.5307555794715881,-0.04969298839569092,-0.6339538097381592,-0.056327104568481445,-0.7124502062797546,-0.09556722640991211,-0.3084033131599426,-0.14062941074371338,-0.4675027132034302,-0.15430176258087158,-0.5555394887924194,-0.16413360834121704,-0.621971994638443,-0.14338058233261108,-0.2518065571784973,-0.1551504135131836,-0.37704724073410034,-0.13328009843826294,-0.3696327805519104,-0.11006057262420654,-0.3397638201713562,0.0,0.0,0.0,0.0,0.0,0.0,0.0,0.0,0.0,0.0,0.0,0.0,0.0,0.0,0.0,0.0,0.0,0.0,0.0,0.0,0.0,0.0,0.0,0.0,0.0,0.0,0.0,0.0,0.0,0.0,0.0,0.0,0.0,0.0,0.0,0.0,0.0,0.0,0.0,0.0,0.0,0.0
0.0,0.0,0.06333941221237183,-0.14359867572784424,0.05412501096725464,-0.26957809925079346,-0.003269970417022705,-0.33812785148620605,-0.06288862228393555,-0.36442655324935913,0.04134500026702881,-0.3474145531654358,0.04701012372970581,-0.5108667016029358,0.04639512300491333,-0.5917945802211761,0.04316508769989014,-0.6548568308353424,-0.02985280752182007,-0.3413282632827759,-0.04400038719177246,-0.5313794612884521,-0.04830443859100342,-0.6348886787891388,-0.053273797035217285,-0.7124389708042145,-0.09734046459197998,-0.3079671859741211,-0.14128780364990234,-0.4709357023239136,-0.15352481603622437,-0.5599275529384613,-0.16235005855560303,-0.6262812316417694,-0.14449268579483032,-0.25075191259384155,-0.154465913772583,-0.38120412826538086,-0.1320810317993164,-0.37304675579071045,-0.10899949073791504,-0.34081196784973145,0.0,0.0,0.0,0.0,0.0,0.0,0.0,0.0,0.0,0.0,0.0,0.0,0.0,0.0,0.0,0.0,0.0,0.0,0.0,0.0,0.0,0.0,0.0,0.0,0.0,0.0,0.0,0.0,0.0,0.0,0.0,0.0,0.0,0.0,0.0,0.0,0.0,0.0,0.0,0.0,0.0,0.0
0.0,0.0,0.061654090881347656,-0.1452275514602661,0.053113698959350586,-0.2711275815963745,-0.006945133209228516,-0.33780062198638916,-0.06753188371658325,-0.3640596866607666,0.04297137260437012,-0.3456999659538269,0.049569010734558105,-0.5075879096984863,0.04927343130111694,-0.5878494381904602,0.04734599590301514,-0.6508727073669434,-0.02848881483078003,-0.3400895595550537,-0.043523967266082764,-0.5300692915916443,-0.04932761192321777,-0.6333285272121429,-0.054898858070373535,-0.7113012373447418,-0.09623187780380249,-0.30794453620910645,-0.14118313789367676,-0.469313383102417,-0.15480971336364746,-0.558169424533844,-0.1645299792289734,-0.6250776946544647,-0.14376938343048096,-0.25226008892059326,-0.15443336963653564,-0.38204240798950195,-0.1317766308784485,-0.3727914094924927,-0.10804402828216553,-0.3398628830909729,0.0,0.0,0.0,0.0,0.0,0.0,0.0,0.0,0.0,0.0,0.0,0.0,0.0,0.0,0.0,0.0,0.0,0.0,0.0,0.0,0.0,0.0,0.0,0.0,0.0,0.0,0.0,0.0,0.0,0.0,0.0,0.0,0.0,0.0,0.0,0.0,0.0,0.0,0.0,0.0,0.0,0.0
0.0,0.0,0.06355303525924683,-0.14309287071228027,0.05715036392211914,-0.26993656158447266,-0.0019745826721191406,-0.33933186531066895,-0.06271111965179443,-0.36696773767471313,0.044906675815582275,-0.3465939164161682,0.04961615800857544,-0.5094675719738007,0.049530208110809326,-0.5903507769107819,0.0472414493560791,-0.6533868908882141,-0.027147233486175537,-0.34039831161499023,-0.04187864065170288,-0.5314932763576508,-0.04711645841598511,-0.635756641626358,-0.05314749479293823,-0.7141229212284088,-0.09488755464553833,-0.3073651194572449,-0.13945311307907104,-0.46897566318511963,-0.15233248472213745,-0.5578990578651428,-0.16163355112075806,-0.6242890357971191,-0.14213240146636963,-0.2508068084716797,-0.15241360664367676,-0.3807483911514282,-0.12990587949752808,-0.3731256127357483,-0.10647547245025635,-0.34169578552246094,0.0,0.0,0.0,0.0,0.0,0.0,0.0,0.0,0.0,0.0,0.0,0.0,0.0,0.0,0.0,0.0,0.0,0.0,0.0,0.0,0.0,0.0,0.0,0.0,0.0,0.0,0.0,0.0,0.0,0.0,0.0,0.0,0.0,0.0,0.0,0.0,0.0,0.0,0.0,0.0,0.0,0.0
0.0,0.0,0.062169015407562256,-0.1435842514038086,0.05358809232711792,-0.2707843780517578,-0.006292402744293213,-0.3370206952095032,-0.0677800178527832,-0.3611818552017212,0.04169929027557373,-0.3490424156188965,0.048172593116760254,-0.5131979286670685,0.04760003089904785,-0.5946230590343475,0.04446679353713989,-0.6577536165714264,-0.02944648265838623,-0.3424093723297119,-0.043951988220214844,-0.5349012017250061,-0.048864901065826416,-0.6385902166366577,-0.05460405349731445,-0.7159847319126129,-0.0967293381690979,-0.30892133712768555,-0.14024990797042847,-0.47511494159698486,-0.1519518494606018,-0.5643874406814575,-0.16037815809249878,-0.6307536065578461,-0.14419972896575928,-0.2518270015716553,-0.15542638301849365,-0.3849610686302185,-0.1322365403175354,-0.37529200315475464,-0.1087648868560791,-0.34117209911346436,0.0,0.0,0.0,0.0,0.0,0.0,0.0,0.0,0.0,0.0,0.0,0.0,0.0,0.0,0.0,0.0,0.0,0.0,0.0,0.0,0.0,0.0,0.0,0.0,0.0,0.0,0.0,0.0,0.0,0.0,0.0,0.0,0.0,0.0,0.0,0.0,0.0,0.0,0.0,0.0,0.0,0.0
0.0,0.0,0.06452208757400513,-0.14033031463623047,0.059039175510406494,-0.2676159739494324,0.0019123554229736328,-0.3402859568595886,-0.0576360821723938,-0.3695317506790161,0.045752525329589844,-0.34966719150543213,0.05140751600265503,-0.5161200761795044,0.05110698938369751,-0.597854346036911,0.04810285568237305,-0.6616291403770447,-0.025510728359222412,-0.3442128300666809,-0.04011934995651245,-0.5372123718261719,-0.04571402072906494,-0.6407163739204407,-0.05161398649215698,-0.717903196811676,-0.0930052399635315,-0.3118590712547302,-0.13632017374038696,-0.47761523723602295,-0.14984393119812012,-0.5665801763534546,-0.159379780292511,-0.6331804096698761,-0.14039242267608643,-0.25486207008361816,-0.15216368436813354,-0.3898513913154602,-0.13075488805770874,-0.3781946897506714,-0.1081581711769104,-0.3418691158294678,0.0,0.0,0.0,0.0,0.0,0.0,0.0,0.0,0.0,0.0,0.0,0.0,0.0,0.0,0.0,0.0,0.0,0.0,0.0,0.0,0.0,0.0,0.0,0.0,0.0,0.0,0.0,0.0,0.0,0.0,0.0,0.0,0.0,0.0,0.0,0.0,0.0,0.0,0.0,0.0,0.0,0.0
0.0,0.0,0.06199270486831665,-0.14557945728302002,0.0541805624961853,-0.27318131923675537,-0.0045166015625,-0.34204399585723877,-0.06596332788467407,-0.36774206161499023,0.044490814208984375,-0.34897661209106445,0.048324406147003174,-0.5131893157958984,0.04752206802368164,-0.5951750576496124,0.0437965989112854,-0.659320205450058,-0.026946842670440674,-0.3438751697540283,-0.04272252321243286,-0.5399689078330994,-0.04753994941711426,-0.6447059512138367,-0.05312764644622803,-0.7228037416934967,-0.09527319669723511,-0.31128501892089844,-0.139320969581604,-0.4801092743873596,-0.1512688398361206,-0.5706241130828857,-0.15984106063842773,-0.6378366649150848,-0.14393430948257446,-0.25335878133773804,-0.15488958358764648,-0.39124661684036255,-0.1327405571937561,-0.37876635789871216,-0.11048364639282227,-0.34004974365234375,0.0,0.0,0.0,0.0,0.0,0.0,0.0,0.0,0.0,0.0,0.0,0.0,0.0,0.0,0.0,0.0,0.0,0.0,0.0,0.0,0.0,0.0,0.0,0.0,0.0,0.0,0.0,0.0,0.0,0.0,0.0,0.0,0.0,0.0,0.0,0.0,0.0,0.0,0.0,0.0,0.0,0.0
0.0,0.0,0.06292062997817993,-0.14222204685211182,0.05677109956741333,-0.2691190838813782,-0.0028668642044067383,-0.33825498819351196,-0.06355071067810059,-0.36544936895370483,0.044114887714385986,-0.3486051559448242,0.048004329204559326,-0.5131618976593018,0.04804116487503052,-0.5955176949501038,0.045412302017211914,-0.6602011322975159,-0.027163684368133545,-0.34341055154800415,-0.04399466514587402,-0.5392157435417175,-0.0491982102394104,-0.6430788040161133,-0.05480140447616577,-0.7214107513427734,-0.09487062692642212,-0.311592161655426,-0.13920342922210693,-0.48035383224487305,-0.1514596939086914,-0.5698439478874207,-0.16029047966003418,-0.6376886069774628,-0.14287292957305908,-0.2540515661239624,-0.15470337867736816,-0.39206457138061523,-0.13240748643875122,-0.37653177976608276,-0.10979509353637695,-0.33584433794021606,0.0,0.0,0.0,0.0,0.0,0.0,0.0,0.0,0.0,0.0,0.0,0.0,0.0,0.0,0.0,0.0,0.0,0.0,0.0,0.0,0.0,0.0,0.0,0.0,0.0,0.0,0.0,0.0,0.0,0.0,0.0,0.0,0.0,0.0,0.0,0.0,0.0,0.0,0.0,0.0,0.0,0.0
0.0,0.0,0.06418770551681519,-0.14164996147155762,0.058346331119537354,-0.2696038484573364,-0.001278221607208252,-0.3402201533317566,-0.06203383207321167,-0.3685902953147888,0.044907987117767334,-0.34872889518737793,0.051859140396118164,-0.5145512223243713,0.052076518535614014,-0.5978833436965942,0.04857349395751953,-0.6628995537757874,-0.02639979124069214,-0.34336531162261963,-0.040069639682769775,-0.5384384393692017,-0.04467475414276123,-0.6426974236965179,-0.051101744174957275,-0.7214241921901703,-0.09422773122787476,-0.3124082684516907,-0.13569247722625732,-0.4812096357345581,-0.14625215530395508,-0.570850133895874,-0.1547163724899292,-0.638171523809433,-0.14246493577957153,-0.25727832317352295,-0.1527388095855713,-0.39424335956573486,-0.13017642498016357,-0.3776453733444214,-0.10776638984680176,-0.33564460277557373,0.0,0.0,0.0,0.0,0.0,0.0,0.0,0.0,0.0,0.0,0.0,0.0,0.0,0.0,0.0,0.0,0.0,0.0,0.0,0.0,0.0,0.0,0.0,0.0,0.0,0.0,0.0,0.0,0.0,0.0,0.0,0.0,0.0,0.0,0.0,0.0,0.0,0.0,0.0,0.0,0.0,0.0
