0.0,0.0,0.04711812734603882,-0.1097182035446167,0.07278072834014893,-0.21380490064620972,0.10300612449645996,-0.2982860803604126,0.14829111099243164,-0.33872634172439575,0.017462074756622314,-0.3137155771255493,-0.054136455059051514,-0.36010658740997314,-0.05183476209640503,-0.3092420697212219,-0.030897855758666992,-0.27444684505462646,-0.037213683128356934,-0.2866535782814026,-0.09425705671310425,-0.33072614669799805,-0.09304487705230713,-0.28079843521118164,-0.07383996248245239,-0.24635517597198486,-0.08958268165588379,-0.24543792009353638,-0.13820677995681763,-0.2944784164428711,-0.13504642248153687,-0.2517501711845398,-0.11330729722976685,-0.21680152416229248,-0.13706010580062866,-0.19769775867462158,-0.1835188865661621,-0.2895467281341553,-0.2215808629989624,-0.33190834522247314,-0.250305712223053,-0.37179332971572876,0.0,0.0,0.0,0.0,0.0,0.0,0.0,0.0,0.0,0.0,0.0,0.0,0.0,0.0,0.0,0.0,0.0,0.0,0.0,0.0,0.0,0.0,0.0,0.0,0.0,0.0,0.0,0.0,0.0,0.0,0.0,0.0,0.0,0.0,0.0,0.0,0.0,0.0,0.0,0.0,0.0,0.0
0.0,0.0,0.04676634073257446,-0.10945945978164673,0.07190293073654175,-0.21473973989486694,0.1027941107749939,-0.2999752163887024,0.149375319480896,-0.3399542570114136,0.016143739223480225,-0.3156728744506836,-0.05458509922027588,-0.36143022775650024,-0.05231291055679321,-0.3109316825866699,-0.03166496753692627,-0.2765408754348755,-0.03822362422943115,-0.28898584842681885,-0.09482735395431519,-0.3313232660293579,-0.09344953298568726,-0.2815767526626587,-0.07419991493225098,-0.24725806713104248,-0.09062647819519043,-0.24779444932937622,-0.1388765573501587,-0.2952691316604614,-0.13540560007095337,-0.2526237964630127,-0.11364656686782837,-0.21762657165527344,-0.1383032202720642,-0.19981545209884644,-0.1847737431526184,-0.2906131148338318,-0.22342419624328613,-0.33311575651168823,-0.2529122233390808,-0.37333083152770996,0.0,0.0,0.0,0.0,0.0,0.0,0.0,0.0,0.0,0.0,0.0,0.0,0.0,0.0,0.0,0.0,0.0,0.0,0.0,0.0,0.0,0.0,0.0,0.0,0.0,0.0,0.0,0.0,0.0,0.0,0.0,0.0,0.0,0.0,0.0,0.0,0.0,0.0,0.0,0.0,0.0,0.0
0.0,0.0,0.04683840274810791,-0.11029231548309326,0.07242387533187866,-0.21601992845535278,0.10226982831954956,-0.30078935623168945,0.14785534143447876,-0.34122759103775024,0.018119394779205322,-0.31520169973373413,-0.05374199151992798,-0.36200714111328125,-0.05302262306213379,-0.3115016222000122,-0.0326043963432312,-0.277241051197052,-0.036260366439819336,-0.28911107778549194,-0.09433192014694214,-0.33300620317459106,-0.09459662437438965,-0.2828635573387146,-0.07527709007263184,-0.24834555387496948,-0.08898597955703735,-0.2488284707069397,-0.13854718208312988,-0.29783087968826294,-0.13623273372650146,-0.2545354962348938,-0.11475944519042969,-0.21966969966888428,-0.13738656044006348,-0.20198363065719604,-0.18309205770492554,-0.29245901107788086,-0.22069233655929565,-0.33358657360076904,-0.24900054931640625,-0.37212568521499634,0.0,0.0,0.0,0.0,0.0,0.0,0.0,0.0,0.0,0.0,0.0,0.0,0.0,0.0,0.0,0.0,0.0,0.0,0.0,0.0,0.0,0.0,0.0,0.0,0.0,0.0,0.0,0.0,0.0,0.0,0.0,0.0,0.0,0.0,0.0,0.0,0.0,0.0,0.0,0.0,0.0,0.0
0.0,0.0,0.04632377624511719,-0.10936248302459717,0.07080000638961792,-0.2140740156173706,0.10026818513870239,-0.298938512802124,0.14465314149856567,-0.3396804928779602,0.018930435180664062,-0.31104183197021484,-0.052672624588012695,-0.35975635051727295,-0.05317634344100952,-0.3097749948501587,-0.03359276056289673,-0.27567124366760254,-0.03510463237762451,-0.2858739495277405,-0.09378564357757568,-0.3307226300239563,-0.0946541428565979,-0.2815622091293335,-0.07543379068374634,-0.24872076511383057,-0.0880131721496582,-0.24644500017166138,-0.13802766799926758,-0.29563307762145996,-0.13600999116897583,-0.25306522846221924,-0.11479699611663818,-0.21903645992279053,-0.13695412874221802,-0.20061534643173218,-0.1832236647605896,-0.2922426462173462,-0.2225516438484192,-0.3339579701423645,-0.2525753974914551,-0.37328046560287476,0.0,0.0,0.0,0.0,0.0,0.0,0.0,0.0,0.0,0.0,0.0,0.0,0.0,0.0,0.0,0.0,0.0,0.0,0.0,0.0,0.0,0.0,0.0,0.0,0.0,0.0,0.0,0.0,0.0,0.0,0.0,0.0,0.0,0.0,0.0,0.0,0.0,0.0,0.0,0.0,0.0,0.0
0.0,0.0,0.04630100727081299,-0.10833084583282471,0.07157379388809204,-0.21433919668197632,0.1021730899810791,-0.2989988327026367,0.14731955528259277,-0.3394973874092102,0.01938009262084961,-0.3121229410171509,-0.05303102731704712,-0.3609269857406616,-0.05192875862121582,-0.3110332489013672,-0.031100034713745117,-0.27847540378570557,-0.03403782844543457,-0.2861621379852295,-0.09344309568405151,-0.33150070905685425,-0.09334272146224976,-0.28253066539764404,-0.07366657257080078,-0.2501267194747925,-0.08682465553283691,-0.24664247035980225,-0.1371937394142151,-0.29416900873184204,-0.1347898244857788,-0.2518466114997864,-0.11329108476638794,-0.21838629245758057,-0.13576358556747437,-0.20081907510757446,-0.18168264627456665,-0.29219281673431396,-0.21986263990402222,-0.33418965339660645,-0.24854201078414917,-0.37320446968078613,0.0,0.0,0.0,0.0,0.0,0.0,0.0,0.0,0.0,0.0,0.0,0.0,0.0,0.0,0.0,0.0,0.0,0.0,0.0,0.0,0.0,0.0,0.0,0.0,0.0,0.0,0.0,0.0,0.0,0.0,0.0,0.0,0.0,0.0,0.0,0.0,0.0,0.0,0.0,0.0,0.0,0.0
0.0,0.0,0.046161532402038574,-0.1098930835723877,0.07081484794616699,-0.21451115608215332,0.10102838277816772,-0.298836886882782,0.14653539657592773,-0.33848142623901367,0.018933773040771484,-0.31372934579849243,-0.05332756042480469,-0.35956764221191406,-0.05243825912475586,-0.3094651699066162,-0.031984031200408936,-0.2772858738899231,-0.034664154052734375,-0.2879195809364319,-0.09321790933609009,-0.3307344317436218,-0.0934906005859375,-0.2818281054496765,-0.07382023334503174,-0.24906903505325317,-0.08751869201660156,-0.24768030643463135,-0.13646167516708374,-0.29282987117767334,-0.13412386178970337,-0.2506873607635498,-0.11248314380645752,-0.2174288034439087,-0.13627028465270996,-0.2006790041923523,-0.18131744861602783,-0.2929013967514038,-0.21899020671844482,-0.33462297916412354,-0.24706405401229858,-0.37345296144485474,0.0,0.0,0.0,0.0,0.0,0.0,0.0,0.0,0.0,0.0,0.0,0.0,0.0,0.0,0.0,0.0,0.0,0.0,0.0,0.0,0.0,0.0,0.0,0.0,0.0,0.0,0.0,0.0,0.0,0.0,0.0,0.0,0.0,0.0,0.0,0.0,0.0,0.0,0.0,0.0,0.0,0.0
0.0,0.0,0.04530525207519531,-0.10796010494232178,0.0703350305557251,-0.21145230531692505,0.09881603717803955,-0.2954471707344055,0.1421683430671692,-0.33669614791870117,0.016649365425109863,-0.3121892213821411,-0.05410736799240112,-0.3577842712402344,-0.05251336097717285,-0.3080180287361145,-0.03177696466445923,-0.2758609652519226,-0.03728806972503662,-0.28607451915740967,-0.09488409757614136,-0.32979947328567505,-0.09444421529769897,-0.28051096200942993,-0.07504409551620483,-0.24670428037643433,-0.09004688262939453,-0.24642902612686157,-0.13898813724517822,-0.2926608920097351,-0.13655948638916016,-0.2500509023666382,-0.11510741710662842,-0.21568149328231812,-0.13849198818206787,-0.20052659511566162,-0.1837068796157837,-0.29098910093307495,-0.22178775072097778,-0.3330456018447876,-0.25039350986480713,-0.37186646461486816,0.0,0.0,0.0,0.0,0.0,0.0,0.0,0.0,0.0,0.0,0.0,0.0,0.0,0.0,0.0,0.0,0.0,0.0,0.0,0.0,0.0,0.0,0.0,0.0,0.0,0.0,0.0,0.0,0.0,0.0,0.0,0.0,0.0,0.0,0.0,0.0,0.0,0.0,0.0,0.0,0.0,0.0
0.0,0.0,0.04563182592391968,-0.10890531539916992,0.07021588087081909,-0.21340185403823853,0.09850406646728516,-0.2983258366584778,0.14359933137893677,-0.3386659622192383,0.01766449213027954,-0.31619715690612793,-0.053878068923950195,-0.3634687662124634,-0.0532681941986084,-0.3119654655456543,-0.03289449214935303,-0.2782343626022339,-0.036533474922180176,-0.2902517318725586,-0.09449189901351929,-0.33473557233810425,-0.09461665153503418,-0.2838975191116333,-0.07501190900802612,-0.24961799383163452,-0.09000825881958008,-0.2499995231628418,-0.1389385461807251,-0.29703980684280396,-0.1364576816558838,-0.2537255883216858,-0.11463141441345215,-0.21904492378234863,-0.13916325569152832,-0.20299381017684937,-0.18507462739944458,-0.2962069511413574,-0.2225501537322998,-0.33861052989959717,-0.25029847025871277,-0.37755516171455383,0.0,0.0,0.0,0.0,0.0,0.0,0.0,0.0,0.0,0.0,0.0,0.0,0.0,0.0,0.0,0.0,0.0,0.0,0.0,0.0,0.0,0.0,0.0,0.0,0.0,0.0,0.0,0.0,0.0,0.0,0.0,0.0,0.0,0.0,0.0,0.0,0.0,0.0,0.0,0.0,0.0,0.0
0.0,0.0,0.04626983404159546,-0.10762512683868408,0.07156985998153687,-0.20617461204528809,0.09745299816131592,-0.29022711515426636,0.13612115383148193,-0.3338862657546997,0.01746666431427002,-0.31322813034057617,-0.05011051893234253,-0.3614788055419922,-0.05171877145767212,-0.31190091371536255,-0.033594727516174316,-0.2783421277999878,-0.03673052787780762,-0.2890106439590454,-0.09333348274230957,-0.3341597318649292,-0.09484249353408813,-0.284521222114563,-0.07649052143096924,-0.25061899423599243,-0.09017890691757202,-0.24995934963226318,-0.13803941011428833,-0.2973739504814148,-0.13617897033691406,-0.2548897862434387,-0.11575037240982056,-0.22050505876541138,-0.1388695240020752,-0.20415210723876953,-0.18493002653121948,-0.29594719409942627,-0.22234004735946655,-0.3376091718673706,-0.24955731630325317,-0.37645024061203003,0.0,0.0,0.0,0.0,0.0,0.0,0.0,0.0,0.0,0.0,0.0,0.0,0.0,0.0,0.0,0.0,0.0,0.0,0.0,0.0,0.0,0.0,0.0,0.0,0.0,0.0,0.0,0.0,0.0,0.0,0.0,0.0,0.0,0.0,0.0,0.0,0.0,0.0,0.0,0.0,0.0,0.0
0.0,0.0,0.04645705223083496,-0.10701268911361694,0.07289570569992065,-0.20716845989227295,0.09962928295135498,-0.2904122471809387,0.1384371519088745,-0.3335959315299988,0.01830500364303589,-0.30927860736846924,-0.04753035306930542,-0.3578649163246155,-0.049524545669555664,-0.3093525767326355,-0.03169816732406616,-0.276004433631897,-0.03635573387145996,-0.2850971221923828,-0.09168165922164917,-0.33117520809173584,-0.09323513507843018,-0.2813725471496582,-0.07502549886703491,-0.24747270345687866,-0.08950257301330566,-0.24651986360549927,-0.13664567470550537,-0.29434555768966675,-0.13483256101608276,-0.25182873010635376,-0.11450362205505371,-0.2174696922302246,-0.13754767179489136,-0.20075207948684692,-0.18339693546295166,-0.2915073037147522,-0.22070413827896118,-0.3322681784629822,-0.24792838096618652,-0.3694736957550049,0.0,0.0,0.0,0.0,0.0,0.0,0.0,0.0,0.0,0.0,0.0,0.0,0.0,0.0,0.0,0.0,0.0,0.0,0.0,0.0,0.0,0.0,0.0,0.0,0.0,0.0,0.0,0.0,0.0,0.0,0.0,0.0,0.0,0.0,0.0,0.0,0.0,0.0,0.0,0.0,0.0,0.0
0.0,0.0,0.04643666744232178,-0.10726195573806763,0.07222318649291992,-0.2102082371711731,0.10060805082321167,-0.2945777177810669,0.14323627948760986,-0.33599233627319336,0.019241631031036377,-0.31131577491760254,-0.048009276390075684,-0.3610251545906067,-0.05102658271789551,-0.31063562631607056,-0.03303414583206177,-0.2764272093772888,-0.03503561019897461,-0.2876812815666199,-0.09191060066223145,-0.3330065608024597,-0.0942990779876709,-0.2825738787651062,-0.07538759708404541,-0.24769532680511475,-0.08908891677856445,-0.24987173080444336,-0.13695049285888672,-0.2966659665107727,-0.13565397262573242,-0.25337857007980347,-0.11496520042419434,-0.2184581756591797,-0.13883769512176514,-0.20511311292648315,-0.1837308406829834,-0.29691082239151,-0.22070473432540894,-0.3389039635658264,-0.24739044904708862,-0.3774476647377014,0.0,0.0,0.0,0.0,0.0,0.0,0.0,0.0,0.0,0.0,0.0,0.0,0.0,0.0,0.0,0.0,0.0,0.0,0.0,0.0,0.0,0.0,0.0,0.0,0.0,0.0,0.0,0.0,0.0,0.0,0.0,0.0,0.0,0.0,0.0,0.0,0.0,0.0,0.0,0.0,0.0,0.0
0.0,0.0,0.04554474353790283,-0.10783016681671143,0.06985771656036377,-0.20765960216522217,0.09613692760467529,-0.2925158143043518,0.1358373761177063,-0.3362594246864319,0.015219509601593018,-0.3147733211517334,-0.05172097682952881,-0.3617818355560303,-0.053189992904663086,-0.3120195269584656,-0.03508913516998291,-0.2772650718688965,-0.039449989795684814,-0.2910752296447754,-0.09453427791595459,-0.3333495259284973,-0.09555667638778687,-0.28386008739471436,-0.07717353105545044,-0.2498643398284912,-0.09309840202331543,-0.2525322437286377,-0.13908624649047852,-0.2978287935256958,-0.13705450296401978,-0.2556461691856384,-0.11680662631988525,-0.22080308198928833,-0.1416454315185547,-0.20621037483215332,-0.18651330471038818,-0.2990152835845947,-0.22331875562667847,-0.3410455584526062,-0.249936044216156,-0.37866273522377014,0.0,0.0,0.0,0.0,0.0,0.0,0.0,0.0,0.0,0.0,0.0,0.0,0.0,0.0,0.0,0.0,0.0,0.0,0.0,0.0,0.0,0.0,0.0,0.0,0.0,0.0,0.0,0.0,0.0,0.0,0.0,0.0,0.0,0.0,0.0,0.0,0.0,0.0,0.0,0.0,0.0,0.0
0.0,0.0,0.04823070764541626,-0.10752451419830322,0.07438904047012329,-0.207475483417511,0.1010359525680542,-0.29141271114349365,0.14149433374404907,-0.33415651321411133,0.018992304801940918,-0.3105844259262085,-0.0459820032119751,-0.36017006635665894,-0.04743093252182007,-0.31125009059906006,-0.029700875282287598,-0.2775646448135376,-0.03573417663574219,-0.2867159843444824,-0.08990633487701416,-0.3331117630004883,-0.09098422527313232,-0.283119261264801,-0.07298004627227783,-0.249131441116333,-0.08915787935256958,-0.24850285053253174,-0.13461560010910034,-0.2965927720069885,-0.13260239362716675,-0.2538137435913086,-0.11285519599914551,-0.21917849779129028,-0.13735836744308472,-0.20337969064712524,-0.18089908361434937,-0.29486340284347534,-0.2164362668991089,-0.33506131172180176,-0.2425900101661682,-0.37116533517837524,0.0,0.0,0.0,0.0,0.0,0.0,0.0,0.0,0.0,0.0,0.0,0.0,0.0,0.0,0.0,0.0,0.0,0.0,0.0,0.0,0.0,0.0,0.0,0.0,0.0,0.0,0.0,0.0,0.0,0.0,0.0,0.0,0.0,0.0,0.0,0.0,0.0,0.0,0.0,0.0,0.0,0.0
0.0,0.0,0.04680603742599487,-0.10774850845336914,0.073719322681427,-0.2069496512413025,0.10156571865081787,-0.2898680567741394,0.14249283075332642,-0.33194833993911743,0.017619848251342773,-0.30788230895996094,-0.04782533645629883,-0.35671281814575195,-0.049263179302215576,-0.30798810720443726,-0.031651854515075684,-0.27458542585372925,-0.036920785903930664,-0.2843862771987915,-0.09218943119049072,-0.32912594079971313,-0.0935060977935791,-0.27973252534866333,-0.07565689086914062,-0.24631935358047485,-0.09002900123596191,-0.24609309434890747,-0.13731718063354492,-0.29312700033187866,-0.13541531562805176,-0.250673770904541,-0.11541885137557983,-0.2165270447731018,-0.13822734355926514,-0.2009800672531128,-0.18293863534927368,-0.2921704053878784,-0.22041231393814087,-0.3339517116546631,-0.24875503778457642,-0.37238624691963196,0.0,0.0,0.0,0.0,0.0,0.0,0.0,0.0,0.0,0.0,0.0,0.0,0.0,0.0,0.0,0.0,0.0,0.0,0.0,0.0,0.0,0.0,0.0,0.0,0.0,0.0,0.0,0.0,0.0,0.0,0.0,0.0,0.0,0.0,0.0,0.0,0.0,0.0,0.0,0.0,0.0,0.0
0.0,0.0,0.04630887508392334,-0.11083650588989258,0.0720667839050293,-0.21644294261932373,0.10203045606613159,-0.29905200004577637,0.14837586879730225,-0.33638203144073486,0.017602860927581787,-0.31426137685775757,-0.05373954772949219,-0.36082279682159424,-0.052239835262298584,-0.3100181221961975,-0.03179514408111572,-0.2756156921386719,-0.03744935989379883,-0.28829091787338257,-0.09433162212371826,-0.33331233263015747,-0.09364128112792969,-0.28374987840652466,-0.0741693377494812,-0.248024582862854,-0.09118765592575073,-0.24869734048843384,-0.13853424787521362,-0.29762232303619385,-0.13565337657928467,-0.2550382614135742,-0.11445921659469604,-0.21945136785507202,-0.14002084732055664,-0.20265966653823853,-0.18465465307235718,-0.2973891496658325,-0.22161781787872314,-0.34145885705947876,-0.24924719333648682,-0.38150858879089355,0.0,0.0,0.0,0.0,0.0,0.0,0.0,0.0,0.0,0.0,0.0,0.0,0.0,0.0,0.0,0.0,0.0,0.0,0.0,0.0,0.0,0.0,0.0,0.0,0.0,0.0,0.0,0.0,0.0,0.0,0.0,0.0,0.0,0.0,0.0,0.0,0.0,0.0,0.0,0.0,0.0,0.0
0.0,0.0,0.04545634984970093,-0.11091858148574829,0.07153123617172241,-0.21604543924331665,0.10051441192626953,-0.29802292585372925,0.1468241810798645,-0.336753785610199,0.016337037086486816,-0.3145213723182678,-0.054211199283599854,-0.3610302209854126,-0.053497254848480225,-0.31039077043533325,-0.03328615427017212,-0.2753051519393921,-0.038782477378845215,-0.2881785035133362,-0.09561848640441895,-0.3330066204071045,-0.09505993127822876,-0.28323614597320557,-0.07564973831176758,-0.24731802940368652,-0.09186232089996338,-0.24786138534545898,-0.1394614577293396,-0.2982909679412842,-0.1368868350982666,-0.2556067705154419,-0.11587923765182495,-0.21967190504074097,-0.14003413915634155,-0.20114487409591675,-0.18536335229873657,-0.29520928859710693,-0.2220032811164856,-0.3394520878791809,-0.24944078922271729,-0.37949931621551514,0.0,0.0,0.0,0.0,0.0,0.0,0.0,0.0,0.0,0.0,0.0,0.0,0.0,0.0,0.0,0.0,0.0,0.0,0.0,0.0,0.0,0.0,0.0,0.0,0.0,0.0,0.0,0.0,0.0,0.0,0.0,0.0,0.0,0.0,0.0,0.0,0.0,0.0,0.0,0.0,0.0,0.0
0.0,0.0,0.047511398792266846,-0.1108751893043518,0.07463032007217407,-0.21713751554489136,0.10613936185836792,-0.298021137714386,0.1537538766860962,-0.3351098895072937,0.01855570077896118,-0.3127933740615845,-0.051131367683410645,-0.36124444007873535,-0.05016213655471802,-0.3110828995704651,-0.029699504375457764,-0.2761229872703552,-0.03688567876815796,-0.28629934787750244,-0.09252279996871948,-0.3327484130859375,-0.0914420485496521,-0.28297722339630127,-0.07205194234848022,-0.24708247184753418,-0.09047484397888184,-0.24602335691452026,-0.13607466220855713,-0.2962053418159485,-0.13265013694763184,-0.25425976514816284,-0.1119881272315979,-0.21886563301086426,-0.13897711038589478,-0.19980138540267944,-0.18433409929275513,-0.29370421171188354,-0.2201651930809021,-0.33827561140060425,-0.24675774574279785,-0.37809324264526367,0.0,0.0,0.0,0.0,0.0,0.0,0.0,0.0,0.0,0.0,0.0,0.0,0.0,0.0,0.0,0.0,0.0,0.0,0.0,0.0,0.0,0.0,0.0,0.0,0.0,0.0,0.0,0.0,0.0,0.0,0.0,0.0,0.0,0.0,0.0,0.0,0.0,0.0,0.0,0.0,0.0,0.0
0.0,0.0,0.0486680269241333,-0.11245352029800415,0.07749271392822266,-0.21510463953018188,0.10808032751083374,-0.2970597743988037,0.15117555856704712,-0.33710962533950806,0.018149256706237793,-0.3171080946922302,-0.04797649383544922,-0.3640522360801697,-0.0494459867477417,-0.31396520137786865,-0.0313912034034729,-0.2797110676765442,-0.03783273696899414,-0.2928310036659241,-0.0906682014465332,-0.33694106340408325,-0.09181684255599976,-0.28674453496932983,-0.07400119304656982,-0.251262366771698,-0.09142959117889404,-0.25269556045532227,-0.1359560489654541,-0.29987841844558716,-0.13321775197982788,-0.2570273280143738,-0.1129874587059021,-0.22201097011566162,-0.1397935152053833,-0.2051081657409668,-0.1827859878540039,-0.2983554005622864,-0.21727228164672852,-0.3413052558898926,-0.24278217554092407,-0.3805941343307495,0.0,0.0,0.0,0.0,0.0,0.0,0.0,0.0,0.0,0.0,0.0,0.0,0.0,0.0,0.0,0.0,0.0,0.0,0.0,0.0,0.0,0.0,0.0,0.0,0.0,0.0,0.0,0.0,0.0,0.0,0.0,0.0,0.0,0.0,0.0,0.0,0.0,0.0,0.0,0.0,0.0,0.0
0.0,0.0,0.048898279666900635,-0.11383086442947388,0.07852417230606079,-0.21789252758026123,0.11281216144561768,-0.2986677289009094,0.16120946407318115,-0.335360586643219,0.0169980525970459,-0.3155379295349121,-0.045858800411224365,-0.3650001287460327,-0.04645991325378418,-0.31453728675842285,-0.02909141778945923,-0.2809928059577942,-0.04052680730819702,-0.2916310429573059,-0.08908772468566895,-0.3371012806892395,-0.08905196189880371,-0.2872350811958313,-0.07221919298171997,-0.25310587882995605,-0.09461599588394165,-0.2517961263656616,-0.1337769627571106,-0.301399827003479,-0.13033288717269897,-0.25949734449386597,-0.11176121234893799,-0.224134624004364,-0.14270669221878052,-0.20486348867416382,-0.18408769369125366,-0.30002444982528687,-0.21680331230163574,-0.34403741359710693,-0.24085479974746704,-0.38264185190200806,0.0,0.0,0.0,0.0,0.0,0.0,0.0,0.0,0.0,0.0,0.0,0.0,0.0,0.0,0.0,0.0,0.0,0.0,0.0,0.0,0.0,0.0,0.0,0.0,0.0,0.0,0.0,0.0,0.0,0.0,0.0,0.0,0.0,0.0,0.0,0.0,0.0,0.0,0.0,0.0,0.0,0.0
0.0,0.0,0.052141666412353516,-0.1136469841003418,0.083263099193573,-0.21525585651397705,0.11666178703308105,-0.29848551750183105,0.16385632753372192,-0.3370545506477356,0.01869511604309082,-0.31349635124206543,-0.04412353038787842,-0.36264199018478394,-0.04461175203323364,-0.31157398223876953,-0.027517318725585938,-0.27793383598327637,-0.03962588310241699,-0.28919386863708496,-0.08690720796585083,-0.33688175678253174,-0.08681994676589966,-0.2864573001861572,-0.07086426019668579,-0.2508257031440735,-0.0941876769065857,-0.2485712170600891,-0.13258826732635498,-0.29980307817459106,-0.12849903106689453,-0.25748902559280396,-0.11091053485870361,-0.22217488288879395,-0.1419837474822998,-0.20135599374771118,-0.1845296025276184,-0.2971431016921997,-0.21728533506393433,-0.34012794494628906,-0.24246078729629517,-0.3789680004119873,0.0,0.0,0.0,0.0,0.0,0.0,0.0,0.0,0.0,0.0,0.0,0.0,0.0,0.0,0.0,0.0,0.0,0.0,0.0,0.0,0.0,0.0,0.0,0.0,0.0,0.0,0.0,0.0,0.0,0.0,0.0,0.0,0.0,0.0,0.0,0.0,0.0,0.0,0.0,0.0,0.0,0.0
0.0,0.0,0.056520164012908936,-0.11245006322860718,0.09047335386276245,-0.217532217502594,0.12674230337142944,-0.3019585609436035,0.17434805631637573,-0.34079885482788086,0.021732330322265625,-0.3198254704475403,-0.03197735548019409,-0.3670341968536377,-0.032273292541503906,-0.31883692741394043,-0.017477869987487793,-0.2849534749984741,-0.039120495319366455,-0.29585152864456177,-0.07717329263687134,-0.34125542640686035,-0.0755196213722229,-0.2933780550956726,-0.062156081199645996,-0.2561163306236267,-0.09490334987640381,-0.25632327795028687,-0.1235927939414978,-0.3052816390991211,-0.11862123012542725,-0.26527678966522217,-0.10422146320343018,-0.22744238376617432,-0.14302122592926025,-0.21220970153808594,-0.18128591775894165,-0.30440592765808105,-0.21103012561798096,-0.3475184440612793,-0.23472589254379272,-0.3853488564491272,0.0,0.0,0.0,0.0,0.0,0.0,0.0,0.0,0.0,0.0,0.0,0.0,0.0,0.0,0.0,0.0,0.0,0.0,0.0,0.0,0.0,0.0,0.0,0.0,0.0,0.0,0.0,0.0,0.0,0.0,0.0,0.0,0.0,0.0,0.0,0.0,0.0,0.0,0.0,0.0,0.0,0.0
0.0,0.0,0.056295037269592285,-0.1111651062965393,0.09052824974060059,-0.21610349416732788,0.1280726194381714,-0.2998535633087158,0.17867612838745117,-0.33580678701400757,0.023373901844024658,-0.3161858916282654,-0.030440092086791992,-0.3630121350288391,-0.03269696235656738,-0.3133285641670227,-0.017802059650421143,-0.27831339836120605,-0.03828740119934082,-0.2937770485877991,-0.07687753438949585,-0.3379136919975281,-0.07630288600921631,-0.2883509397506714,-0.06168156862258911,-0.24993526935577393,-0.09447050094604492,-0.25545066595077515,-0.12312942743301392,-0.30110228061676025,-0.11825639009475708,-0.25865405797958374,-0.10307073593139648,-0.22014868259429932,-0.14298176765441895,-0.21331846714019775,-0.180128812789917,-0.3055460453033447,-0.2092837691307068,-0.34836769104003906,-0.23190933465957642,-0.38600194454193115,0.0,0.0,0.0,0.0,0.0,0.0,0.0,0.0,0.0,0.0,0.0,0.0,0.0,0.0,0.0,0.0,0.0,0.0,0.0,0.0,0.0,0.0,0.0,0.0,0.0,0.0,0.0,0.0,0.0,0.0,0.0,0.0,0.0,0.0,0.0,0.0,0.0,0.0,0.0,0.0,0.0,0.0
0.0,0.0,0.05628669261932373,-0.11156153678894043,0.09042567014694214,-0.21722054481506348,0.12955105304718018,-0.3006064295768738,0.18112969398498535,-0.33555495738983154,0.022599220275878906,-0.3153879642486572,-0.030894458293914795,-0.3618435859680176,-0.03243231773376465,-0.3122592568397522,-0.017243027687072754,-0.27793753147125244,-0.039515018463134766,-0.2927335500717163,-0.07734644412994385,-0.3358196020126343,-0.07590383291244507,-0.28724485635757446,-0.06083250045776367,-0.24948632717132568,-0.09585660696029663,-0.2542307376861572,-0.12388765811920166,-0.29907727241516113,-0.11820113658905029,-0.25768160820007324,-0.10251611471176147,-0.21982616186141968,-0.14424973726272583,-0.21195924282073975,-0.1813669204711914,-0.30455219745635986,-0.20969277620315552,-0.34775346517562866,-0.23131734132766724,-0.3849273920059204,0.0,0.0,0.0,0.0,0.0,0.0,0.0,0.0,0.0,0.0,0.0,0.0,0.0,0.0,0.0,0.0,0.0,0.0,0.0,0.0,0.0,0.0,0.0,0.0,0.0,0.0,0.0,0.0,0.0,0.0,0.0,0.0,0.0,0.0,0.0,0.0,0.0,0.0,0.0,0.0,0.0,0.0
0.0,0.0,0.05607062578201294,-0.11167585849761963,0.09069526195526123,-0.21687418222427368,0.12995868921279907,-0.3004143238067627,0.18062180280685425,-0.3372799754142761,0.021880626678466797,-0.31764692068099976,-0.02963089942932129,-0.3648794889450073,-0.032257080078125,-0.3164716958999634,-0.018160223960876465,-0.28242045640945435,-0.04009532928466797,-0.29458123445510864,-0.07730919122695923,-0.33858251571655273,-0.0761687159538269,-0.2905508279800415,-0.061509907245635986,-0.25370705127716064,-0.09632033109664917,-0.2558133602142334,-0.12381541728973389,-0.30077922344207764,-0.11849206686019897,-0.25949305295944214,-0.10333579778671265,-0.22162073850631714,-0.14463317394256592,-0.21428722143173218,-0.18153047561645508,-0.306283175945282,-0.21056616306304932,-0.34860867261886597,-0.232976496219635,-0.3849700093269348,0.0,0.0,0.0,0.0,0.0,0.0,0.0,0.0,0.0,0.0,0.0,0.0,0.0,0.0,0.0,0.0,0.0,0.0,0.0,0.0,0.0,0.0,0.0,0.0,0.0,0.0,0.0,0.0,0.0,0.0,0.0,0.0,0.0,0.0,0.0,0.0,0.0,0.0,0.0,0.0,0.0,0.0
0.0,0.0,0.05979621410369873,-0.11031866073608398,0.09491837024688721,-0.21622520685195923,0.13326150178909302,-0.3002220392227173,0.18453067541122437,-0.33339524269104004,0.027320384979248047,-0.3160463571548462,-0.021000683307647705,-0.3650848865509033,-0.025164306163787842,-0.31712108850479126,-0.01266545057296753,-0.28269487619400024,-0.035782575607299805,-0.29611968994140625,-0.07085990905761719,-0.3406584858894348,-0.07091397047042847,-0.29371094703674316,-0.05701571702957153,-0.2571197748184204,-0.09305214881896973,-0.25866037607192993,-0.1183314323425293,-0.3027169704437256,-0.11331021785736084,-0.26139527559280396,-0.09884566068649292,-0.22363817691802979,-0.14198249578475952,-0.21749597787857056,-0.1776028275489807,-0.30990737676620483,-0.20532482862472534,-0.3515743017196655,-0.22633028030395508,-0.3861352801322937,0.0,0.0,0.0,0.0,0.0,0.0,0.0,0.0,0.0,0.0,0.0,0.0,0.0,0.0,0.0,0.0,0.0,0.0,0.0,0.0,0.0,0.0,0.0,0.0,0.0,0.0,0.0,0.0,0.0,0.0,0.0,0.0,0.0,0.0,0.0,0.0,0.0,0.0,0.0,0.0,0.0,0.0
0.0,0.0,0.05953949689865112,-0.1092841625213623,0.09504550695419312,-0.21436703205108643,0.13512760400772095,-0.2969750165939331,0.1866668462753296,-0.3315219283103943,0.024541854858398438,-0.3142430782318115,-0.024322032928466797,-0.3601720929145813,-0.02489405870437622,-0.3115060329437256,-0.010654151439666748,-0.2775057554244995,-0.037872254848480225,-0.29249775409698486,-0.0715780258178711,-0.33523690700531006,-0.06988334655761719,-0.28839510679244995,-0.05600696802139282,-0.25221478939056396,-0.09385037422180176,-0.2541254758834839,-0.11729341745376587,-0.29791855812072754,-0.11203455924987793,-0.25724899768829346,-0.09829634428024292,-0.21949231624603271,-0.14169913530349731,-0.21289783716201782,-0.17707538604736328,-0.30421459674835205,-0.2049715518951416,-0.34671902656555176,-0.2270827293395996,-0.3823496699333191,0.0,0.0,0.0,0.0,0.0,0.0,0.0,0.0,0.0,0.0,0.0,0.0,0.0,0.0,0.0,0.0,0.0,0.0,0.0,0.0,0.0,0.0,0.0,0.0,0.0,0.0,0.0,0.0,0.0,0.0,0.0,0.0,0.0,0.0,0.0,0.0,0.0,0.0,0.0,0.0,0.0,0.0
0.0,0.0,0.0591120719909668,-0.11190694570541382,0.09328711032867432,-0.21842432022094727,0.13261955976486206,-0.30285465717315674,0.1846400499343872,-0.33537888526916504,0.02579474449157715,-0.3181496858596802,-0.021737396717071533,-0.3657270073890686,-0.025188446044921875,-0.3163132071495056,-0.012174785137176514,-0.28130578994750977,-0.03704094886779785,-0.2987323999404907,-0.07125306129455566,-0.34119659662246704,-0.07102465629577637,-0.2936022877693176,-0.057229697704315186,-0.25623297691345215,-0.09437763690948486,-0.2610566020011902,-0.11977404356002808,-0.3032160997390747,-0.11446988582611084,-0.2615671157836914,-0.09973084926605225,-0.22310692071914673,-0.14359533786773682,-0.2193676233291626,-0.17912131547927856,-0.3120373487472534,-0.20718485116958618,-0.3549332618713379,-0.22885429859161377,-0.39092424511909485,0.0,0.0,0.0,0.0,0.0,0.0,0.0,0.0,0.0,0.0,0.0,0.0,0.0,0.0,0.0,0.0,0.0,0.0,0.0,0.0,0.0,0.0,0.0,0.0,0.0,0.0,0.0,0.0,0.0,0.0,0.0,0.0,0.0,0.0,0.0,0.0,0.0,0.0,0.0,0.0,0.0,0.0
0.0,0.0,0.05977308750152588,-0.11068397760391235,0.0953710675239563,-0.2151678204536438,0.13518905639648438,-0.29767078161239624,0.1870288848876953,-0.3307773470878601,0.02366560697555542,-0.3145797848701477,-0.024961411952972412,-0.3607575297355652,-0.025664150714874268,-0.3117780089378357,-0.011854350566864014,-0.2774401307106018,-0.03914499282836914,-0.2938036322593689,-0.07258903980255127,-0.3362090587615967,-0.07119303941726685,-0.29012131690979004,-0.05764961242675781,-0.2539796233177185,-0.09516662359237671,-0.255628764629364,-0.11826908588409424,-0.29821598529815674,-0.11262106895446777,-0.2575950026512146,-0.09875315427780151,-0.22010082006454468,-0.1427507996559143,-0.2140650749206543,-0.178053617477417,-0.3053022027015686,-0.2054925560951233,-0.34690773487091064,-0.22706931829452515,-0.38130930066108704,0.0,0.0,0.0,0.0,0.0,0.0,0.0,0.0,0.0,0.0,0.0,0.0,0.0,0.0,0.0,0.0,0.0,0.0,0.0,0.0,0.0,0.0,0.0,0.0,0.0,0.0,0.0,0.0,0.0,0.0,0.0,0.0,0.0,0.0,0.0,0.0,0.0,0.0,0.0,0.0,0.0,0.0
0.0,0.0,0.06054806709289551,-0.1104307770729065,0.0961187481880188,-0.21622896194458008,0.1365443468093872,-0.2988528609275818,0.18873459100723267,-0.33074212074279785,0.027118802070617676,-0.31200993061065674,-0.01894199848175049,-0.3607518672943115,-0.022376656532287598,-0.3116756081581116,-0.00935739278793335,-0.2753220200538635,-0.035830914974212646,-0.29352086782455444,-0.0689193606376648,-0.33523327112197876,-0.06867575645446777,-0.2888166904449463,-0.054750919342041016,-0.2520005702972412,-0.09274798631668091,-0.25664305686950684,-0.11615735292434692,-0.29911983013153076,-0.1107749342918396,-0.25781118869781494,-0.0965009331703186,-0.21961146593093872,-0.14107710123062134,-0.21555805206298828,-0.17683154344558716,-0.30573272705078125,-0.20458334684371948,-0.34764784574508667,-0.2258870005607605,-0.38277196884155273,0.0,0.0,0.0,0.0,0.0,0.0,0.0,0.0,0.0,0.0,0.0,0.0,0.0,0.0,0.0,0.0,0.0,0.0,0.0,0.0,0.0,0.0,0.0,0.0,0.0,0.0,0.0,0.0,0.0,0.0,0.0,0.0,0.0,0.0,0.0,0.0,0.0,0.0,0.0,0.0,0.0,0.0
0.0,0.0,0.06053602695465088,-0.11044317483901978,0.09604001045227051,-0.2142847180366516,0.13484907150268555,-0.2966747283935547,0.18561911582946777,-0.3285951018333435,0.025008320808410645,-0.3104495406150818,-0.02113807201385498,-0.35673075914382935,-0.021503448486328125,-0.3079754114151001,-0.007212698459625244,-0.27213430404663086,-0.03866380453109741,-0.2912359833717346,-0.06890058517456055,-0.33384644985198975,-0.06706786155700684,-0.2874806523323059,-0.053974807262420654,-0.24984103441238403,-0.09495168924331665,-0.25369876623153687,-0.11640983819961548,-0.29716992378234863,-0.11028468608856201,-0.2553330659866333,-0.0964239239692688,-0.21646755933761597,-0.14222317934036255,-0.21232831478118896,-0.17799866199493408,-0.3042603135108948,-0.2046026587486267,-0.34805727005004883,-0.2250978946685791,-0.38487905263900757,0.0,0.0,0.0,0.0,0.0,0.0,0.0,0.0,0.0,0.0,0.0,0.0,0.0,0.0,0.0,0.0,0.0,0.0,0.0,0.0,0.0,0.0,0.0,0.0,0.0,0.0,0.0,0.0,0.0,0.0,0.0,0.0,0.0,0.0,0.0,0.0,0.0,0.0,0.0,0.0,0.0,0.0
0.0,0.0,0.06191319227218628,-0.11032402515411377,0.09807926416397095,-0.21411216259002686,0.13752180337905884,-0.29604101181030273,0.1883012056350708,-0.3274480700492859,0.027343451976776123,-0.3113200068473816,-0.01807105541229248,-0.357276976108551,-0.020489215850830078,-0.30875056982040405,-0.007845163345336914,-0.2728232741355896,-0.03584831953048706,-0.29320400953292847,-0.06664448976516724,-0.3336072564125061,-0.06580579280853271,-0.2877904176712036,-0.05335766077041626,-0.25101470947265625,-0.09218394756317139,-0.25628966093063354,-0.11360442638397217,-0.298409640789032,-0.10755747556686401,-0.25730007886886597,-0.09430015087127686,-0.2193569540977478,-0.1397673487663269,-0.21459990739822388,-0.1764625906944275,-0.3050691485404968,-0.20301860570907593,-0.3469393253326416,-0.22336357831954956,-0.3822888731956482,0.0,0.0,0.0,0.0,0.0,0.0,0.0,0.0,0.0,0.0,0.0,0.0,0.0,0.0,0.0,0.0,0.0,0.0,0.0,0.0,0.0,0.0,0.0,0.0,0.0,0.0,0.0,0.0,0.0,0.0,0.0,0.0,0.0,0.0,0.0,0.0,0.0,0.0,0.0,0.0,0.0,0.0
0.0,0.0,0.05899691581726074,-0.11008226871490479,0.09483039379119873,-0.21660536527633667,0.13622170686721802,-0.29858332872390747,0.18916946649551392,-0.3302311897277832,0.023611128330230713,-0.31302136182785034,-0.02367222309112549,-0.35774701833724976,-0.02571624517440796,-0.3085249066352844,-0.012109041213989258,-0.27299970388412476,-0.039119184017181396,-0.2933066487312317,-0.0725020170211792,-0.3332401514053345,-0.0717083215713501,-0.28732216358184814,-0.05826753377914429,-0.2506594657897949,-0.09518241882324219,-0.2558501362800598,-0.11911505460739136,-0.29906100034713745,-0.11357247829437256,-0.25818026065826416,-0.09926766157150269,-0.21944677829742432,-0.14295518398284912,-0.21440523862838745,-0.17831599712371826,-0.30442947149276733,-0.20599782466888428,-0.3470245599746704,-0.22788232564926147,-0.3832826614379883,0.0,0.0,0.0,0.0,0.0,0.0,0.0,0.0,0.0,0.0,0.0,0.0,0.0,0.0,0.0,0.0,0.0,0.0,0.0,0.0,0.0,0.0,0.0,0.0,0.0,0.0,0.0,0.0,0.0,0.0,0.0,0.0,0.0,0.0,0.0,0.0,0.0,0.0,0.0,0.0,0.0,0.0
0.0,0.0,0.060172080993652344,-0.10874021053314209,0.09619277715682983,-0.2112809419631958,0.133897602558136,-0.2936587333679199,0.18436479568481445,-0.32669734954833984,0.02641582489013672,-0.3091316223144531,-0.01929032802581787,-0.3562380075454712,-0.0209122896194458,-0.30735015869140625,-0.007830321788787842,-0.2724533677101135,-0.03680229187011719,-0.29054874181747437,-0.06762319803237915,-0.33280718326568604,-0.06646716594696045,-0.2872915267944336,-0.053795576095581055,-0.2507637143135071,-0.09339404106140137,-0.25384408235549927,-0.11502987146377563,-0.29732900857925415,-0.10898751020431519,-0.25610560178756714,-0.09548681974411011,-0.21785074472427368,-0.14133650064468384,-0.21306782960891724,-0.17820340394973755,-0.30260926485061646,-0.20513999462127686,-0.3448009490966797,-0.22582554817199707,-0.3802686929702759,0.0,0.0,0.0,0.0,0.0,0.0,0.0,0.0,0.0,0.0,0.0,0.0,0.0,0.0,0.0,0.0,0.0,0.0,0.0,0.0,0.0,0.0,0.0,0.0,0.0,0.0,0.0,0.0,0.0,0.0,0.0,0.0,0.0,0.0,0.0,0.0,0.0,0.0,0.0,0.0,0.0,0.0
0.0,0.0,0.060991525650024414,-0.11008822917938232,0.09651690721511841,-0.21355223655700684,0.13739430904388428,-0.29465174674987793,0.18972653150558472,-0.3265256881713867,0.0246964693069458,-0.3099712133407593,-0.019451618194580078,-0.356971800327301,-0.01942998170852661,-0.3089578151702881,-0.006170392036437988,-0.27347540855407715,-0.037993431091308594,-0.2899565100669861,-0.06770211458206177,-0.33319634199142456,-0.0649254322052002,-0.28863298892974854,-0.052556633949279785,-0.2521197199821472,-0.09358084201812744,-0.25239354372024536,-0.11413657665252686,-0.296880841255188,-0.10695171356201172,-0.2577921152114868,-0.09384477138519287,-0.21965152025222778,-0.14030134677886963,-0.2112964391708374,-0.17631804943084717,-0.30097514390945435,-0.2032153606414795,-0.3442031741142273,-0.22513437271118164,-0.38029956817626953,0.0,0.0,0.0,0.0,0.0,0.0,0.0,0.0,0.0,0.0,0.0,0.0,0.0,0.0,0.0,0.0,0.0,0.0,0.0,0.0,0.0,0.0,0.0,0.0,0.0,0.0,0.0,0.0,0.0,0.0,0.0,0.0,0.0,0.0,0.0,0.0,0.0,0.0,0.0,0.0,0.0,0.0
0.0,0.0,0.060801565647125244,-0.11172491312026978,0.09611403942108154,-0.21630483865737915,0.13541090488433838,-0.29810595512390137,0.18736058473587036,-0.3272799253463745,0.02583211660385132,-0.31277984380722046,-0.01876819133758545,-0.3598940968513489,-0.020780861377716064,-0.311404287815094,-0.008637189865112305,-0.275762140750885,-0.0371166467666626,-0.29396146535873413,-0.06836295127868652,-0.3365880846977234,-0.0668189525604248,-0.2916911244392395,-0.05454730987548828,-0.2546842098236084,-0.09367591142654419,-0.257232129573822,-0.11531150341033936,-0.3013729453086853,-0.10849136114120483,-0.2616042494773865,-0.0953180193901062,-0.22291141748428345,-0.1416735053062439,-0.21652185916900635,-0.17774444818496704,-0.30700021982192993,-0.20412802696228027,-0.34949618577957153,-0.22514420747756958,-0.38487499952316284,0.0,0.0,0.0,0.0,0.0,0.0,0.0,0.0,0.0,0.0,0.0,0.0,0.0,0.0,0.0,0.0,0.0,0.0,0.0,0.0,0.0,0.0,0.0,0.0,0.0,0.0,0.0,0.0,0.0,0.0,0.0,0.0,0.0,0.0,0.0,0.0,0.0,0.0,0.0,0.0,0.0,0.0
0.0,0.0,0.06011331081390381,-0.11067885160446167,0.0961153507232666,-0.21562302112579346,0.1377161741256714,-0.29823124408721924,0.19057631492614746,-0.33168649673461914,0.024531304836273193,-0.3139832615852356,-0.020889103412628174,-0.3580247163772583,-0.021773099899291992,-0.30900853872299194,-0.008571803569793701,-0.27492815256118774,-0.03861767053604126,-0.29333198070526123,-0.06968754529953003,-0.3359692692756653,-0.06780201196670532,-0.2902359962463379,-0.055136144161224365,-0.25280654430389404,-0.09499847888946533,-0.2555811405181885,-0.11642909049987793,-0.2997424006462097,-0.10992133617401123,-0.25965750217437744,-0.09651768207550049,-0.2207598090171814,-0.14246881008148193,-0.2148737907409668,-0.17811834812164307,-0.3048091530799866,-0.20447856187820435,-0.34769999980926514,-0.22538918256759644,-0.38405823707580566,0.0,0.0,0.0,0.0,0.0,0.0,0.0,0.0,0.0,0.0,0.0,0.0,0.0,0.0,0.0,0.0,0.0,0.0,0.0,0.0,0.0,0.0,0.0,0.0,0.0,0.0,0.0,0.0,0.0,0.0,0.0,0.0,0.0,0.0,0.0,0.0,0.0,0.0,0.0,0.0,0.0,0.0
0.0,0.0,0.06089925765991211,-0.11153805255889893,0.09762996435165405,-0.21345382928848267,0.13758409023284912,-0.2953554391860962,0.18954366445541382,-0.3278801441192627,0.02705162763595581,-0.3129240870475769,-0.01917290687561035,-0.3612806797027588,-0.021885275840759277,-0.31340473890304565,-0.009685635566711426,-0.27783143520355225,-0.03645908832550049,-0.29420071840286255,-0.06810063123703003,-0.33810102939605713,-0.06728130578994751,-0.2928880453109741,-0.05508655309677124,-0.25595736503601074,-0.09348565340042114,-0.25699949264526367,-0.11554926633834839,-0.3017921447753906,-0.10939723253250122,-0.2617419958114624,-0.09624087810516357,-0.2237287163734436,-0.14173674583435059,-0.21555036306381226,-0.177259624004364,-0.30555760860443115,-0.20314443111419678,-0.34759366512298584,-0.22343730926513672,-0.38328108191490173,0.0,0.0,0.0,0.0,0.0,0.0,0.0,0.0,0.0,0.0,0.0,0.0,0.0,0.0,0.0,0.0,0.0,0.0,0.0,0.0,0.0,0.0,0.0,0.0,0.0,0.0,0.0,0.0,0.0,0.0,0.0,0.0,0.0,0.0,0.0,0.0,0.0,0.0,0.0,0.0,0.0,0.0
0.0,0.0,0.05988854169845581,-0.11344164609909058,0.09572911262512207,-0.21759521961212158,0.13675224781036377,-0.30025845766067505,0.1888028383255005,-0.3335310220718384,0.026266038417816162,-0.3184277415275574,-0.0197904109954834,-0.3637179732322693,-0.022625327110290527,-0.3151931166648865,-0.010332584381103516,-0.27941399812698364,-0.037226319313049316,-0.29987239837646484,-0.06909626722335815,-0.3398141860961914,-0.06836152076721191,-0.2950262427330017,-0.05567574501037598,-0.2582318186759949,-0.09470099210739136,-0.26193225383758545,-0.11707305908203125,-0.3044012784957886,-0.11100280284881592,-0.2640628218650818,-0.09713274240493774,-0.22529113292694092,-0.14346420764923096,-0.21926414966583252,-0.17879366874694824,-0.31157082319259644,-0.20560479164123535,-0.3544875383377075,-0.22619032859802246,-0.3902001976966858,0.0,0.0,0.0,0.0,0.0,0.0,0.0,0.0,0.0,0.0,0.0,0.0,0.0,0.0,0.0,0.0,0.0,0.0,0.0,0.0,0.0,0.0,0.0,0.0,0.0,0.0,0.0,0.0,0.0,0.0,0.0,0.0,0.0,0.0,0.0,0.0,0.0,0.0,0.0,0.0,0.0,0.0
0.0,0.0,0.05971580743789673,-0.11140364408493042,0.09589022397994995,-0.21525758504867554,0.13702213764190674,-0.2976817488670349,0.19000601768493652,-0.33135151863098145,0.024664878845214844,-0.3157194256782532,-0.022579550743103027,-0.3625984191894531,-0.025251150131225586,-0.31433314085006714,-0.012750685214996338,-0.279660165309906,-0.03841972351074219,-0.2959403395652771,-0.07131344079971313,-0.3383578062057495,-0.0707772970199585,-0.29290658235549927,-0.05808985233306885,-0.2563495635986328,-0.09523677825927734,-0.2583150863647461,-0.11799919605255127,-0.3010772466659546,-0.1124386191368103,-0.26058322191238403,-0.0989425778388977,-0.22261202335357666,-0.14369261264801025,-0.216985285282135,-0.17911970615386963,-0.3078644275665283,-0.20524752140045166,-0.3505573272705078,-0.22534620761871338,-0.38624051213264465,0.0,0.0,0.0,0.0,0.0,0.0,0.0,0.0,0.0,0.0,0.0,0.0,0.0,0.0,0.0,0.0,0.0,0.0,0.0,0.0,0.0,0.0,0.0,0.0,0.0,0.0,0.0,0.0,0.0,0.0,0.0,0.0,0.0,0.0,0.0,0.0,0.0,0.0,0.0,0.0,0.0,0.0
0.0,0.0,0.06109660863876343,-0.1105237603187561,0.09724593162536621,-0.21331769227981567,0.13801324367523193,-0.2960546612739563,0.19141894578933716,-0.32917529344558716,0.026418209075927734,-0.3132694959640503,-0.018729686737060547,-0.35951870679855347,-0.020207643508911133,-0.3112064599990845,-0.00725710391998291,-0.27558064460754395,-0.03719913959503174,-0.2940981388092041,-0.06813693046569824,-0.3356536626815796,-0.06663799285888672,-0.29076874256134033,-0.05404508113861084,-0.25361645221710205,-0.09401476383209229,-0.2566038966178894,-0.11539888381958008,-0.3005492091178894,-0.1091192364692688,-0.26026999950408936,-0.09558635950088501,-0.22140741348266602,-0.1419217586517334,-0.21534377336502075,-0.17698955535888672,-0.3064243793487549,-0.20298659801483154,-0.3496796488761902,-0.2233186960220337,-0.38584834337234497,0.0,0.0,0.0,0.0,0.0,0.0,0.0,0.0,0.0,0.0,0.0,0.0,0.0,0.0,0.0,0.0,0.0,0.0,0.0,0.0,0.0,0.0,0.0,0.0,0.0,0.0,0.0,0.0,0.0,0.0,0.0,0.0,0.0,0.0,0.0,0.0,0.0,0.0,0.0,0.0,0.0,0.0
0.0,0.0,0.06050294637680054,-0.11264270544052124,0.09593844413757324,-0.2174202799797058,0.1356835961341858,-0.30080753564834595,0.1884867548942566,-0.333747923374176,0.027261435985565186,-0.3171808123588562,-0.018362700939178467,-0.3670973777770996,-0.020715534687042236,-0.31820183992385864,-0.008307278156280518,-0.28218936920166016,-0.036202430725097656,-0.29833853244781494,-0.06748771667480469,-0.3416398763656616,-0.0665929913520813,-0.2958323359489441,-0.054304659366607666,-0.25904738903045654,-0.0937623381614685,-0.26166296005249023,-0.11486786603927612,-0.3065885305404663,-0.10898035764694214,-0.26573169231414795,-0.09615111351013184,-0.22689300775527954,-0.14262443780899048,-0.22109246253967285,-0.17798012495040894,-0.31346285343170166,-0.20384091138839722,-0.35613709688186646,-0.223935067653656,-0.39168781042099,0.0,0.0,0.0,0.0,0.0,0.0,0.0,0.0,0.0,0.0,0.0,0.0,0.0,0.0,0.0,0.0,0.0,0.0,0.0,0.0,0.0,0.0,0.0,0.0,0.0,0.0,0.0,0.0,0.0,0.0,0.0,0.0,0.0,0.0,0.0,0.0,0.0,0.0,0.0,0.0,0.0,0.0
0.0,0.0,0.06185448169708252,-0.11232715845108032,0.0989387035369873,-0.21514469385147095,0.14150333404541016,-0.29784584045410156,0.19453966617584229,-0.3316575884819031,0.02739536762237549,-0.3136763572692871,-0.017755508422851562,-0.3616722822189331,-0.01793062686920166,-0.31293046474456787,-0.0050313472747802734,-0.2777986526489258,-0.0363309383392334,-0.2938963770866394,-0.06604588031768799,-0.33813703060150146,-0.06363016366958618,-0.2925832271575928,-0.05186867713928223,-0.2558445334434509,-0.09294342994689941,-0.25635582208633423,-0.1124536395072937,-0.30233532190322876,-0.10564601421356201,-0.2625061273574829,-0.0934215784072876,-0.22401326894760132,-0.14025121927261353,-0.21553343534469604,-0.1763255000114441,-0.3080960512161255,-0.2023739218711853,-0.3515970706939697,-0.22320818901062012,-0.38762083649635315,0.0,0.0,0.0,0.0,0.0,0.0,0.0,0.0,0.0,0.0,0.0,0.0,0.0,0.0,0.0,0.0,0.0,0.0,0.0,0.0,0.0,0.0,0.0,0.0,0.0,0.0,0.0,0.0,0.0,0.0,0.0,0.0,0.0,0.0,0.0,0.0,0.0,0.0,0.0,0.0,0.0,0.0
0.0,0.0,0.061759352684020996,-0.10980910062789917,0.09792280197143555,-0.21174085140228271,0.1365148425102234,-0.295526385307312,0.1889026165008545,-0.32955533266067505,0.027028679847717285,-0.31357622146606445,-0.018147408962249756,-0.3602762818336487,-0.01924234628677368,-0.3110108971595764,-0.006334066390991211,-0.27543026208877563,-0.03706192970275879,-0.29470252990722656,-0.0678110122680664,-0.33632421493530273,-0.06630164384841919,-0.29040759801864624,-0.053998351097106934,-0.25282907485961914,-0.09435045719146729,-0.2577362060546875,-0.11547189950942993,-0.30171841382980347,-0.10934734344482422,-0.26056593656539917,-0.09624338150024414,-0.2208687663078308,-0.14282244443893433,-0.21743112802505493,-0.1774495244026184,-0.30781811475753784,-0.20311611890792847,-0.351202130317688,-0.2233811616897583,-0.3872559070587158,0.0,0.0,0.0,0.0,0.0,0.0,0.0,0.0,0.0,0.0,0.0,0.0,0.0,0.0,0.0,0.0,0.0,0.0,0.0,0.0,0.0,0.0,0.0,0.0,0.0,0.0,0.0,0.0,0.0,0.0,0.0,0.0,0.0,0.0,0.0,0.0,0.0,0.0,0.0,0.0,0.0,0.0
0.0,0.0,0.06129270792007446,-0.10992342233657837,0.09748315811157227,-0.21365994215011597,0.13769745826721191,-0.29781806468963623,0.18999940156936646,-0.33149099349975586,0.027809083461761475,-0.3149852156639099,-0.017430365085601807,-0.36399489641189575,-0.019099175930023193,-0.3141407370567322,-0.006488323211669922,-0.27815520763397217,-0.03599584102630615,-0.2960434556007385,-0.06689202785491943,-0.3407127261161804,-0.06556683778762817,-0.2941623330116272,-0.05357152223587036,-0.2570738196372986,-0.0933612585067749,-0.2591971158981323,-0.11391371488571167,-0.30526256561279297,-0.10766959190368652,-0.26443642377853394,-0.09510517120361328,-0.22505050897598267,-0.141728937625885,-0.2187005877494812,-0.17762798070907593,-0.3113058805465698,-0.2041758894920349,-0.35462838411331177,-0.22519797086715698,-0.3905210494995117,0.0,0.0,0.0,0.0,0.0,0.0,0.0,0.0,0.0,0.0,0.0,0.0,0.0,0.0,0.0,0.0,0.0,0.0,0.0,0.0,0.0,0.0,0.0,0.0,0.0,0.0,0.0,0.0,0.0,0.0,0.0,0.0,0.0,0.0,0.0,0.0,0.0,0.0,0.0,0.0,0.0,0.0
0.0,0.0,0.061341285705566406,-0.1114012598991394,0.09742242097854614,-0.2179645299911499,0.13826745748519897,-0.3036147356033325,0.1918298602104187,-0.33704179525375366,0.026693344116210938,-0.31912732124328613,-0.019715547561645508,-0.36877530813217163,-0.02120596170425415,-0.318928599357605,-0.00837475061416626,-0.2841314673423767,-0.03722506761550903,-0.29966551065444946,-0.06889528036117554,-0.3446810841560364,-0.06755679845809937,-0.29884541034698486,-0.05544233322143555,-0.2626686096191406,-0.09445703029632568,-0.26250261068344116,-0.11549437046051025,-0.30912864208221436,-0.10932290554046631,-0.2686794400215149,-0.09687364101409912,-0.229689359664917,-0.14258217811584473,-0.22186803817749023,-0.17784994840621948,-0.31455832719802856,-0.2041538953781128,-0.35776209831237793,-0.22523456811904907,-0.393329381942749,0.0,0.0,0.0,0.0,0.0,0.0,0.0,0.0,0.0,0.0,0.0,0.0,0.0,0.0,0.0,0.0,0.0,0.0,0.0,0.0,0.0,0.0,0.0,0.0,0.0,0.0,0.0,0.0,0.0,0.0,0.0,0.0,0.0,0.0,0.0,0.0,0.0,0.0,0.0,0.0,0.0,0.0
0.0,0.0,0.060333073139190674,-0.11154264211654663,0.09572720527648926,-0.21765005588531494,0.13416659832000732,-0.30468541383743286,0.18470019102096558,-0.3405224084854126,0.02571868896484375,-0.3214761018753052,-0.022275090217590332,-0.36970269680023193,-0.0255928635597229,-0.3201632499694824,-0.013544082641601562,-0.28545433282852173,-0.03761965036392212,-0.30178648233413696,-0.0713915228843689,-0.3448002338409424,-0.07142120599746704,-0.2983987331390381,-0.05868697166442871,-0.2629690170288086,-0.0950545072555542,-0.2640119791030884,-0.11753231287002563,-0.30796581506729126,-0.11237353086471558,-0.266595721244812,-0.09943115711212158,-0.22826772928237915,-0.1440775990486145,-0.22204935550689697,-0.18080174922943115,-0.3153069019317627,-0.20918840169906616,-0.3582106828689575,-0.2310442328453064,-0.3940001428127289,0.0,0.0,0.0,0.0,0.0,0.0,0.0,0.0,0.0,0.0,0.0,0.0,0.0,0.0,0.0,0.0,0.0,0.0,0.0,0.0,0.0,0.0,0.0,0.0,0.0,0.0,0.0,0.0,0.0,0.0,0.0,0.0,0.0,0.0,0.0,0.0,0.0,0.0,0.0,0.0,0.0,0.0
0.0,0.0,0.05985093116760254,-0.1125219464302063,0.09537208080291748,-0.2189151644706726,0.13512879610061646,-0.3062078356742859,0.18696057796478271,-0.34244173765182495,0.0254097580909729,-0.3241010308265686,-0.02266383171081543,-0.3727942705154419,-0.02566772699356079,-0.32377874851226807,-0.013728678226470947,-0.2904590964317322,-0.038015544414520264,-0.3037431836128235,-0.07141059637069702,-0.34762102365493774,-0.07116085290908813,-0.30129730701446533,-0.05858641862869263,-0.26625633239746094,-0.09528404474258423,-0.2654460668563843,-0.11736047267913818,-0.31046295166015625,-0.11221694946289062,-0.27002567052841187,-0.09950226545333862,-0.23190391063690186,-0.14394766092300415,-0.2234603762626648,-0.18093526363372803,-0.3169804811477661,-0.20964139699935913,-0.3592134714126587,-0.23197883367538452,-0.3940659761428833,0.0,0.0,0.0,0.0,0.0,0.0,0.0,0.0,0.0,0.0,0.0,0.0,0.0,0.0,0.0,0.0,0.0,0.0,0.0,0.0,0.0,0.0,0.0,0.0,0.0,0.0,0.0,0.0,0.0,0.0,0.0,0.0,0.0,0.0,0.0,0.0,0.0,0.0,0.0,0.0,0.0,0.0
0.0,0.0,0.058401644229888916,-0.11199831962585449,0.09253758192062378,-0.21795713901519775,0.12950009107589722,-0.30559003353118896,0.17955750226974487,-0.3430634140968323,0.023186326026916504,-0.3246241807937622,-0.02609962224960327,-0.37140291929244995,-0.0284879207611084,-0.3214612603187561,-0.015885651111602783,-0.28775662183761597,-0.040123045444488525,-0.3033819794654846,-0.07412779331207275,-0.3466762900352478,-0.0732567310333252,-0.29964137077331543,-0.060442328453063965,-0.2638731598854065,-0.09701710939407349,-0.26413220167160034,-0.12064260244369507,-0.30971860885620117,-0.11479675769805908,-0.26876693964004517,-0.10120904445648193,-0.23036378622055054,-0.14545994997024536,-0.2211654782295227,-0.18435662984848022,-0.3148882985115051,-0.21370995044708252,-0.3579424023628235,-0.23645031452178955,-0.3942714035511017,0.0,0.0,0.0,0.0,0.0,0.0,0.0,0.0,0.0,0.0,0.0,0.0,0.0,0.0,0.0,0.0,0.0,0.0,0.0,0.0,0.0,0.0,0.0,0.0,0.0,0.0,0.0,0.0,0.0,0.0,0.0,0.0,0.0,0.0,0.0,0.0,0.0,0.0,0.0,0.0,0.0,0.0
0.0,0.0,0.05824846029281616,-0.11283224821090698,0.09239870309829712,-0.21895664930343628,0.12963134050369263,-0.30686402320861816,0.18022996187210083,-0.34486788511276245,0.0230252742767334,-0.32639503479003906,-0.02869248390197754,-0.372312068939209,-0.03090500831604004,-0.32206273078918457,-0.017386019229888916,-0.2881014943122864,-0.03996318578720093,-0.304496169090271,-0.07572972774505615,-0.34544384479522705,-0.07529294490814209,-0.2972460389137268,-0.06180393695831299,-0.2612951993942261,-0.09678781032562256,-0.265034019947052,-0.12207973003387451,-0.30860435962677,-0.11704140901565552,-0.2671207785606384,-0.10297960042953491,-0.2292054295539856,-0.14524942636489868,-0.2216026782989502,-0.183646559715271,-0.3148620128631592,-0.21312904357910156,-0.3573256731033325,-0.23596912622451782,-0.39362674951553345,0.0,0.0,0.0,0.0,0.0,0.0,0.0,0.0,0.0,0.0,0.0,0.0,0.0,0.0,0.0,0.0,0.0,0.0,0.0,0.0,0.0,0.0,0.0,0.0,0.0,0.0,0.0,0.0,0.0,0.0,0.0,0.0,0.0,0.0,0.0,0.0,0.0,0.0,0.0,0.0,0.0,0.0
0.0,0.0,0.05737847089767456,-0.11280697584152222,0.09049862623214722,-0.21800100803375244,0.12445801496505737,-0.3058258891105652,0.172663152217865,-0.3437504768371582,0.022547602653503418,-0.32692188024520874,-0.0305902361869812,-0.3728904128074646,-0.033580780029296875,-0.32224005460739136,-0.02025139331817627,-0.287566602230072,-0.040159761905670166,-0.3051478862762451,-0.07784903049468994,-0.34482890367507935,-0.07789599895477295,-0.2963273525238037,-0.06384408473968506,-0.2600950598716736,-0.09675127267837524,-0.26544439792633057,-0.12438929080963135,-0.3085704445838928,-0.11945825815200806,-0.2665248513221741,-0.1044113039970398,-0.22885394096374512,-0.14523744583129883,-0.2206326127052307,-0.1848125457763672,-0.3157515525817871,-0.21528911590576172,-0.3582444190979004,-0.23846423625946045,-0.39457136392593384,0.0,0.0,0.0,0.0,0.0,0.0,0.0,0.0,0.0,0.0,0.0,0.0,0.0,0.0,0.0,0.0,0.0,0.0,0.0,0.0,0.0,0.0,0.0,0.0,0.0,0.0,0.0,0.0,0.0,0.0,0.0,0.0,0.0,0.0,0.0,0.0,0.0,0.0,0.0,0.0,0.0,0.0
0.0,0.0,0.05718994140625,-0.11013144254684448,0.09078216552734375,-0.2152232527732849,0.12804299592971802,-0.300653338432312,0.17746448516845703,-0.3368780016899109,0.01845473051071167,-0.3180316090583801,-0.033781468868255615,-0.36567384004592896,-0.03563576936721802,-0.31632310152053833,-0.021318912506103516,-0.2816340923309326,-0.04288315773010254,-0.2961718440055847,-0.08004558086395264,-0.33769404888153076,-0.07957392930984497,-0.2898251414299011,-0.06506812572479248,-0.2537965178489685,-0.09776860475540161,-0.2565608024597168,-0.1251348853111267,-0.30067896842956543,-0.12035876512527466,-0.25991278886795044,-0.10529190301895142,-0.22348392009735107,-0.14450150728225708,-0.21155285835266113,-0.18555772304534912,-0.30595219135284424,-0.2167973518371582,-0.3491342067718506,-0.240298330783844,-0.3855153024196625,0.0,0.0,0.0,0.0,0.0,0.0,0.0,0.0,0.0,0.0,0.0,0.0,0.0,0.0,0.0,0.0,0.0,0.0,0.0,0.0,0.0,0.0,0.0,0.0,0.0,0.0,0.0,0.0,0.0,0.0,0.0,0.0,0.0,0.0,0.0,0.0,0.0,0.0,0.0,0.0,0.0,0.0
0.0,0.0,0.05441939830780029,-0.11269569396972656,0.08656388521194458,-0.218336820602417,0.12177771329879761,-0.3072795271873474,0.17239618301391602,-0.34228742122650146,0.02003920078277588,-0.3238915801048279,-0.03148573637008667,-0.3701654076576233,-0.03683692216873169,-0.3204684853553772,-0.024637997150421143,-0.2871541976928711,-0.04212313890457153,-0.30264419317245483,-0.07997441291809082,-0.34398794174194336,-0.08080244064331055,-0.2951274514198303,-0.06662118434906006,-0.2587021589279175,-0.09874355792999268,-0.2635578513145447,-0.1268988847732544,-0.30613481998443604,-0.1214866042137146,-0.2634073495864868,-0.10563665628433228,-0.22607779502868652,-0.14756566286087036,-0.21930408477783203,-0.18947869539260864,-0.31266528367996216,-0.2205832600593567,-0.35508131980895996,-0.2437165379524231,-0.3923932909965515,0.0,0.0,0.0,0.0,0.0,0.0,0.0,0.0,0.0,0.0,0.0,0.0,0.0,0.0,0.0,0.0,0.0,0.0,0.0,0.0,0.0,0.0,0.0,0.0,0.0,0.0,0.0,0.0,0.0,0.0,0.0,0.0,0.0,0.0,0.0,0.0,0.0,0.0,0.0,0.0,0.0,0.0
0.0,0.0,0.053340017795562744,-0.11349540948867798,0.08346188068389893,-0.21851009130477905,0.11428099870681763,-0.3059857487678528,0.15909987688064575,-0.3456858992576599,0.014449656009674072,-0.32932502031326294,-0.04044806957244873,-0.3737584948539734,-0.04404771327972412,-0.32320475578308105,-0.030032098293304443,-0.2895470857620239,-0.045766234397888184,-0.30666810274124146,-0.08688771724700928,-0.3463330864906311,-0.088009774684906,-0.295876145362854,-0.07231312990188599,-0.25952690839767456,-0.10079461336135864,-0.2661311626434326,-0.13244962692260742,-0.30746859312057495,-0.12845629453659058,-0.26356959342956543,-0.11121636629104614,-0.22610962390899658,-0.14849942922592163,-0.21903926134109497,-0.18881171941757202,-0.3130723834037781,-0.2211025357246399,-0.3555353283882141,-0.24505776166915894,-0.39196035265922546,0.0,0.0,0.0,0.0,0.0,0.0,0.0,0.0,0.0,0.0,0.0,0.0,0.0,0.0,0.0,0.0,0.0,0.0,0.0,0.0,0.0,0.0,0.0,0.0,0.0,0.0,0.0,0.0,0.0,0.0,0.0,0.0,0.0,0.0,0.0,0.0,0.0,0.0,0.0,0.0,0.0,0.0
0.0,0.0,0.0538141131401062,-0.11427348852157593,0.08694952726364136,-0.21864718198776245,0.12164062261581421,-0.30512791872024536,0.16796410083770752,-0.3456268310546875,0.013453245162963867,-0.32663941383361816,-0.04190254211425781,-0.3700670599937439,-0.04336690902709961,-0.31964123249053955,-0.028743982315063477,-0.28659719228744507,-0.04603779315948486,-0.3036317825317383,-0.08719474077224731,-0.3416414260864258,-0.08713340759277344,-0.2924090027809143,-0.07192766666412354,-0.25797921419143677,-0.10038429498672485,-0.2622045874595642,-0.13152331113815308,-0.30320364236831665,-0.12717843055725098,-0.2618221044540405,-0.11035746335983276,-0.22646766901016235,-0.1470717191696167,-0.21363192796707153,-0.18783068656921387,-0.30720949172973633,-0.2199493646621704,-0.34963375329971313,-0.2438446283340454,-0.3858650326728821,0.0,0.0,0.0,0.0,0.0,0.0,0.0,0.0,0.0,0.0,0.0,0.0,0.0,0.0,0.0,0.0,0.0,0.0,0.0,0.0,0.0,0.0,0.0,0.0,0.0,0.0,0.0,0.0,0.0,0.0,0.0,0.0,0.0,0.0,0.0,0.0,0.0,0.0,0.0,0.0,0.0,0.0
0.0,0.0,0.05325436592102051,-0.11454248428344727,0.08416968584060669,-0.22018218040466309,0.11594343185424805,-0.30752670764923096,0.16221392154693604,-0.3448072075843811,0.01473093032836914,-0.32791268825531006,-0.03948730230331421,-0.37266671657562256,-0.0444912314414978,-0.3220166563987732,-0.03135651350021362,-0.28796064853668213,-0.04519253969192505,-0.3055623769760132,-0.08659994602203369,-0.3454436659812927,-0.08833223581314087,-0.2949542999267578,-0.07285088300704956,-0.2582387328147888,-0.10024523735046387,-0.264797568321228,-0.1323288083076477,-0.30661511421203613,-0.12769585847854614,-0.26286202669143677,-0.11014318466186523,-0.22621536254882812,-0.1480863094329834,-0.21640944480895996,-0.18922144174575806,-0.310488760471344,-0.2205876111984253,-0.35161495208740234,-0.2434815764427185,-0.3869410753250122,0.0,0.0,0.0,0.0,0.0,0.0,0.0,0.0,0.0,0.0,0.0,0.0,0.0,0.0,0.0,0.0,0.0,0.0,0.0,0.0,0.0,0.0,0.0,0.0,0.0,0.0,0.0,0.0,0.0,0.0,0.0,0.0,0.0,0.0,0.0,0.0,0.0,0.0,0.0,0.0,0.0,0.0
0.0,0.0,0.05166268348693848,-0.11407464742660522,0.08314764499664307,-0.21839916706085205,0.11742854118347168,-0.3054039478302002,0.16532617807388306,-0.34536731243133545,0.010847151279449463,-0.3272854685783386,-0.045372605323791504,-0.3687518835067749,-0.04695612192153931,-0.3174305558204651,-0.03200733661651611,-0.2838665843009949,-0.0479426383972168,-0.30445146560668945,-0.09019380807876587,-0.33913397789001465,-0.09020626544952393,-0.2891303300857544,-0.0741240382194519,-0.25399088859558105,-0.10185664892196655,-0.2623828053474426,-0.1349332332611084,-0.30120736360549927,-0.13045531511306763,-0.25875961780548096,-0.11246246099472046,-0.22317469120025635,-0.1487421989440918,-0.21238291263580322,-0.18983304500579834,-0.30574125051498413,-0.22307145595550537,-0.3475271463394165,-0.2481825351715088,-0.3833492398262024,0.0,0.0,0.0,0.0,0.0,0.0,0.0,0.0,0.0,0.0,0.0,0.0,0.0,0.0,0.0,0.0,0.0,0.0,0.0,0.0,0.0,0.0,0.0,0.0,0.0,0.0,0.0,0.0,0.0,0.0,0.0,0.0,0.0,0.0,0.0,0.0,0.0,0.0,0.0,0.0,0.0,0.0
0.0,0.0,0.05074101686477661,-0.11348146200180054,0.08068156242370605,-0.21845561265945435,0.11234700679779053,-0.3055918216705322,0.1590210199356079,-0.3442961573600769,0.011649906635284424,-0.32977455854415894,-0.042643964290618896,-0.37295329570770264,-0.04713243246078491,-0.3215344548225403,-0.03360104560852051,-0.28839415311813354,-0.047473788261413574,-0.3069952130317688,-0.08965224027633667,-0.3449152708053589,-0.09130144119262695,-0.29419076442718506,-0.07534456253051758,-0.25868427753448486,-0.10205453634262085,-0.266052782535553,-0.13461369276046753,-0.307098388671875,-0.13096356391906738,-0.264079749584198,-0.11332356929779053,-0.22759926319122314,-0.14939665794372559,-0.2177841067314148,-0.19103074073791504,-0.3109161853790283,-0.22371536493301392,-0.3519497513771057,-0.2472670078277588,-0.38702452182769775,0.0,0.0,0.0,0.0,0.0,0.0,0.0,0.0,0.0,0.0,0.0,0.0,0.0,0.0,0.0,0.0,0.0,0.0,0.0,0.0,0.0,0.0,0.0,0.0,0.0,0.0,0.0,0.0,0.0,0.0,0.0,0.0,0.0,0.0,0.0,0.0,0.0,0.0,0.0,0.0,0.0,0.0
0.0,0.0,0.05151820182800293,-0.11459755897521973,0.08257275819778442,-0.21835052967071533,0.11627227067947388,-0.3050708770751953,0.16467154026031494,-0.3454042673110962,0.011063575744628906,-0.3264807462692261,-0.04717540740966797,-0.36930298805236816,-0.04763871431350708,-0.3186225891113281,-0.031547486782073975,-0.2855221629142761,-0.047432780265808105,-0.30285143852233887,-0.09048479795455933,-0.3408428430557251,-0.08969885110855103,-0.2913907766342163,-0.07349944114685059,-0.2567315697669983,-0.10111594200134277,-0.26055121421813965,-0.13427680730819702,-0.3004683256149292,-0.12946492433547974,-0.2591096758842468,-0.11157143115997314,-0.22456246614456177,-0.1476011872291565,-0.21061956882476807,-0.18958860635757446,-0.30417776107788086,-0.22233957052230835,-0.3468928933143616,-0.2469891905784607,-0.38409435749053955,0.0,0.0,0.0,0.0,0.0,0.0,0.0,0.0,0.0,0.0,0.0,0.0,0.0,0.0,0.0,0.0,0.0,0.0,0.0,0.0,0.0,0.0,0.0,0.0,0.0,0.0,0.0,0.0,0.0,0.0,0.0,0.0,0.0,0.0,0.0,0.0,0.0,0.0,0.0,0.0,0.0,0.0
0.0,0.0,0.05131047964096069,-0.11428743600845337,0.08140045404434204,-0.21618306636810303,0.11138260364532471,-0.3026238679885864,0.15486180782318115,-0.34300392866134644,0.011892437934875488,-0.32890385389328003,-0.04219549894332886,-0.37177616357803345,-0.045758068561553955,-0.3210521936416626,-0.03247702121734619,-0.28766095638275146,-0.046427905559539795,-0.3070072531700134,-0.08905178308486938,-0.3430444002151489,-0.09012091159820557,-0.2924097180366516,-0.07437193393707275,-0.257304310798645,-0.10050427913665771,-0.26598143577575684,-0.13422465324401855,-0.3054773211479187,-0.1300022006034851,-0.26238226890563965,-0.11213266849517822,-0.22621947526931763,-0.14742255210876465,-0.2167789340019226,-0.1892135739326477,-0.30938929319381714,-0.221887469291687,-0.3508174419403076,-0.24592429399490356,-0.38657957315444946,0.0,0.0,0.0,0.0,0.0,0.0,0.0,0.0,0.0,0.0,0.0,0.0,0.0,0.0,0.0,0.0,0.0,0.0,0.0,0.0,0.0,0.0,0.0,0.0,0.0,0.0,0.0,0.0,0.0,0.0,0.0,0.0,0.0,0.0,0.0,0.0,0.0,0.0,0.0,0.0,0.0,0.0
0.0,0.0,0.05164384841918945,-0.11305409669876099,0.08249211311340332,-0.2134457230567932,0.11544466018676758,-0.2985718846321106,0.16238713264465332,-0.33839380741119385,0.012422382831573486,-0.31992805004119873,-0.046668171882629395,-0.36267393827438354,-0.046752095222473145,-0.3114052414894104,-0.030002713203430176,-0.277712881565094,-0.04626506567001343,-0.29643940925598145,-0.08971041440963745,-0.3348463177680969,-0.0887792706489563,-0.2851378917694092,-0.07239246368408203,-0.25034523010253906,-0.09987878799438477,-0.25456947088241577,-0.13352030515670776,-0.29465025663375854,-0.12851488590240479,-0.25346308946609497,-0.11040467023849487,-0.21932333707809448,-0.14611321687698364,-0.20557528734207153,-0.18769091367721558,-0.29784631729125977,-0.21996688842773438,-0.3394618034362793,-0.24396765232086182,-0.37586212158203125,0.0,0.0,0.0,0.0,0.0,0.0,0.0,0.0,0.0,0.0,0.0,0.0,0.0,0.0,0.0,0.0,0.0,0.0,0.0,0.0,0.0,0.0,0.0,0.0,0.0,0.0,0.0,0.0,0.0,0.0,0.0,0.0,0.0,0.0,0.0,0.0,0.0,0.0,0.0,0.0,0.0,0.0
0.0,0.0,0.04962235689163208,-0.11459475755691528,0.0788201093673706,-0.21305590867996216,0.1067802906036377,-0.29860496520996094,0.14906847476959229,-0.34025657176971436,0.010104596614837646,-0.32700955867767334,-0.04534047842025757,-0.3693588972091675,-0.04839646816253662,-0.31865692138671875,-0.0350874662399292,-0.2852126359939575,-0.04774880409240723,-0.30543941259384155,-0.09132736921310425,-0.3393787741661072,-0.09220540523529053,-0.2894129157066345,-0.07667815685272217,-0.2544679045677185,-0.10161197185516357,-0.26408690214157104,-0.1368761658668518,-0.30237412452697754,-0.13195490837097168,-0.2597498297691345,-0.11324071884155273,-0.22425729036331177,-0.1482999324798584,-0.21405237913131714,-0.19075727462768555,-0.3087620139122009,-0.2235029935836792,-0.3519108295440674,-0.2474348545074463,-0.3895004987716675,0.0,0.0,0.0,0.0,0.0,0.0,0.0,0.0,0.0,0.0,0.0,0.0,0.0,0.0,0.0,0.0,0.0,0.0,0.0,0.0,0.0,0.0,0.0,0.0,0.0,0.0,0.0,0.0,0.0,0.0,0.0,0.0,0.0,0.0,0.0,0.0,0.0,0.0,0.0,0.0,0.0,0.0
0.0,0.0,0.05207878351211548,-0.11180365085601807,0.08311408758163452,-0.2130482792854309,0.11640524864196777,-0.2966020703315735,0.16128039360046387,-0.33586370944976807,0.013588786125183105,-0.3171273469924927,-0.045725226402282715,-0.3595372438430786,-0.04612082242965698,-0.30929088592529297,-0.029338598251342773,-0.2763996124267578,-0.04449552297592163,-0.29333317279815674,-0.08956313133239746,-0.3332979679107666,-0.08898371458053589,-0.28309112787246704,-0.07238912582397461,-0.24760615825653076,-0.0976938009262085,-0.2518681287765503,-0.13323891162872314,-0.2914389371871948,-0.12861669063568115,-0.25003063678741455,-0.11012351512908936,-0.2160741686820984,-0.14376741647720337,-0.20370924472808838,-0.18540650606155396,-0.29563236236572266,-0.2178167700767517,-0.3373638987541199,-0.24186110496520996,-0.37414997816085815,0.0,0.0,0.0,0.0,0.0,0.0,0.0,0.0,0.0,0.0,0.0,0.0,0.0,0.0,0.0,0.0,0.0,0.0,0.0,0.0,0.0,0.0,0.0,0.0,0.0,0.0,0.0,0.0,0.0,0.0,0.0,0.0,0.0,0.0,0.0,0.0,0.0,0.0,0.0,0.0,0.0,0.0
0.0,0.0,0.04942423105239868,-0.11457967758178711,0.0784761905670166,-0.21361643075942993,0.10659438371658325,-0.30000728368759155,0.1493074893951416,-0.3419068455696106,0.009894967079162598,-0.32802432775497437,-0.04669898748397827,-0.368744432926178,-0.04900228977203369,-0.31763648986816406,-0.034609436988830566,-0.284400999546051,-0.04777264595031738,-0.3061078190803528,-0.09227919578552246,-0.33930742740631104,-0.09274548292160034,-0.2892376184463501,-0.07663625478744507,-0.25502097606658936,-0.10149949789047241,-0.2642784118652344,-0.13795870542526245,-0.30290085077285767,-0.13309365510940552,-0.25988805294036865,-0.11393672227859497,-0.22459834814071655,-0.14819157123565674,-0.21334952116012573,-0.19037681818008423,-0.30673784017562866,-0.22342532873153687,-0.34906142950057983,-0.24757063388824463,-0.38625961542129517,0.0,0.0,0.0,0.0,0.0,0.0,0.0,0.0,0.0,0.0,0.0,0.0,0.0,0.0,0.0,0.0,0.0,0.0,0.0,0.0,0.0,0.0,0.0,0.0,0.0,0.0,0.0,0.0,0.0,0.0,0.0,0.0,0.0,0.0,0.0,0.0,0.0,0.0,0.0,0.0,0.0,0.0
0.0,0.0,0.0510178804397583,-0.11222672462463379,0.08186894655227661,-0.21476072072982788,0.11533111333847046,-0.29884791374206543,0.16160404682159424,-0.33893030881881714,0.012155592441558838,-0.31989049911499023,-0.04744064807891846,-0.36179786920547485,-0.04746139049530029,-0.3116198778152466,-0.030286729335784912,-0.27831530570983887,-0.04536175727844238,-0.2960435748100281,-0.09118247032165527,-0.335125207901001,-0.09019666910171509,-0.2854166626930237,-0.07335585355758667,-0.249822199344635,-0.09867662191390991,-0.2546599507331848,-0.13521689176559448,-0.294638454914093,-0.13033968210220337,-0.253576397895813,-0.11140275001525879,-0.21938073635101318,-0.14517539739608765,-0.20637041330337524,-0.18822365999221802,-0.29845666885375977,-0.2218414545059204,-0.3408723473548889,-0.24673014879226685,-0.37845468521118164,0.0,0.0,0.0,0.0,0.0,0.0,0.0,0.0,0.0,0.0,0.0,0.0,0.0,0.0,0.0,0.0,0.0,0.0,0.0,0.0,0.0,0.0,0.0,0.0,0.0,0.0,0.0,0.0,0.0,0.0,0.0,0.0,0.0,0.0,0.0,0.0,0.0,0.0,0.0,0.0,0.0,0.0
0.0,0.0,0.0497397780418396,-0.11422520875930786,0.07990854978561401,-0.21599656343460083,0.10965335369110107,-0.3030673861503601,0.15451347827911377,-0.34483039379119873,0.009853363037109375,-0.327548623085022,-0.047402143478393555,-0.3671914339065552,-0.04975759983062744,-0.3155704140663147,-0.03488624095916748,-0.28132086992263794,-0.047706782817840576,-0.3046340346336365,-0.0925745964050293,-0.33850109577178955,-0.09322303533554077,-0.2881777286529541,-0.07718515396118164,-0.25199657678604126,-0.10100466012954712,-0.26248109340667725,-0.13808029890060425,-0.3031918406486511,-0.13354051113128662,-0.26030051708221436,-0.11453503370285034,-0.22403568029403687,-0.14748936891555786,-0.2116788625717163,-0.19096380472183228,-0.30526453256607056,-0.2255467176437378,-0.3481558561325073,-0.25133395195007324,-0.3857659101486206,0.0,0.0,0.0,0.0,0.0,0.0,0.0,0.0,0.0,0.0,0.0,0.0,0.0,0.0,0.0,0.0,0.0,0.0,0.0,0.0,0.0,0.0,0.0,0.0,0.0,0.0,0.0,0.0,0.0,0.0,0.0,0.0,0.0,0.0,0.0,0.0,0.0,0.0,0.0,0.0,0.0,0.0
0.0,0.0,0.049687743186950684,-0.11231374740600586,0.08064013719558716,-0.21246439218521118,0.11221617460250854,-0.2991262674331665,0.1581355333328247,-0.3415554165840149,0.010770142078399658,-0.320315957069397,-0.04852616786956787,-0.36376237869262695,-0.05070769786834717,-0.3128669261932373,-0.034905076026916504,-0.2790922522544861,-0.04693400859832764,-0.2980952858924866,-0.09253209829330444,-0.33600783348083496,-0.09278780221939087,-0.2858850955963135,-0.07644224166870117,-0.25070226192474365,-0.10032534599304199,-0.2568187713623047,-0.13749241828918457,-0.2977486252784729,-0.132923424243927,-0.2559472918510437,-0.11422580480575562,-0.2214963436126709,-0.14697080850601196,-0.20777183771133423,-0.19048112630844116,-0.300396203994751,-0.22499901056289673,-0.34262263774871826,-0.2509980797767639,-0.38021546602249146,0.0,0.0,0.0,0.0,0.0,0.0,0.0,0.0,0.0,0.0,0.0,0.0,0.0,0.0,0.0,0.0,0.0,0.0,0.0,0.0,0.0,0.0,0.0,0.0,0.0,0.0,0.0,0.0,0.0,0.0,0.0,0.0,0.0,0.0,0.0,0.0,0.0,0.0,0.0,0.0,0.0,0.0
0.0,0.0,0.04924231767654419,-0.11422908306121826,0.07809662818908691,-0.21213161945343018,0.10538589954376221,-0.2972868084907532,0.146922767162323,-0.34062349796295166,0.00916379690170288,-0.3259230852127075,-0.04834216833114624,-0.3669195771217346,-0.049533724784851074,-0.31568366289138794,-0.03440046310424805,-0.28209537267684937,-0.048635244369506836,-0.3032650351524353,-0.09333401918411255,-0.3377009630203247,-0.09321779012680054,-0.2870975136756897,-0.07725226879119873,-0.2517238259315491,-0.10211294889450073,-0.2615099549293518,-0.1389758586883545,-0.30103838443756104,-0.13407224416732788,-0.25812578201293945,-0.11500394344329834,-0.2223183512687683,-0.14840829372406006,-0.2115914225578308,-0.19154012203216553,-0.30569928884506226,-0.22603946924209595,-0.3486306071281433,-0.2517016530036926,-0.3860010504722595,0.0,0.0,0.0,0.0,0.0,0.0,0.0,0.0,0.0,0.0,0.0,0.0,0.0,0.0,0.0,0.0,0.0,0.0,0.0,0.0,0.0,0.0,0.0,0.0,0.0,0.0,0.0,0.0,0.0,0.0,0.0,0.0,0.0,0.0,0.0,0.0,0.0,0.0,0.0,0.0,0.0,0.0
0.0,0.0,0.04829859733581543,-0.11347192525863647,0.0740971565246582,-0.2141357660293579,0.0991588830947876,-0.2996189594268799,0.14079499244689941,-0.3419495224952698,0.007082104682922363,-0.32654768228530884,-0.055000364780426025,-0.36655718088150024,-0.055355608463287354,-0.3151360750198364,-0.038537561893463135,-0.2814379930496216,-0.04954934120178223,-0.3024865984916687,-0.09891331195831299,-0.33857548236846924,-0.09800106287002563,-0.2872333526611328,-0.08054429292678833,-0.2516705393791199,-0.1029852032661438,-0.26015347242355347,-0.14330977201461792,-0.3007807731628418,-0.13805276155471802,-0.2574208974838257,-0.11798059940338135,-0.2220878005027771,-0.1499815583229065,-0.20937824249267578,-0.1962134838104248,-0.30310994386672974,-0.2321818470954895,-0.345259428024292,-0.2592600882053375,-0.38254809379577637,0.0,0.0,0.0,0.0,0.0,0.0,0.0,0.0,0.0,0.0,0.0,0.0,0.0,0.0,0.0,0.0,0.0,0.0,0.0,0.0,0.0,0.0,0.0,0.0,0.0,0.0,0.0,0.0,0.0,0.0,0.0,0.0,0.0,0.0,0.0,0.0,0.0,0.0,0.0,0.0,0.0,0.0
0.0,0.0,0.04401367902755737,-0.1132805347442627,0.06979471445083618,-0.2133767008781433,0.09628689289093018,-0.2961079478263855,0.13882356882095337,-0.33679884672164917,0.003059089183807373,-0.32334113121032715,-0.060077011585235596,-0.35731691122055054,-0.06137806177139282,-0.30701881647109985,-0.04419952630996704,-0.2750500440597534,-0.0509030818939209,-0.2976123094558716,-0.10428369045257568,-0.33114445209503174,-0.10407817363739014,-0.2810777425765991,-0.0857243537902832,-0.2465994954109192,-0.10262006521224976,-0.254153311252594,-0.14787322282791138,-0.29421889781951904,-0.14329159259796143,-0.2505977153778076,-0.12218570709228516,-0.21627551317214966,-0.14900290966033936,-0.2028963565826416,-0.1971977949142456,-0.29449689388275146,-0.23465633392333984,-0.3356263041496277,-0.262857049703598,-0.37347352504730225,0.0,0.0,0.0,0.0,0.0,0.0,0.0,0.0,0.0,0.0,0.0,0.0,0.0,0.0,0.0,0.0,0.0,0.0,0.0,0.0,0.0,0.0,0.0,0.0,0.0,0.0,0.0,0.0,0.0,0.0,0.0,0.0,0.0,0.0,0.0,0.0,0.0,0.0,0.0,0.0,0.0,0.0
0.0,0.0,0.04475516080856323,-0.11219024658203125,0.06957054138183594,-0.21263152360916138,0.09486663341522217,-0.2970470190048218,0.13658970594406128,-0.3397796154022217,0.004901528358459473,-0.321435809135437,-0.05807983875274658,-0.3577755093574524,-0.059575796127319336,-0.3083499073982239,-0.0431484580039978,-0.2771507501602173,-0.04894334077835083,-0.2961730360984802,-0.10375922918319702,-0.3317562937736511,-0.10390496253967285,-0.2808089256286621,-0.08563286066055298,-0.24684762954711914,-0.10138267278671265,-0.2532203793525696,-0.14849847555160522,-0.2938414216041565,-0.14369112253189087,-0.2495785355567932,-0.12223678827285767,-0.21559631824493408,-0.1485971212387085,-0.20224714279174805,-0.19629448652267456,-0.2933059334754944,-0.23410093784332275,-0.3337932229042053,-0.2630472183227539,-0.3719066381454468,0.0,0.0,0.0,0.0,0.0,0.0,0.0,0.0,0.0,0.0,0.0,0.0,0.0,0.0,0.0,0.0,0.0,0.0,0.0,0.0,0.0,0.0,0.0,0.0,0.0,0.0,0.0,0.0,0.0,0.0,0.0,0.0,0.0,0.0,0.0,0.0,0.0,0.0,0.0,0.0,0.0,0.0
0.0,0.0,0.04573094844818115,-0.11127430200576782,0.0712628960609436,-0.2129480242729187,0.09760385751724243,-0.2981654405593872,0.14070749282836914,-0.34108757972717285,0.008319199085235596,-0.3213199973106384,-0.05578857660293579,-0.3587595224380493,-0.0572928786277771,-0.30882519483566284,-0.040151119232177734,-0.2770252823829651,-0.04603332281112671,-0.29617905616760254,-0.1013716459274292,-0.3325161337852478,-0.10161471366882324,-0.28130191564559937,-0.08283412456512451,-0.24701207876205444,-0.09915679693222046,-0.2530181407928467,-0.14635860919952393,-0.2946649193763733,-0.14173167943954468,-0.25022661685943604,-0.11995887756347656,-0.21592336893081665,-0.146853506565094,-0.20172721147537231,-0.19387352466583252,-0.2929500341415405,-0.23102432489395142,-0.3332076668739319,-0.2592153549194336,-0.37086236476898193,0.0,0.0,0.0,0.0,0.0,0.0,0.0,0.0,0.0,0.0,0.0,0.0,0.0,0.0,0.0,0.0,0.0,0.0,0.0,0.0,0.0,0.0,0.0,0.0,0.0,0.0,0.0,0.0,0.0,0.0,0.0,0.0,0.0,0.0,0.0,0.0,0.0,0.0,0.0,0.0,0.0,0.0
0.0,0.0,0.0435219407081604,-0.11212104558944702,0.06697100400924683,-0.21471762657165527,0.09143966436386108,-0.298687219619751,0.13274145126342773,-0.3414689898490906,0.00523906946182251,-0.32825857400894165,-0.06310206651687622,-0.362301766872406,-0.0631263256072998,-0.3110957145690918,-0.043902695178985596,-0.2793474793434143,-0.04762721061706543,-0.30200058221817017,-0.10549521446228027,-0.33541691303253174,-0.10528188943862915,-0.28419238328933716,-0.08528470993041992,-0.2502287030220032,-0.09969353675842285,-0.2579440474510193,-0.14923977851867676,-0.2977197766304016,-0.1450137495994568,-0.2531359791755676,-0.12185877561569214,-0.21902728080749512,-0.1470499038696289,-0.20528948307037354,-0.19502180814743042,-0.2964509129524231,-0.2328026294708252,-0.3362810015678406,-0.26036280393600464,-0.3730434775352478,0.0,0.0,0.0,0.0,0.0,0.0,0.0,0.0,0.0,0.0,0.0,0.0,0.0,0.0,0.0,0.0,0.0,0.0,0.0,0.0,0.0,0.0,0.0,0.0,0.0,0.0,0.0,0.0,0.0,0.0,0.0,0.0,0.0,0.0,0.0,0.0,0.0,0.0,0.0,0.0,0.0,0.0
0.0,0.0,0.043738365173339844,-0.10949677228927612,0.06569981575012207,-0.20903217792510986,0.08719748258590698,-0.2929026484489441,0.12618207931518555,-0.33683717250823975,0.004733264446258545,-0.3237168788909912,-0.06361597776412964,-0.35787034034729004,-0.062496960163116455,-0.3066272735595703,-0.04285717010498047,-0.2747334837913513,-0.04746490716934204,-0.29771900177001953,-0.10653698444366455,-0.33156847953796387,-0.10540926456451416,-0.2794783115386963,-0.08504641056060791,-0.24617010354995728,-0.09951728582382202,-0.2543025016784668,-0.15041577816009521,-0.2938902974128723,-0.1457270383834839,-0.2487965226173401,-0.1219516396522522,-0.21484452486038208,-0.14701199531555176,-0.20242279767990112,-0.19655781984329224,-0.29348069429397583,-0.23672014474868774,-0.3348385691642761,-0.2667064070701599,-0.373809814453125,0.0,0.0,0.0,0.0,0.0,0.0,0.0,0.0,0.0,0.0,0.0,0.0,0.0,0.0,0.0,0.0,0.0,0.0,0.0,0.0,0.0,0.0,0.0,0.0,0.0,0.0,0.0,0.0,0.0,0.0,0.0,0.0,0.0,0.0,0.0,0.0,0.0,0.0,0.0,0.0,0.0,0.0
0.0,0.0,0.04176837205886841,-0.10638123750686646,0.06345140933990479,-0.20496028661727905,0.08355510234832764,-0.2899513244628906,0.12228918075561523,-0.3360283374786377,0.0031934380531311035,-0.3179120421409607,-0.06671404838562012,-0.3519119620323181,-0.06526750326156616,-0.30092883110046387,-0.04459238052368164,-0.2690669298171997,-0.04790717363357544,-0.29214900732040405,-0.10858696699142456,-0.32678747177124023,-0.10676497220993042,-0.2745566964149475,-0.08530819416046143,-0.24104946851730347,-0.09911465644836426,-0.24940115213394165,-0.15240973234176636,-0.29043710231781006,-0.1476404070854187,-0.2451845407485962,-0.1227838397026062,-0.21169471740722656,-0.14611893892288208,-0.19819873571395874,-0.19594675302505493,-0.2879406213760376,-0.23715555667877197,-0.32891422510147095,-0.26771748065948486,-0.36786001920700073,0.0,0.0,0.0,0.0,0.0,0.0,0.0,0.0,0.0,0.0,0.0,0.0,0.0,0.0,0.0,0.0,0.0,0.0,0.0,0.0,0.0,0.0,0.0,0.0,0.0,0.0,0.0,0.0,0.0,0.0,0.0,0.0,0.0,0.0,0.0,0.0,0.0,0.0,0.0,0.0,0.0,0.0
0.0,0.0,0.04350501298904419,-0.10462301969528198,0.06599998474121094,-0.20302051305770874,0.08555853366851807,-0.2873665690422058,0.12292855978012085,-0.3337324857711792,0.00661158561706543,-0.3178219795227051,-0.06433612108230591,-0.3497105836868286,-0.06260740756988525,-0.2984722852706909,-0.04174131155014038,-0.26677393913269043,-0.04498392343521118,-0.29160094261169434,-0.10704487562179565,-0.3251526355743408,-0.1049652099609375,-0.2719930410385132,-0.08339917659759521,-0.2372075319290161,-0.09741216897964478,-0.2493191957473755,-0.15157651901245117,-0.2888146638870239,-0.14660298824310303,-0.24320769309997559,-0.12116914987564087,-0.20926117897033691,-0.14545178413391113,-0.1992257833480835,-0.1955978274345398,-0.2877206802368164,-0.23755615949630737,-0.32811927795410156,-0.26828503608703613,-0.36652475595474243,0.0,0.0,0.0,0.0,0.0,0.0,0.0,0.0,0.0,0.0,0.0,0.0,0.0,0.0,0.0,0.0,0.0,0.0,0.0,0.0,0.0,0.0,0.0,0.0,0.0,0.0,0.0,0.0,0.0,0.0,0.0,0.0,0.0,0.0,0.0,0.0,0.0,0.0,0.0,0.0,0.0,0.0
0.0,0.0,0.042831480503082275,-0.10652929544448853,0.06506145000457764,-0.20538634061813354,0.08450114727020264,-0.29076939821243286,0.1221468448638916,-0.3381166458129883,0.004028260707855225,-0.31960010528564453,-0.06489795446395874,-0.3526473641395569,-0.06457459926605225,-0.30236637592315674,-0.04490470886230469,-0.27025461196899414,-0.04754471778869629,-0.29477018117904663,-0.10805702209472656,-0.32912677526474,-0.10648864507675171,-0.276406466960907,-0.08584022521972656,-0.24174022674560547,-0.0992993712425232,-0.25254374742507935,-0.15292692184448242,-0.29338860511779785,-0.14781326055526733,-0.24785935878753662,-0.1232980489730835,-0.21376198530197144,-0.14650696516036987,-0.20114797353744507,-0.19673293828964233,-0.28984516859054565,-0.2380557656288147,-0.3309347629547119,-0.26903295516967773,-0.37036842107772827,0.0,0.0,0.0,0.0,0.0,0.0,0.0,0.0,0.0,0.0,0.0,0.0,0.0,0.0,0.0,0.0,0.0,0.0,0.0,0.0,0.0,0.0,0.0,0.0,0.0,0.0,0.0,0.0,0.0,0.0,0.0,0.0,0.0,0.0,0.0,0.0,0.0,0.0,0.0,0.0,0.0,0.0
0.0,0.0,0.04239523410797119,-0.1047821044921875,0.06497728824615479,-0.2046375274658203,0.08562111854553223,-0.2898964285850525,0.12368863821029663,-0.33669620752334595,0.00527423620223999,-0.31873708963394165,-0.06562769412994385,-0.35035955905914307,-0.06485742330551147,-0.29863911867141724,-0.044324517250061035,-0.2668227553367615,-0.04630684852600098,-0.29351693391799927,-0.10860413312911987,-0.3280894160270691,-0.10712051391601562,-0.2738052010536194,-0.0857316255569458,-0.23813599348068237,-0.09827297925949097,-0.2514718174934387,-0.15327215194702148,-0.29120832681655884,-0.1486036777496338,-0.24499613046646118,-0.12343049049377441,-0.21041476726531982,-0.14578264951705933,-0.2010539174079895,-0.1963214874267578,-0.28926610946655273,-0.2390994429588318,-0.329825222492218,-0.2709629535675049,-0.36826592683792114,0.0,0.0,0.0,0.0,0.0,0.0,0.0,0.0,0.0,0.0,0.0,0.0,0.0,0.0,0.0,0.0,0.0,0.0,0.0,0.0,0.0,0.0,0.0,0.0,0.0,0.0,0.0,0.0,0.0,0.0,0.0,0.0,0.0,0.0,0.0,0.0,0.0,0.0,0.0,0.0,0.0,0.0
0.0,0.0,0.04288840293884277,-0.10701322555541992,0.06590211391448975,-0.20672529935836792,0.08698594570159912,-0.29223722219467163,0.12565582990646362,-0.3396695852279663,0.0044634342193603516,-0.3205731511116028,-0.06552153825759888,-0.3534073233604431,-0.06448709964752197,-0.30252647399902344,-0.04412895441055298,-0.26982152462005615,-0.047225773334503174,-0.2951418161392212,-0.10812866687774658,-0.3285825252532959,-0.1063433289527893,-0.2759871482849121,-0.08557873964309692,-0.24129855632781982,-0.09911453723907471,-0.2529953718185425,-0.15259826183319092,-0.2934303879737854,-0.14788806438446045,-0.247969388961792,-0.123382568359375,-0.21339213848114014,-0.14651358127593994,-0.2024974226951599,-0.19694626331329346,-0.29049915075302124,-0.23891109228134155,-0.3319980502128601,-0.2702489197254181,-0.3714286684989929,0.0,0.0,0.0,0.0,0.0,0.0,0.0,0.0,0.0,0.0,0.0,0.0,0.0,0.0,0.0,0.0,0.0,0.0,0.0,0.0,0.0,0.0,0.0,0.0,0.0,0.0,0.0,0.0,0.0,0.0,0.0,0.0,0.0,0.0,0.0,0.0,0.0,0.0,0.0,0.0,0.0,0.0
0.0,0.0,0.050747454166412354,-0.10643452405929565,0.07828474044799805,-0.21268510818481445,0.10889029502868652,-0.2996688485145569,0.15306109189987183,-0.33859938383102417,0.014391124248504639,-0.3233926296234131,-0.04376596212387085,-0.36461198329925537,-0.04580497741699219,-0.3167349100112915,-0.029008865356445312,-0.2816886901855469,-0.04257857799530029,-0.30020827054977417,-0.09299969673156738,-0.3438887596130371,-0.09279525279998779,-0.2923372983932495,-0.0752074122428894,-0.25595295429229736,-0.09798228740692139,-0.2591826915740967,-0.13888508081436157,-0.30345892906188965,-0.13446009159088135,-0.2606741189956665,-0.11410695314407349,-0.22479987144470215,-0.1471771001815796,-0.20935863256454468,-0.1928185224533081,-0.3030358552932739,-0.22948598861694336,-0.34773141145706177,-0.2563779056072235,-0.3872637152671814,0.0,0.0,0.0,0.0,0.0,0.0,0.0,0.0,0.0,0.0,0.0,0.0,0.0,0.0,0.0,0.0,0.0,0.0,0.0,0.0,0.0,0.0,0.0,0.0,0.0,0.0,0.0,0.0,0.0,0.0,0.0,0.0,0.0,0.0,0.0,0.0,0.0,0.0,0.0,0.0,0.0,0.0
0.0,0.0,0.05115532875061035,-0.11449092626571655,0.07970905303955078,-0.21972119808197021,0.1123124361038208,-0.30449384450912476,0.16041362285614014,-0.34454673528671265,0.00962287187576294,-0.3281019926071167,-0.05341726541519165,-0.3692622780799866,-0.05432325601577759,-0.3195701837539673,-0.03694039583206177,-0.2846626043319702,-0.048008501529693604,-0.3029446005821228,-0.09658676385879517,-0.34204280376434326,-0.09652704000473022,-0.29155033826828003,-0.07978665828704834,-0.25485438108444214,-0.10204565525054932,-0.25997018814086914,-0.14126098155975342,-0.30356448888778687,-0.13729405403137207,-0.26150691509246826,-0.11802005767822266,-0.22578173875808716,-0.14984893798828125,-0.21029669046401978,-0.1928156614303589,-0.30575406551361084,-0.22579807043075562,-0.34974050521850586,-0.24981391429901123,-0.38888686895370483,0.0,0.0,0.0,0.0,0.0,0.0,0.0,0.0,0.0,0.0,0.0,0.0,0.0,0.0,0.0,0.0,0.0,0.0,0.0,0.0,0.0,0.0,0.0,0.0,0.0,0.0,0.0,0.0,0.0,0.0,0.0,0.0,0.0,0.0,0.0,0.0,0.0,0.0,0.0,0.0,0.0,0.0
0.0,0.0,0.05067187547683716,-0.11497223377227783,0.08069068193435669,-0.21456044912338257,0.10999929904937744,-0.3004552125930786,0.15542501211166382,-0.34205204248428345,0.010576367378234863,-0.3267844319343567,-0.0508577823638916,-0.36580270528793335,-0.05221766233444214,-0.31310057640075684,-0.03594702482223511,-0.2796344757080078,-0.04831862449645996,-0.30336958169937134,-0.09398382902145386,-0.34100961685180664,-0.0945969820022583,-0.2887328863143921,-0.07856494188308716,-0.2520967721939087,-0.10263478755950928,-0.2604232430458069,-0.13921481370925903,-0.300880491733551,-0.1352083683013916,-0.25684893131256104,-0.11660897731781006,-0.221238911151886,-0.14996188879013062,-0.20984941720962524,-0.1933254599571228,-0.30620676279067993,-0.2261555790901184,-0.3483550548553467,-0.24999266862869263,-0.3852861523628235,0.0,0.0,0.0,0.0,0.0,0.0,0.0,0.0,0.0,0.0,0.0,0.0,0.0,0.0,0.0,0.0,0.0,0.0,0.0,0.0,0.0,0.0,0.0,0.0,0.0,0.0,0.0,0.0,0.0,0.0,0.0,0.0,0.0,0.0,0.0,0.0,0.0,0.0,0.0,0.0,0.0,0.0
0.0,0.0,0.05272984504699707,-0.11354994773864746,0.08358341455459595,-0.21567142009735107,0.11530941724777222,-0.3017916679382324,0.16188305616378784,-0.343031644821167,0.012356400489807129,-0.32363539934158325,-0.048294246196746826,-0.36540883779525757,-0.04960530996322632,-0.315260112285614,-0.03355264663696289,-0.28248149156570435,-0.04629802703857422,-0.29992973804473877,-0.0921446681022644,-0.34065794944763184,-0.09217232465744019,-0.29006290435791016,-0.07643020153045654,-0.25425058603286743,-0.10053735971450806,-0.257376492023468,-0.13734829425811768,-0.3001610040664673,-0.13251549005508423,-0.25750601291656494,-0.11421430110931396,-0.2221616506576538,-0.1477528214454651,-0.20779716968536377,-0.1906331181526184,-0.30213791131973267,-0.22335582971572876,-0.34433430433273315,-0.2480912208557129,-0.38192397356033325,0.0,0.0,0.0,0.0,0.0,0.0,0.0,0.0,0.0,0.0,0.0,0.0,0.0,0.0,0.0,0.0,0.0,0.0,0.0,0.0,0.0,0.0,0.0,0.0,0.0,0.0,0.0,0.0,0.0,0.0,0.0,0.0,0.0,0.0,0.0,0.0,0.0,0.0,0.0,0.0,0.0,0.0
0.0,0.0,0.0516204833984375,-0.11188572645187378,0.08245819807052612,-0.21127647161483765,0.11106234788894653,-0.2988084554672241,0.1542525291442871,-0.34000498056411743,0.010302126407623291,-0.32796913385391235,-0.04170018434524536,-0.3682529330253601,-0.04568064212799072,-0.3196318745613098,-0.03360438346862793,-0.28708416223526,-0.0487479567527771,-0.3068482279777527,-0.08931368589401245,-0.34264951944351196,-0.09061974287033081,-0.2929433584213257,-0.07618820667266846,-0.2578083872795105,-0.1032189130783081,-0.2652098536491394,-0.1356372833251953,-0.30509495735168457,-0.1311461329460144,-0.26222550868988037,-0.11381334066390991,-0.2260981798171997,-0.15050268173217773,-0.21528059244155884,-0.19285130500793457,-0.31104040145874023,-0.22509169578552246,-0.3537113666534424,-0.24830514192581177,-0.3905782103538513,0.0,0.0,0.0,0.0,0.0,0.0,0.0,0.0,0.0,0.0,0.0,0.0,0.0,0.0,0.0,0.0,0.0,0.0,0.0,0.0,0.0,0.0,0.0,0.0,0.0,0.0,0.0,0.0,0.0,0.0,0.0,0.0,0.0,0.0,0.0,0.0,0.0,0.0,0.0,0.0,0.0,0.0
0.0,0.0,0.05181276798248291,-0.1127774715423584,0.08330845832824707,-0.21494567394256592,0.11538589000701904,-0.3004717230796814,0.16266703605651855,-0.34124279022216797,0.01165086030960083,-0.3243775963783264,-0.048175692558288574,-0.36439740657806396,-0.048607707023620605,-0.31421148777008057,-0.032248079776763916,-0.28180772066116333,-0.046593427658081055,-0.30060702562332153,-0.09188753366470337,-0.3398822546005249,-0.09156149625778198,-0.2896419167518616,-0.07518374919891357,-0.2535136342048645,-0.1007307767868042,-0.25875091552734375,-0.1365392804145813,-0.29960501194000244,-0.1321302056312561,-0.25735557079315186,-0.11356383562088013,-0.22202152013778687,-0.14811134338378906,-0.21053677797317505,-0.18969136476516724,-0.3029490113258362,-0.22264724969863892,-0.3441776633262634,-0.24734818935394287,-0.38036930561065674,0.0,0.0,0.0,0.0,0.0,0.0,0.0,0.0,0.0,0.0,0.0,0.0,0.0,0.0,0.0,0.0,0.0,0.0,0.0,0.0,0.0,0.0,0.0,0.0,0.0,0.0,0.0,0.0,0.0,0.0,0.0,0.0,0.0,0.0,0.0,0.0,0.0,0.0,0.0,0.0,0.0,0.0
0.0,0.0,0.05150258541107178,-0.11341315507888794,0.0819474458694458,-0.21382778882980347,0.11095160245895386,-0.3017367720603943,0.1542043685913086,-0.3443370461463928,0.00918591022491455,-0.33012378215789795,-0.04452294111251831,-0.3703707456588745,-0.045849382877349854,-0.3203276991844177,-0.032354533672332764,-0.287686824798584,-0.04990643262863159,-0.3081948161125183,-0.09046471118927002,-0.34279370307922363,-0.08965277671813965,-0.293560266494751,-0.07490187883377075,-0.25894975662231445,-0.10454422235488892,-0.26603424549102783,-0.13579189777374268,-0.3057383894920349,-0.13022208213806152,-0.2636836767196655,-0.11284953355789185,-0.22762423753738403,-0.1517888307571411,-0.2162778377532959,-0.195614755153656,-0.31323695182800293,-0.22828292846679688,-0.35695821046829224,-0.25170987844467163,-0.3944946527481079,0.0,0.0,0.0,0.0,0.0,0.0,0.0,0.0,0.0,0.0,0.0,0.0,0.0,0.0,0.0,0.0,0.0,0.0,0.0,0.0,0.0,0.0,0.0,0.0,0.0,0.0,0.0,0.0,0.0,0.0,0.0,0.0,0.0,0.0,0.0,0.0,0.0,0.0,0.0,0.0,0.0,0.0
0.0,0.0,0.05298095941543579,-0.11347830295562744,0.08320873975753784,-0.21475493907928467,0.11228406429290771,-0.3028672933578491,0.15559446811676025,-0.3462563157081604,0.009195804595947266,-0.33011043071746826,-0.04876786470413208,-0.3685685396194458,-0.04917573928833008,-0.31819409132003784,-0.03419727087020874,-0.28478479385375977,-0.05013549327850342,-0.30655747652053833,-0.0925179123878479,-0.3433760404586792,-0.09153681993484497,-0.29309844970703125,-0.07652240991592407,-0.25772929191589355,-0.10433828830718994,-0.2638106942176819,-0.1367066502571106,-0.30462008714675903,-0.13178741931915283,-0.26241081953048706,-0.11478698253631592,-0.2264673113822937,-0.15130984783172607,-0.21374893188476562,-0.19359546899795532,-0.3080267310142517,-0.22556370496749878,-0.35058438777923584,-0.24934643507003784,-0.3875550627708435,0.0,0.0,0.0,0.0,0.0,0.0,0.0,0.0,0.0,0.0,0.0,0.0,0.0,0.0,0.0,0.0,0.0,0.0,0.0,0.0,0.0,0.0,0.0,0.0,0.0,0.0,0.0,0.0,0.0,0.0,0.0,0.0,0.0,0.0,0.0,0.0,0.0,0.0,0.0,0.0,0.0,0.0
0.0,0.0,0.052584946155548096,-0.11257052421569824,0.08368140459060669,-0.2127453088760376,0.1131284236907959,-0.29969334602355957,0.1569252610206604,-0.3425405025482178,0.010270237922668457,-0.32810765504837036,-0.0477108359336853,-0.3667050004005432,-0.04852193593978882,-0.3161870837211609,-0.03329968452453613,-0.28327590227127075,-0.04848587512969971,-0.30469250679016113,-0.09229344129562378,-0.3405908942222595,-0.09177201986312866,-0.29080820083618164,-0.07609093189239502,-0.25611597299575806,-0.10263592004776001,-0.2618911862373352,-0.13675987720489502,-0.30005621910095215,-0.13197362422943115,-0.2579772472381592,-0.11407709121704102,-0.22287970781326294,-0.14966648817062378,-0.211877703666687,-0.1914328932762146,-0.3041847348213196,-0.22384202480316162,-0.3454211950302124,-0.2476978302001953,-0.38129162788391113,0.0,0.0,0.0,0.0,0.0,0.0,0.0,0.0,0.0,0.0,0.0,0.0,0.0,0.0,0.0,0.0,0.0,0.0,0.0,0.0,0.0,0.0,0.0,0.0,0.0,0.0,0.0,0.0,0.0,0.0,0.0,0.0,0.0,0.0,0.0,0.0,0.0,0.0,0.0,0.0,0.0,0.0
0.0,0.0,0.05317258834838867,-0.11198985576629639,0.08456677198410034,-0.21151971817016602,0.11479717493057251,-0.2979564070701599,0.15940767526626587,-0.3390292525291443,0.011202573776245117,-0.3249717950820923,-0.04424852132797241,-0.36314982175827026,-0.04517167806625366,-0.31287068128585815,-0.030994534492492676,-0.27975428104400635,-0.047724783420562744,-0.30231940746307373,-0.08955180644989014,-0.33622753620147705,-0.08855599164962769,-0.28698116540908813,-0.07347190380096436,-0.2517808675765991,-0.10176301002502441,-0.2596341371536255,-0.13397186994552612,-0.2976754307746887,-0.1283625364303589,-0.25573867559432983,-0.11108613014221191,-0.2203351855278015,-0.14855140447616577,-0.20957672595977783,-0.19155019521713257,-0.3038094639778137,-0.2240750789642334,-0.3458595871925354,-0.2485027313232422,-0.382593035697937,0.0,0.0,0.0,0.0,0.0,0.0,0.0,0.0,0.0,0.0,0.0,0.0,0.0,0.0,0.0,0.0,0.0,0.0,0.0,0.0,0.0,0.0,0.0,0.0,0.0,0.0,0.0,0.0,0.0,0.0,0.0,0.0,0.0,0.0,0.0,0.0,0.0,0.0,0.0,0.0,0.0,0.0
0.0,0.0,0.051568448543548584,-0.11270338296890259,0.08195042610168457,-0.21088236570358276,0.11007922887802124,-0.29812419414520264,0.15348869562149048,-0.3413372039794922,0.010237693786621094,-0.32856279611587524,-0.04787921905517578,-0.3661805987358093,-0.048409223556518555,-0.31478220224380493,-0.03361421823501587,-0.2814522981643677,-0.049060702323913574,-0.3057536482810974,-0.09230422973632812,-0.33731961250305176,-0.09161615371704102,-0.28644412755966187,-0.07601332664489746,-0.2510577440261841,-0.10344338417053223,-0.2632859945297241,-0.13750839233398438,-0.299263596534729,-0.13265234231948853,-0.2560344934463501,-0.11445808410644531,-0.22002089023590088,-0.15090113878250122,-0.21358317136764526,-0.1927947998046875,-0.30798232555389404,-0.2253372073173523,-0.35027968883514404,-0.24939125776290894,-0.38699692487716675,0.0,0.0,0.0,0.0,0.0,0.0,0.0,0.0,0.0,0.0,0.0,0.0,0.0,0.0,0.0,0.0,0.0,0.0,0.0,0.0,0.0,0.0,0.0,0.0,0.0,0.0,0.0,0.0,0.0,0.0,0.0,0.0,0.0,0.0,0.0,0.0,0.0,0.0,0.0,0.0,0.0,0.0
0.0,0.0,0.05239933729171753,-0.1121780276298523,0.08379530906677246,-0.2144545316696167,0.1154983639717102,-0.3014039993286133,0.16147011518478394,-0.3433437943458557,0.011362850666046143,-0.32528501749038696,-0.04806762933731079,-0.36492180824279785,-0.04791146516799927,-0.31497490406036377,-0.031855762004852295,-0.28314441442489624,-0.046966552734375,-0.3012498617172241,-0.0918835997581482,-0.3393148183822632,-0.09093201160430908,-0.28996145725250244,-0.07477176189422607,-0.25510501861572266,-0.10097068548202515,-0.2593054175376892,-0.13621622323989868,-0.29839402437210083,-0.13113486766815186,-0.2564176321029663,-0.11278891563415527,-0.22167015075683594,-0.14811068773269653,-0.2108413577079773,-0.18990105390548706,-0.3036510944366455,-0.22218412160873413,-0.34484314918518066,-0.2463647723197937,-0.3808578848838806,0.0,0.0,0.0,0.0,0.0,0.0,0.0,0.0,0.0,0.0,0.0,0.0,0.0,0.0,0.0,0.0,0.0,0.0,0.0,0.0,0.0,0.0,0.0,0.0,0.0,0.0,0.0,0.0,0.0,0.0,0.0,0.0,0.0,0.0,0.0,0.0,0.0,0.0,0.0,0.0,0.0,0.0
0.0,0.0,0.05125910043716431,-0.11305230855941772,0.08227646350860596,-0.21103668212890625,0.11180943250656128,-0.29619288444519043,0.1553402543067932,-0.3381655216217041,0.008882284164428711,-0.3269335627555847,-0.04597949981689453,-0.3650778532028198,-0.04834437370300293,-0.31465548276901245,-0.03479599952697754,-0.28145164251327515,-0.0495418906211853,-0.3042200207710266,-0.09218800067901611,-0.337810218334198,-0.09205955266952515,-0.28848105669021606,-0.07669287919998169,-0.25330132246017456,-0.10360842943191528,-0.2611806392669678,-0.13663595914840698,-0.2996126413345337,-0.1312999725341797,-0.25718778371810913,-0.11348068714141846,-0.22183144092559814,-0.15035772323608398,-0.21070843935012817,-0.1939827799797058,-0.3059753179550171,-0.22651487588882446,-0.34891772270202637,-0.2500990033149719,-0.38663578033447266,0.0,0.0,0.0,0.0,0.0,0.0,0.0,0.0,0.0,0.0,0.0,0.0,0.0,0.0,0.0,0.0,0.0,0.0,0.0,0.0,0.0,0.0,0.0,0.0,0.0,0.0,0.0,0.0,0.0,0.0,0.0,0.0,0.0,0.0,0.0,0.0,0.0,0.0,0.0,0.0,0.0,0.0
0.0,0.0,0.05217844247817993,-0.11270886659622192,0.08227574825286865,-0.21171820163726807,0.10973149538040161,-0.29949456453323364,0.1528354287147522,-0.34295254945755005,0.010401427745819092,-0.32701605558395386,-0.04896825551986694,-0.36660289764404297,-0.049934208393096924,-0.3154571056365967,-0.034794747829437256,-0.28254055976867676,-0.04837167263031006,-0.30412667989730835,-0.09264206886291504,-0.3395650386810303,-0.09250086545944214,-0.2889753580093384,-0.07679235935211182,-0.2540813088417053,-0.10229969024658203,-0.2623450756072998,-0.13710308074951172,-0.30030328035354614,-0.1327195167541504,-0.2571074366569519,-0.11472344398498535,-0.22177046537399292,-0.1492711305618286,-0.2131582498550415,-0.19096755981445312,-0.30685675144195557,-0.22368335723876953,-0.3480115532875061,-0.24821269512176514,-0.38347065448760986,0.0,0.0,0.0,0.0,0.0,0.0,0.0,0.0,0.0,0.0,0.0,0.0,0.0,0.0,0.0,0.0,0.0,0.0,0.0,0.0,0.0,0.0,0.0,0.0,0.0,0.0,0.0,0.0,0.0,0.0,0.0,0.0,0.0,0.0,0.0,0.0,0.0,0.0,0.0,0.0,0.0,0.0
0.0,0.0,0.05321681499481201,-0.11078965663909912,0.08547347784042358,-0.21304363012313843,0.1179766058921814,-0.29952937364578247,0.16460800170898438,-0.3404330611228943,0.014302611351013184,-0.3223438262939453,-0.04546082019805908,-0.36076676845550537,-0.04482126235961914,-0.31091421842575073,-0.028644979000091553,-0.2793809175491333,-0.04460155963897705,-0.29880666732788086,-0.08923506736755371,-0.3352981209754944,-0.0880962610244751,-0.2867550849914551,-0.07188206911087036,-0.25209617614746094,-0.09893184900283813,-0.25731730461120605,-0.1338280439376831,-0.29589974880218506,-0.12880516052246094,-0.2543463110923767,-0.11060017347335815,-0.21990275382995605,-0.14641892910003662,-0.2094225287437439,-0.18827128410339355,-0.30303704738616943,-0.22064298391342163,-0.3443934917449951,-0.24497246742248535,-0.3806488513946533,0.0,0.0,0.0,0.0,0.0,0.0,0.0,0.0,0.0,0.0,0.0,0.0,0.0,0.0,0.0,0.0,0.0,0.0,0.0,0.0,0.0,0.0,0.0,0.0,0.0,0.0,0.0,0.0,0.0,0.0,0.0,0.0,0.0,0.0,0.0,0.0,0.0,0.0,0.0,0.0,0.0,0.0
0.0,0.0,0.049686551094055176,-0.11356306076049805,0.08047854900360107,-0.21368837356567383,0.1108521819114685,-0.29946357011795044,0.15608757734298706,-0.34048426151275635,0.007285177707672119,-0.3287573456764221,-0.048865437507629395,-0.36524534225463867,-0.05128544569015503,-0.3138205409049988,-0.03696244955062866,-0.28015679121017456,-0.05119127035140991,-0.3060736656188965,-0.09424632787704468,-0.3371706008911133,-0.09447616338729858,-0.2873234748840332,-0.07867652177810669,-0.25206518173217773,-0.10495340824127197,-0.26305216550827026,-0.13867169618606567,-0.30054956674575806,-0.13402467966079712,-0.2574806213378906,-0.11592215299606323,-0.22143906354904175,-0.15200519561767578,-0.2123207449913025,-0.19552630186080933,-0.30756455659866333,-0.2293352484703064,-0.3510138988494873,-0.25440770387649536,-0.388544499874115,0.0,0.0,0.0,0.0,0.0,0.0,0.0,0.0,0.0,0.0,0.0,0.0,0.0,0.0,0.0,0.0,0.0,0.0,0.0,0.0,0.0,0.0,0.0,0.0,0.0,0.0,0.0,0.0,0.0,0.0,0.0,0.0,0.0,0.0,0.0,0.0,0.0,0.0,0.0,0.0,0.0,0.0
0.0,0.0,0.05108439922332764,-0.11275339126586914,0.08066296577453613,-0.21315604448318481,0.1089026927947998,-0.30063652992248535,0.15511256456375122,-0.3430483341217041,0.008365392684936523,-0.32845163345336914,-0.05135887861251831,-0.36692070960998535,-0.05110043287277222,-0.3157522678375244,-0.03490245342254639,-0.2831679582595825,-0.04991215467453003,-0.3044966459274292,-0.09406900405883789,-0.3405510187149048,-0.09268069267272949,-0.289584219455719,-0.07656049728393555,-0.25366711616516113,-0.10367286205291748,-0.2619801163673401,-0.13860982656478882,-0.3002626895904541,-0.13335001468658447,-0.2572239637374878,-0.11482298374176025,-0.22145670652389526,-0.15061450004577637,-0.21258395910263062,-0.19226765632629395,-0.3051179051399231,-0.22480475902557373,-0.3465455174446106,-0.24933993816375732,-0.3822963237762451,0.0,0.0,0.0,0.0,0.0,0.0,0.0,0.0,0.0,0.0,0.0,0.0,0.0,0.0,0.0,0.0,0.0,0.0,0.0,0.0,0.0,0.0,0.0,0.0,0.0,0.0,0.0,0.0,0.0,0.0,0.0,0.0,0.0,0.0,0.0,0.0,0.0,0.0,0.0,0.0,0.0,0.0
0.0,0.0,0.052340567111968994,-0.11290836334228516,0.08292651176452637,-0.21499526500701904,0.113650381565094,-0.3023589253425598,0.15909439325332642,-0.3451257348060608,0.01165771484375,-0.3248022794723511,-0.04890775680541992,-0.363550066947937,-0.04825514554977417,-0.31335145235061646,-0.03189408779144287,-0.2823750376701355,-0.04641687870025635,-0.30080467462539673,-0.09203833341598511,-0.3378904461860657,-0.09057390689849854,-0.2882738709449768,-0.07412296533584595,-0.2538939118385315,-0.10034847259521484,-0.25858956575393677,-0.13623005151748657,-0.2968839406967163,-0.1303892731666565,-0.2548837661743164,-0.1114429235458374,-0.2206839919090271,-0.1475059986114502,-0.2097257375717163,-0.18970656394958496,-0.30237215757369995,-0.22259598970413208,-0.3431053161621094,-0.24777626991271973,-0.37875306606292725,0.0,0.0,0.0,0.0,0.0,0.0,0.0,0.0,0.0,0.0,0.0,0.0,0.0,0.0,0.0,0.0,0.0,0.0,0.0,0.0,0.0,0.0,0.0,0.0,0.0,0.0,0.0,0.0,0.0,0.0,0.0,0.0,0.0,0.0,0.0,0.0,0.0,0.0,0.0,0.0,0.0,0.0
0.0,0.0,0.050092339515686035,-0.11365491151809692,0.08033543825149536,-0.21390658617019653,0.10963869094848633,-0.3018307685852051,0.15541696548461914,-0.3432500958442688,0.007984280586242676,-0.3287279009819031,-0.0489579439163208,-0.36640870571136475,-0.05041682720184326,-0.31539398431777954,-0.036019742488861084,-0.2828502058982849,-0.05019873380661011,-0.3060680627822876,-0.09416383504867554,-0.3389289379119873,-0.09399330615997314,-0.2895703911781311,-0.07829433679580688,-0.2547510862350464,-0.10441243648529053,-0.2633557915687561,-0.13895225524902344,-0.30146634578704834,-0.13400083780288696,-0.25885075330734253,-0.11574167013168335,-0.22327440977096558,-0.15197086334228516,-0.21299606561660767,-0.19511663913726807,-0.309256374835968,-0.22854554653167725,-0.35245180130004883,-0.2532584071159363,-0.38980162143707275,0.0,0.0,0.0,0.0,0.0,0.0,0.0,0.0,0.0,0.0,0.0,0.0,0.0,0.0,0.0,0.0,0.0,0.0,0.0,0.0,0.0,0.0,0.0,0.0,0.0,0.0,0.0,0.0,0.0,0.0,0.0,0.0,0.0,0.0,0.0,0.0,0.0,0.0,0.0,0.0,0.0,0.0
0.0,0.0,0.05082392692565918,-0.11347562074661255,0.08017539978027344,-0.21342337131500244,0.10710197687149048,-0.3008202314376831,0.14863836765289307,-0.3452032804489136,0.008357346057891846,-0.32825249433517456,-0.049981117248535156,-0.3668823838233948,-0.052206993103027344,-0.31591761112213135,-0.03749579191207886,-0.2835928201675415,-0.04949265718460083,-0.305375874042511,-0.09475857019424438,-0.3401791453361511,-0.09532773494720459,-0.28909969329833984,-0.07925796508789062,-0.25487303733825684,-0.1031685471534729,-0.263275146484375,-0.13960528373718262,-0.2999300956726074,-0.1352323293685913,-0.25641703605651855,-0.11648118495941162,-0.22139495611190796,-0.15010416507720947,-0.2138010859489441,-0.19072991609573364,-0.3051801323890686,-0.22337019443511963,-0.3454433083534241,-0.24768882989883423,-0.38043200969696045,0.0,0.0,0.0,0.0,0.0,0.0,0.0,0.0,0.0,0.0,0.0,0.0,0.0,0.0,0.0,0.0,0.0,0.0,0.0,0.0,0.0,0.0,0.0,0.0,0.0,0.0,0.0,0.0,0.0,0.0,0.0,0.0,0.0,0.0,0.0,0.0,0.0,0.0,0.0,0.0,0.0,0.0
0.0,0.0,0.05280667543411255,-0.11101973056793213,0.08434104919433594,-0.21244925260543823,0.11524820327758789,-0.298885703086853,0.16038960218429565,-0.3412937521934509,0.013769745826721191,-0.3204585313796997,-0.045483171939849854,-0.360706090927124,-0.045289456844329834,-0.3115960359573364,-0.029122650623321533,-0.27992379665374756,-0.043762803077697754,-0.29723411798477173,-0.08991485834121704,-0.33637458086013794,-0.0884963870048523,-0.28709888458251953,-0.07205265760421753,-0.25322240591049194,-0.09748750925064087,-0.255460262298584,-0.134330153465271,-0.29665589332580566,-0.12825852632522583,-0.2551840543746948,-0.10934019088745117,-0.22171586751937866,-0.14460819959640503,-0.20646214485168457,-0.1872968077659607,-0.2991871237754822,-0.2197747826576233,-0.3400890827178955,-0.24461430311203003,-0.37681055068969727,0.0,0.0,0.0,0.0,0.0,0.0,0.0,0.0,0.0,0.0,0.0,0.0,0.0,0.0,0.0,0.0,0.0,0.0,0.0,0.0,0.0,0.0,0.0,0.0,0.0,0.0,0.0,0.0,0.0,0.0,0.0,0.0,0.0,0.0,0.0,0.0,0.0,0.0,0.0,0.0,0.0,0.0
0.0,0.0,0.04944199323654175,-0.11432695388793945,0.07784700393676758,-0.21378397941589355,0.10301089286804199,-0.3028360605239868,0.14622777700424194,-0.34648144245147705,0.006985127925872803,-0.3291952610015869,-0.048958539962768555,-0.36785876750946045,-0.053050696849823,-0.3158996105194092,-0.0401616096496582,-0.28195804357528687,-0.05118763446807861,-0.3078261613845825,-0.09554070234298706,-0.340511679649353,-0.09733498096466064,-0.2895607352256775,-0.08238768577575684,-0.2545420527458191,-0.10524505376815796,-0.265317440032959,-0.1413567066192627,-0.30486613512039185,-0.13723021745681763,-0.26077139377593994,-0.11890953779220581,-0.2247369885444641,-0.152610182762146,-0.21336597204208374,-0.19562560319900513,-0.3086100220680237,-0.2285912036895752,-0.35170817375183105,-0.2528669238090515,-0.3898733854293823,0.0,0.0,0.0,0.0,0.0,0.0,0.0,0.0,0.0,0.0,0.0,0.0,0.0,0.0,0.0,0.0,0.0,0.0,0.0,0.0,0.0,0.0,0.0,0.0,0.0,0.0,0.0,0.0,0.0,0.0,0.0,0.0,0.0,0.0,0.0,0.0,0.0,0.0,0.0,0.0,0.0,0.0
