0.0,0.0,-0.06816500425338745,-0.0912693440914154,-0.1638922095298767,-0.11442497372627258,-0.23144876956939697,-0.07672667503356934,-0.26739245653152466,-0.011133730411529541,-0.17609691619873047,-0.12739747762680054,-0.29872655868530273,-0.14686763286590576,-0.36598634719848633,-0.15523558855056763,-0.42142462730407715,-0.16247737407684326,-0.16387170553207397,-0.040679335594177246,-0.30241382122039795,0.017414391040802002,-0.37720823287963867,0.046304285526275635,-0.4313710927963257,0.0703774094581604,-0.15026819705963135,0.044458210468292236,-0.26685476303100586,0.07532453536987305,-0.24523526430130005,0.04735296964645386,-0.20978379249572754,0.0335429310798645,-0.13861048221588135,0.11540520191192627,-0.23288178443908691,0.11909478902816772,-0.21298474073410034,0.09542524814605713,-0.18082165718078613,0.08436799049377441,0.0,0.0,0.0,0.0,0.0,0.0,0.0,0.0,0.0,0.0,0.0,0.0,0.0,0.0,0.0,0.0,0.0,0.0,0.0,0.0,0.0,0.0,0.0,0.0,0.0,0.0,0.0,0.0,0.0,0.0,0.0,0.0,0.0,0.0,0.0,0.0,0.0,0.0,0.0,0.0,0.0,0.0
0.0,0.0,-0.06800299882888794,-0.09105145931243896,-0.16430997848510742,-0.11350488662719727,-0.23254412412643433,-0.07556700706481934,-0.26902657747268677,-0.011117935180664062,-0.17369329929351807,-0.12634506821632385,-0.29718881845474243,-0.14700233936309814,-0.364124596118927,-0.15620553493499756,-0.41913628578186035,-0.16425848007202148,-0.1618560552597046,-0.039804279804229736,-0.299640417098999,0.016293585300445557,-0.3744908571243286,0.04440104961395264,-0.42860567569732666,0.0683782696723938,-0.14871841669082642,0.04456031322479248,-0.2645164728164673,0.0739852786064148,-0.2442096471786499,0.044875502586364746,-0.20930391550064087,0.03096473217010498,-0.13761299848556519,0.11456465721130371,-0.23147296905517578,0.11632645130157471,-0.21281510591506958,0.09122580289840698,-0.18105405569076538,0.08039861917495728,0.0,0.0,0.0,0.0,0.0,0.0,0.0,0.0,0.0,0.0,0.0,0.0,0.0,0.0,0.0,0.0,0.0,0.0,0.0,0.0,0.0,0.0,0.0,0.0,0.0,0.0,0.0,0.0,0.0,0.0,0.0,0.0,0.0,0.0,0.0,0.0,0.0,0.0,0.0,0.0,0.0,0.0
0.0,0.0,-0.06750833988189697,-0.09225109219551086,-0.16317176818847656,-0.11591631174087524,-0.23073816299438477,-0.07790064811706543,-0.26688915491104126,-0.012661397457122803,-0.173850417137146,-0.12786895036697388,-0.2966356873512268,-0.14821875095367432,-0.3636171817779541,-0.1572328805923462,-0.41888684034347534,-0.16501885652542114,-0.1619504690170288,-0.04154294729232788,-0.30080288648605347,0.015630900859832764,-0.37528300285339355,0.04372096061706543,-0.4293166399002075,0.0672597885131836,-0.14888036251068115,0.04281419515609741,-0.26528382301330566,0.07192611694335938,-0.24452859163284302,0.043161988258361816,-0.20988428592681885,0.02944040298461914,-0.13777673244476318,0.11309623718261719,-0.23178726434707642,0.1148267388343811,-0.21259284019470215,0.09029734134674072,-0.1809701919555664,0.07951956987380981,0.0,0.0,0.0,0.0,0.0,0.0,0.0,0.0,0.0,0.0,0.0,0.0,0.0,0.0,0.0,0.0,0.0,0.0,0.0,0.0,0.0,0.0,0.0,0.0,0.0,0.0,0.0,0.0,0.0,0.0,0.0,0.0,0.0,0.0,0.0,0.0,0.0,0.0,0.0,0.0,0.0,0.0
0.0,0.0,-0.06860274076461792,-0.09052130579948425,-0.1647765040397644,-0.11219534277915955,-0.23201680183410645,-0.07227402925491333,-0.2676966190338135,-0.006270051002502441,-0.17698568105697632,-0.12680521607398987,-0.29825258255004883,-0.1471894383430481,-0.3650556206703186,-0.15611064434051514,-0.4201568365097046,-0.16386312246322632,-0.16433310508728027,-0.041498422622680664,-0.3013601303100586,0.016080141067504883,-0.3758496046066284,0.04474747180938721,-0.4302992820739746,0.06874269247055054,-0.15039998292922974,0.04280495643615723,-0.2671712636947632,0.07425528764724731,-0.24581950902938843,0.04677218198776245,-0.21076607704162598,0.03339052200317383,-0.13859164714813232,0.11343789100646973,-0.23256999254226685,0.11834251880645752,-0.2129543423652649,0.09434342384338379,-0.18104952573776245,0.08297669887542725,0.0,0.0,0.0,0.0,0.0,0.0,0.0,0.0,0.0,0.0,0.0,0.0,0.0,0.0,0.0,0.0,0.0,0.0,0.0,0.0,0.0,0.0,0.0,0.0,0.0,0.0,0.0,0.0,0.0,0.0,0.0,0.0,0.0,0.0,0.0,0.0,0.0,0.0,0.0,0.0,0.0,0.0
0.0,0.0,-0.06721490621566772,-0.0915306806564331,-0.16329091787338257,-0.11515235900878906,-0.23182964324951172,-0.0777338445186615,-0.2685319185256958,-0.013335824012756348,-0.17489898204803467,-0.1287824511528015,-0.2982041835784912,-0.1497552990913391,-0.3651377558708191,-0.15888148546218872,-0.4201226830482483,-0.1667477786540985,-0.16371673345565796,-0.042988479137420654,-0.3019545078277588,0.014389216899871826,-0.37637221813201904,0.0424114465713501,-0.43068158626556396,0.06601524353027344,-0.1508573293685913,0.04091906547546387,-0.26684731245040894,0.07046043872833252,-0.24624401330947876,0.041783928871154785,-0.21166259050369263,0.028385162353515625,-0.1397600769996643,0.11068129539489746,-0.2331451177597046,0.11297160387039185,-0.21461820602416992,0.0883324146270752,-0.18339115381240845,0.07752251625061035,0.0,0.0,0.0,0.0,0.0,0.0,0.0,0.0,0.0,0.0,0.0,0.0,0.0,0.0,0.0,0.0,0.0,0.0,0.0,0.0,0.0,0.0,0.0,0.0,0.0,0.0,0.0,0.0,0.0,0.0,0.0,0.0,0.0,0.0,0.0,0.0,0.0,0.0,0.0,0.0,0.0,0.0
0.0,0.0,-0.06870639324188232,-0.09103000164031982,-0.16472965478897095,-0.11285731196403503,-0.23238706588745117,-0.07328811287879944,-0.2683252692222595,-0.007797300815582275,-0.17929548025131226,-0.1278868317604065,-0.3007086515426636,-0.14758872985839844,-0.3675847053527832,-0.1566975712776184,-0.42257755994796753,-0.16410240530967712,-0.16692548990249634,-0.04280543327331543,-0.30309516191482544,0.013964653015136719,-0.3779715895652771,0.04232829809188843,-0.43252795934677124,0.06659942865371704,-0.15324479341506958,0.04164832830429077,-0.26997339725494385,0.07231462001800537,-0.2492733597755432,0.04522651433944702,-0.2143993377685547,0.03229236602783203,-0.14151465892791748,0.11207371950149536,-0.2356080412864685,0.11655253171920776,-0.21657198667526245,0.09298074245452881,-0.18472790718078613,0.08214575052261353,0.0,0.0,0.0,0.0,0.0,0.0,0.0,0.0,0.0,0.0,0.0,0.0,0.0,0.0,0.0,0.0,0.0,0.0,0.0,0.0,0.0,0.0,0.0,0.0,0.0,0.0,0.0,0.0,0.0,0.0,0.0,0.0,0.0,0.0,0.0,0.0,0.0,0.0,0.0,0.0,0.0,0.0
0.0,0.0,-0.06795734167098999,-0.09286108613014221,-0.16326415538787842,-0.11595392227172852,-0.23106122016906738,-0.07816886901855469,-0.26769566535949707,-0.014213919639587402,-0.17322397232055664,-0.12895852327346802,-0.29701799154281616,-0.1506597101688385,-0.36405616998672485,-0.15896910429000854,-0.41896378993988037,-0.1661955714225769,-0.16247719526290894,-0.04153484106063843,-0.3008333444595337,0.013342320919036865,-0.37556952238082886,0.04120814800262451,-0.42970573902130127,0.06466305255889893,-0.15018880367279053,0.042925894260406494,-0.26671141386032104,0.0703231692314148,-0.24667364358901978,0.041275620460510254,-0.21218806505203247,0.02724391222000122,-0.13950401544570923,0.11244690418243408,-0.2331256866455078,0.1130669116973877,-0.21524828672409058,0.08778047561645508,-0.1844407320022583,0.07623976469039917,0.0,0.0,0.0,0.0,0.0,0.0,0.0,0.0,0.0,0.0,0.0,0.0,0.0,0.0,0.0,0.0,0.0,0.0,0.0,0.0,0.0,0.0,0.0,0.0,0.0,0.0,0.0,0.0,0.0,0.0,0.0,0.0,0.0,0.0,0.0,0.0,0.0,0.0,0.0,0.0,0.0,0.0
0.0,0.0,-0.06881976127624512,-0.09003302454948425,-0.16454976797103882,-0.11120942234992981,-0.23106592893600464,-0.07165402173995972,-0.2669019103050232,-0.006154000759124756,-0.1777626872062683,-0.12647604942321777,-0.299017071723938,-0.14759570360183716,-0.3659706115722656,-0.15538889169692993,-0.42119890451431274,-0.16190773248672485,-0.16516399383544922,-0.040571391582489014,-0.3018816113471985,0.016614913940429688,-0.3767794370651245,0.045593976974487305,-0.4315078854560852,0.06988561153411865,-0.15112531185150146,0.044264793395996094,-0.2676650285720825,0.07614558935165405,-0.24639815092086792,0.049782514572143555,-0.2113419771194458,0.036932408809661865,-0.1388765573501587,0.1150890588760376,-0.23319178819656372,0.12059009075164795,-0.21379423141479492,0.09747785329818726,-0.18202435970306396,0.08640879392623901,0.0,0.0,0.0,0.0,0.0,0.0,0.0,0.0,0.0,0.0,0.0,0.0,0.0,0.0,0.0,0.0,0.0,0.0,0.0,0.0,0.0,0.0,0.0,0.0,0.0,0.0,0.0,0.0,0.0,0.0,0.0,0.0,0.0,0.0,0.0,0.0,0.0,0.0,0.0,0.0,0.0,0.0
0.0,0.0,-0.06748098134994507,-0.09232452511787415,-0.1636589765548706,-0.11579093337059021,-0.2319737672805786,-0.07829627394676208,-0.26790815591812134,-0.013201773166656494,-0.17266851663589478,-0.12685930728912354,-0.2977842688560486,-0.14895784854888916,-0.365093469619751,-0.1579567790031433,-0.4205935597419739,-0.1655229926109314,-0.16177386045455933,-0.03913503885269165,-0.30088043212890625,0.014494597911834717,-0.37627071142196655,0.04195147752761841,-0.431093692779541,0.06575018167495728,-0.14954102039337158,0.04546564817428589,-0.26559019088745117,0.07228225469589233,-0.24515563249588013,0.04328280687332153,-0.2104530930519104,0.02987992763519287,-0.13927340507507324,0.11486923694610596,-0.2328183650970459,0.1149340271949768,-0.214516282081604,0.08999866247177124,-0.18335562944412231,0.07938718795776367,0.0,0.0,0.0,0.0,0.0,0.0,0.0,0.0,0.0,0.0,0.0,0.0,0.0,0.0,0.0,0.0,0.0,0.0,0.0,0.0,0.0,0.0,0.0,0.0,0.0,0.0,0.0,0.0,0.0,0.0,0.0,0.0,0.0,0.0,0.0,0.0,0.0,0.0,0.0,0.0,0.0,0.0
0.0,0.0,-0.06820297241210938,-0.09143200516700745,-0.16488152742385864,-0.11453983187675476,-0.23291224241256714,-0.07741743326187134,-0.2687056064605713,-0.012109875679016113,-0.17289406061172485,-0.12568259239196777,-0.2973501682281494,-0.14775961637496948,-0.36449670791625977,-0.15691816806793213,-0.419894814491272,-0.16458693146705627,-0.16125142574310303,-0.03914749622344971,-0.29998451471328735,0.015095293521881104,-0.3754006624221802,0.04248619079589844,-0.43012309074401855,0.06614822149276733,-0.148678719997406,0.04505956172943115,-0.2646334171295166,0.07282793521881104,-0.24386757612228394,0.04368168115615845,-0.20915818214416504,0.030008554458618164,-0.1385509967803955,0.11470228433609009,-0.23229199647903442,0.11504846811294556,-0.2134271264076233,0.09001892805099487,-0.18201690912246704,0.07935750484466553,0.0,0.0,0.0,0.0,0.0,0.0,0.0,0.0,0.0,0.0,0.0,0.0,0.0,0.0,0.0,0.0,0.0,0.0,0.0,0.0,0.0,0.0,0.0,0.0,0.0,0.0,0.0,0.0,0.0,0.0,0.0,0.0,0.0,0.0,0.0,0.0,0.0,0.0,0.0,0.0,0.0,0.0
0.0,0.0,-0.06801116466522217,-0.0919485092163086,-0.16450101137161255,-0.11519128084182739,-0.2323136329650879,-0.07720649242401123,-0.26739662885665894,-0.011262834072113037,-0.17381006479263306,-0.12534624338150024,-0.29730522632598877,-0.14776790142059326,-0.3642067313194275,-0.15717992186546326,-0.4192359447479248,-0.16516372561454773,-0.16237378120422363,-0.0383874773979187,-0.30000758171081543,0.01538228988647461,-0.37508082389831543,0.04263275861740112,-0.4297068119049072,0.06612640619277954,-0.14962494373321533,0.04580181837081909,-0.2646811008453369,0.07268315553665161,-0.24348807334899902,0.04392188787460327,-0.20858150720596313,0.0305669903755188,-0.13919848203659058,0.11519032716751099,-0.2324005365371704,0.11550819873809814,-0.21349972486495972,0.09075009822845459,-0.18217819929122925,0.08015131950378418,0.0,0.0,0.0,0.0,0.0,0.0,0.0,0.0,0.0,0.0,0.0,0.0,0.0,0.0,0.0,0.0,0.0,0.0,0.0,0.0,0.0,0.0,0.0,0.0,0.0,0.0,0.0,0.0,0.0,0.0,0.0,0.0,0.0,0.0,0.0,0.0,0.0,0.0,0.0,0.0,0.0,0.0
0.0,0.0,-0.06749087572097778,-0.09258654713630676,-0.16340285539627075,-0.11641427874565125,-0.23175537586212158,-0.07968217134475708,-0.2678413987159729,-0.014899909496307373,-0.1719534993171692,-0.12710019946098328,-0.2956734895706177,-0.14859411120414734,-0.362468957901001,-0.15843838453292847,-0.4179270267486572,-0.16672223806381226,-0.16031837463378906,-0.04055511951446533,-0.2974848747253418,0.013235628604888916,-0.37373483180999756,0.04049640893936157,-0.42955321073532104,0.06414538621902466,-0.14776265621185303,0.04368746280670166,-0.26342493295669556,0.07168197631835938,-0.2430950403213501,0.043077945709228516,-0.20818692445755005,0.02930581569671631,-0.1379401683807373,0.11300861835479736,-0.23129814863204956,0.11450135707855225,-0.2129707932472229,0.08984887599945068,-0.1818699836730957,0.07872796058654785,0.0,0.0,0.0,0.0,0.0,0.0,0.0,0.0,0.0,0.0,0.0,0.0,0.0,0.0,0.0,0.0,0.0,0.0,0.0,0.0,0.0,0.0,0.0,0.0,0.0,0.0,0.0,0.0,0.0,0.0,0.0,0.0,0.0,0.0,0.0,0.0,0.0,0.0,0.0,0.0,0.0,0.0
0.0,0.0,-0.06732898950576782,-0.09204065799713135,-0.16253948211669922,-0.11642557382583618,-0.22965270280838013,-0.0793294906616211,-0.26520609855651855,-0.013853192329406738,-0.17188948392868042,-0.12702476978302002,-0.2949386239051819,-0.1495964527130127,-0.36236029863357544,-0.1578841209411621,-0.418071985244751,-0.16452986001968384,-0.15985220670700073,-0.04112434387207031,-0.2984258532524109,0.014058887958526611,-0.3737039566040039,0.041195034980773926,-0.4285930395126343,0.06440496444702148,-0.14714521169662476,0.04287517070770264,-0.263985812664032,0.07164901494979858,-0.2438686490058899,0.04264497756958008,-0.20947867631912231,0.02874755859375,-0.13680881261825562,0.11274194717407227,-0.23103243112564087,0.11389285326004028,-0.21286165714263916,0.08880478143692017,-0.18205606937408447,0.07749027013778687,0.0,0.0,0.0,0.0,0.0,0.0,0.0,0.0,0.0,0.0,0.0,0.0,0.0,0.0,0.0,0.0,0.0,0.0,0.0,0.0,0.0,0.0,0.0,0.0,0.0,0.0,0.0,0.0,0.0,0.0,0.0,0.0,0.0,0.0,0.0,0.0,0.0,0.0,0.0,0.0,0.0,0.0
0.0,0.0,-0.06665849685668945,-0.09093686938285828,-0.16284453868865967,-0.11518263816833496,-0.2310316562652588,-0.07703378796577454,-0.2675269842147827,-0.011440396308898926,-0.17369401454925537,-0.12774157524108887,-0.29597926139831543,-0.14932367205619812,-0.363447904586792,-0.1585928499698639,-0.4187544584274292,-0.16580986976623535,-0.16176152229309082,-0.04284703731536865,-0.3010537624359131,0.013538002967834473,-0.37525779008865356,0.042076826095581055,-0.42947274446487427,0.06585747003555298,-0.14839375019073486,0.04090076684951782,-0.2631201148033142,0.07183921337127686,-0.2396051287651062,0.046126484870910645,-0.2043744921684265,0.033724963665008545,-0.1369827389717102,0.11214542388916016,-0.22973626852035522,0.11738282442092896,-0.20807158946990967,0.094826340675354,-0.17588144540786743,0.08426833152770996,0.0,0.0,0.0,0.0,0.0,0.0,0.0,0.0,0.0,0.0,0.0,0.0,0.0,0.0,0.0,0.0,0.0,0.0,0.0,0.0,0.0,0.0,0.0,0.0,0.0,0.0,0.0,0.0,0.0,0.0,0.0,0.0,0.0,0.0,0.0,0.0,0.0,0.0,0.0,0.0,0.0,0.0
0.0,0.0,-0.0661359429359436,-0.09193262457847595,-0.16326475143432617,-0.117733895778656,-0.23281121253967285,-0.08153998851776123,-0.2707897424697876,-0.01650369167327881,-0.1713225245475769,-0.1290367841720581,-0.29533302783966064,-0.1520463228225708,-0.3626909852027893,-0.16194814443588257,-0.4178515672683716,-0.1696505844593048,-0.1599518060684204,-0.04281890392303467,-0.3009154796600342,0.01178520917892456,-0.3745236396789551,0.03861361742019653,-0.42791593074798584,0.0614851713180542,-0.14768266677856445,0.04085373878479004,-0.2637704014778137,0.06863093376159668,-0.2420978546142578,0.03959834575653076,-0.2076435685157776,0.026051700115203857,-0.1376548409461975,0.11144524812698364,-0.23131310939788818,0.11105549335479736,-0.211586594581604,0.08573251962661743,-0.1806907057762146,0.07460379600524902,0.0,0.0,0.0,0.0,0.0,0.0,0.0,0.0,0.0,0.0,0.0,0.0,0.0,0.0,0.0,0.0,0.0,0.0,0.0,0.0,0.0,0.0,0.0,0.0,0.0,0.0,0.0,0.0,0.0,0.0,0.0,0.0,0.0,0.0,0.0,0.0,0.0,0.0,0.0,0.0,0.0,0.0
0.0,0.0,-0.06696492433547974,-0.0923924446105957,-0.1636277437210083,-0.11659783124923706,-0.23194986581802368,-0.07751327753067017,-0.26969093084335327,-0.011990368366241455,-0.17364513874053955,-0.12902909517288208,-0.29667776823043823,-0.15190112590789795,-0.3642474412918091,-0.1600046157836914,-0.41956329345703125,-0.16606289148330688,-0.16113883256912231,-0.043175697326660156,-0.3001421093940735,0.011603713035583496,-0.3749317526817322,0.039124131202697754,-0.42923784255981445,0.06305128335952759,-0.14810442924499512,0.0410463809967041,-0.26635122299194336,0.06972956657409668,-0.24628323316574097,0.03999030590057373,-0.21198177337646484,0.025601625442504883,-0.1375732421875,0.11188220977783203,-0.23253965377807617,0.1117052435874939,-0.21400904655456543,0.08534777164459229,-0.18317294120788574,0.07337260246276855,0.0,0.0,0.0,0.0,0.0,0.0,0.0,0.0,0.0,0.0,0.0,0.0,0.0,0.0,0.0,0.0,0.0,0.0,0.0,0.0,0.0,0.0,0.0,0.0,0.0,0.0,0.0,0.0,0.0,0.0,0.0,0.0,0.0,0.0,0.0,0.0,0.0,0.0,0.0,0.0,0.0,0.0
0.0,0.0,-0.06747794151306152,-0.0904628336429596,-0.16350311040878296,-0.11330050230026245,-0.23219507932662964,-0.07292318344116211,-0.269844651222229,-0.007512211799621582,-0.17711997032165527,-0.12690848112106323,-0.2992140054702759,-0.14803677797317505,-0.36689436435699463,-0.15693432092666626,-0.42222660779953003,-0.16388022899627686,-0.1647474765777588,-0.04249465465545654,-0.3019026517868042,0.01249229907989502,-0.3771519660949707,0.04010969400405884,-0.4323309659957886,0.06326830387115479,-0.15138083696365356,0.04125863313674927,-0.26664668321609497,0.0719444751739502,-0.24523049592971802,0.04503518342971802,-0.21107858419418335,0.03155338764190674,-0.14006388187408447,0.11208611726760864,-0.2324562668800354,0.11572897434234619,-0.2121092677116394,0.09244120121002197,-0.18059039115905762,0.08133441209793091,0.0,0.0,0.0,0.0,0.0,0.0,0.0,0.0,0.0,0.0,0.0,0.0,0.0,0.0,0.0,0.0,0.0,0.0,0.0,0.0,0.0,0.0,0.0,0.0,0.0,0.0,0.0,0.0,0.0,0.0,0.0,0.0,0.0,0.0,0.0,0.0,0.0,0.0,0.0,0.0,0.0,0.0
0.0,0.0,-0.06740331649780273,-0.09257018566131592,-0.16375774145126343,-0.11694169044494629,-0.2325977087020874,-0.07924330234527588,-0.26978009939193726,-0.014896035194396973,-0.17291224002838135,-0.127691388130188,-0.29694873094558716,-0.15021741390228271,-0.36413323879241943,-0.15963774919509888,-0.4191133379936218,-0.16805744171142578,-0.1619996428489685,-0.04104423522949219,-0.29966652393341064,0.01110905408859253,-0.37499213218688965,0.038099050521850586,-0.42986875772476196,0.06134200096130371,-0.14960318803787231,0.043246328830718994,-0.2649228572845459,0.07026928663253784,-0.24376583099365234,0.04221826791763306,-0.20888376235961914,0.02930271625518799,-0.13903599977493286,0.11307156085968018,-0.23258936405181885,0.11346358060836792,-0.21368849277496338,0.0887213945388794,-0.1822565793991089,0.07829630374908447,0.0,0.0,0.0,0.0,0.0,0.0,0.0,0.0,0.0,0.0,0.0,0.0,0.0,0.0,0.0,0.0,0.0,0.0,0.0,0.0,0.0,0.0,0.0,0.0,0.0,0.0,0.0,0.0,0.0,0.0,0.0,0.0,0.0,0.0,0.0,0.0,0.0,0.0,0.0,0.0,0.0,0.0
0.0,0.0,-0.06714832782745361,-0.09195458889007568,-0.16389280557632446,-0.11713916063308716,-0.23215609788894653,-0.07955265045166016,-0.2680625915527344,-0.013691604137420654,-0.17259395122528076,-0.12611353397369385,-0.29590141773223877,-0.1487058401107788,-0.36300575733184814,-0.15863880515098572,-0.41801685094833374,-0.16696399450302124,-0.16096079349517822,-0.03952300548553467,-0.29961270093917847,0.012272775173187256,-0.3742867708206177,0.038997113704681396,-0.4285612106323242,0.06248736381530762,-0.14810925722122192,0.0446399450302124,-0.26375705003738403,0.07063686847686768,-0.24223452806472778,0.04192376136779785,-0.20737212896347046,0.028694331645965576,-0.13744324445724487,0.11501377820968628,-0.23130357265472412,0.11478936672210693,-0.2118052840232849,0.0897412896156311,-0.18017464876174927,0.07947742938995361,0.0,0.0,0.0,0.0,0.0,0.0,0.0,0.0,0.0,0.0,0.0,0.0,0.0,0.0,0.0,0.0,0.0,0.0,0.0,0.0,0.0,0.0,0.0,0.0,0.0,0.0,0.0,0.0,0.0,0.0,0.0,0.0,0.0,0.0,0.0,0.0,0.0,0.0,0.0,0.0,0.0,0.0
0.0,0.0,-0.06673437356948853,-0.09125170111656189,-0.16271746158599854,-0.11687183380126953,-0.23098111152648926,-0.08072495460510254,-0.26808232069015503,-0.016132652759552002,-0.17256301641464233,-0.12729206681251526,-0.2963099479675293,-0.14863723516464233,-0.3631588816642761,-0.1578025221824646,-0.41804373264312744,-0.16524261236190796,-0.1606680154800415,-0.04115396738052368,-0.2992214560508728,0.01160883903503418,-0.37445420026779175,0.0397266149520874,-0.42920517921447754,0.06440603733062744,-0.14775246381759644,0.0432126522064209,-0.26258385181427,0.07080912590026855,-0.24077296257019043,0.04307740926742554,-0.20590990781784058,0.03014838695526123,-0.13704407215118408,0.11395823955535889,-0.23060822486877441,0.11496901512145996,-0.21084117889404297,0.09082931280136108,-0.17921632528305054,0.0806460976600647,0.0,0.0,0.0,0.0,0.0,0.0,0.0,0.0,0.0,0.0,0.0,0.0,0.0,0.0,0.0,0.0,0.0,0.0,0.0,0.0,0.0,0.0,0.0,0.0,0.0,0.0,0.0,0.0,0.0,0.0,0.0,0.0,0.0,0.0,0.0,0.0,0.0,0.0,0.0,0.0,0.0,0.0
0.0,0.0,-0.0665845274925232,-0.09048879146575928,-0.16336464881896973,-0.11592787504196167,-0.23235350847244263,-0.07890012860298157,-0.2692183256149292,-0.013659834861755371,-0.17373257875442505,-0.12707650661468506,-0.2975004315376282,-0.1483163833618164,-0.3649035096168518,-0.15732678771018982,-0.41984856128692627,-0.1647326946258545,-0.16153329610824585,-0.041826844215393066,-0.30016791820526123,0.01208508014678955,-0.37486064434051514,0.03959190845489502,-0.42934650182724,0.06310361623764038,-0.14819222688674927,0.04205894470214844,-0.263555109500885,0.07077997922897339,-0.2422289252281189,0.0422702431678772,-0.20797419548034668,0.028528213500976562,-0.13702881336212158,0.11324220895767212,-0.2307361364364624,0.11426037549972534,-0.21116960048675537,0.08932638168334961,-0.18008029460906982,0.0783650279045105,0.0,0.0,0.0,0.0,0.0,0.0,0.0,0.0,0.0,0.0,0.0,0.0,0.0,0.0,0.0,0.0,0.0,0.0,0.0,0.0,0.0,0.0,0.0,0.0,0.0,0.0,0.0,0.0,0.0,0.0,0.0,0.0,0.0,0.0,0.0,0.0,0.0,0.0,0.0,0.0,0.0,0.0
0.0,0.0,-0.0675889253616333,-0.09117048978805542,-0.1634213924407959,-0.115637868642807,-0.23072850704193115,-0.07844173908233643,-0.2672518491744995,-0.014573872089385986,-0.1755102276802063,-0.1276208460330963,-0.29886776208877563,-0.1478690207004547,-0.3659559488296509,-0.15692007541656494,-0.4207831621170044,-0.16396629810333252,-0.1628238558769226,-0.04194134473800659,-0.3021560311317444,0.013039767742156982,-0.3771706223487854,0.0404018759727478,-0.4317607283592224,0.06416916847229004,-0.14938348531723022,0.04264193773269653,-0.2663074731826782,0.07111352682113647,-0.24539732933044434,0.041898906230926514,-0.21093308925628662,0.02764153480529785,-0.1380014419555664,0.1138579249382019,-0.23219728469848633,0.11454534530639648,-0.21317750215530396,0.08864718675613403,-0.1822325587272644,0.07681846618652344,0.0,0.0,0.0,0.0,0.0,0.0,0.0,0.0,0.0,0.0,0.0,0.0,0.0,0.0,0.0,0.0,0.0,0.0,0.0,0.0,0.0,0.0,0.0,0.0,0.0,0.0,0.0,0.0,0.0,0.0,0.0,0.0,0.0,0.0,0.0,0.0,0.0,0.0,0.0,0.0,0.0,0.0
0.0,0.0,-0.06763952970504761,-0.09071516990661621,-0.16233688592910767,-0.114102303981781,-0.22962182760238647,-0.07614880800247192,-0.265720009803772,-0.01132822036743164,-0.1771247386932373,-0.126742422580719,-0.30078113079071045,-0.14588573575019836,-0.3687891364097595,-0.1528320610523224,-0.42429041862487793,-0.15824326872825623,-0.16543787717819214,-0.040865957736968994,-0.30422067642211914,0.0155106782913208,-0.37934911251068115,0.04318290948867798,-0.4341217279434204,0.06583166122436523,-0.15215861797332764,0.043990373611450195,-0.2673094868659973,0.0742950439453125,-0.24456876516342163,0.04843878746032715,-0.20974987745285034,0.03557002544403076,-0.14043909311294556,0.1153714656829834,-0.23262155055999756,0.11900663375854492,-0.2115761637687683,0.09661149978637695,-0.17977946996688843,0.08606612682342529,0.0,0.0,0.0,0.0,0.0,0.0,0.0,0.0,0.0,0.0,0.0,0.0,0.0,0.0,0.0,0.0,0.0,0.0,0.0,0.0,0.0,0.0,0.0,0.0,0.0,0.0,0.0,0.0,0.0,0.0,0.0,0.0,0.0,0.0,0.0,0.0,0.0,0.0,0.0,0.0,0.0,0.0
0.0,0.0,-0.06756412982940674,-0.09246397018432617,-0.16485583782196045,-0.11497724056243896,-0.23436421155929565,-0.07599219679832458,-0.26970672607421875,-0.010421156883239746,-0.17512542009353638,-0.1271091103553772,-0.3001469373703003,-0.14475953578948975,-0.36758583784103394,-0.1519317626953125,-0.4226379990577698,-0.15858781337738037,-0.16504985094070435,-0.039027631282806396,-0.30334657430648804,0.015362203121185303,-0.3783682584762573,0.042070209980010986,-0.4331873655319214,0.06432801485061646,-0.1527732014656067,0.046137988567352295,-0.2665327787399292,0.07047432661056519,-0.24366748332977295,0.0427088737487793,-0.2086803913116455,0.03070777654647827,-0.14236080646514893,0.11643707752227783,-0.23452389240264893,0.11359018087387085,-0.21453475952148438,0.08887934684753418,-0.18309736251831055,0.07949429750442505,0.0,0.0,0.0,0.0,0.0,0.0,0.0,0.0,0.0,0.0,0.0,0.0,0.0,0.0,0.0,0.0,0.0,0.0,0.0,0.0,0.0,0.0,0.0,0.0,0.0,0.0,0.0,0.0,0.0,0.0,0.0,0.0,0.0,0.0,0.0,0.0,0.0,0.0,0.0,0.0,0.0,0.0
0.0,0.0,-0.06786495447158813,-0.09337660670280457,-0.16463690996170044,-0.11664772033691406,-0.23454594612121582,-0.07818317413330078,-0.27060335874557495,-0.012925863265991211,-0.17344415187835693,-0.12781354784965515,-0.2982238531112671,-0.14545661211013794,-0.3653396964073181,-0.15310323238372803,-0.4207029938697815,-0.1603381633758545,-0.1633923053741455,-0.03930521011352539,-0.30073249340057373,0.01463228464126587,-0.3757244348526001,0.04192405939102173,-0.4305003881454468,0.06461817026138306,-0.1516629457473755,0.04567229747772217,-0.2653283476829529,0.06976830959320068,-0.243178129196167,0.04181736707687378,-0.20832037925720215,0.02905172109603882,-0.14202094078063965,0.11504417657852173,-0.23333942890167236,0.11351293325424194,-0.21393853425979614,0.08903646469116211,-0.18300294876098633,0.07880550622940063,0.0,0.0,0.0,0.0,0.0,0.0,0.0,0.0,0.0,0.0,0.0,0.0,0.0,0.0,0.0,0.0,0.0,0.0,0.0,0.0,0.0,0.0,0.0,0.0,0.0,0.0,0.0,0.0,0.0,0.0,0.0,0.0,0.0,0.0,0.0,0.0,0.0,0.0,0.0,0.0,0.0,0.0
0.0,0.0,-0.06773543357849121,-0.09345346689224243,-0.16565090417861938,-0.11737585067749023,-0.2369341254234314,-0.07908138632774353,-0.2740762233734131,-0.014370441436767578,-0.17321962118148804,-0.12630468606948853,-0.29653477668762207,-0.14478445053100586,-0.363528311252594,-0.15290069580078125,-0.41884511709213257,-0.16010266542434692,-0.16287344694137573,-0.03824281692504883,-0.2999730110168457,0.015505194664001465,-0.3755216598510742,0.04206109046936035,-0.4308062791824341,0.0648794174194336,-0.15081119537353516,0.0465087890625,-0.2649979591369629,0.07092732191085815,-0.24328148365020752,0.0418362021446228,-0.2083553671836853,0.028811931610107422,-0.14091461896896362,0.11606568098068237,-0.23315966129302979,0.11450004577636719,-0.21438777446746826,0.08907395601272583,-0.18362170457839966,0.07873207330703735,0.0,0.0,0.0,0.0,0.0,0.0,0.0,0.0,0.0,0.0,0.0,0.0,0.0,0.0,0.0,0.0,0.0,0.0,0.0,0.0,0.0,0.0,0.0,0.0,0.0,0.0,0.0,0.0,0.0,0.0,0.0,0.0,0.0,0.0,0.0,0.0,0.0,0.0,0.0,0.0,0.0,0.0
0.0,0.0,-0.06700009107589722,-0.09265020489692688,-0.16498780250549316,-0.11678704619407654,-0.23613476753234863,-0.0796968936920166,-0.2740288972854614,-0.01571732759475708,-0.17203563451766968,-0.12413007020950317,-0.29652857780456543,-0.14494198560714722,-0.36377811431884766,-0.15260502696037292,-0.41882985830307007,-0.1605171263217926,-0.1619839072227478,-0.035354018211364746,-0.29863065481185913,0.017011404037475586,-0.37433743476867676,0.042743802070617676,-0.4297522306442261,0.0636892318725586,-0.15018075704574585,0.04866671562194824,-0.2618057131767273,0.07063186168670654,-0.2398134469985962,0.04207867383956909,-0.20512276887893677,0.029556751251220703,-0.1404241919517517,0.11702662706375122,-0.23060142993927002,0.11340385675430298,-0.21183806657791138,0.088168203830719,-0.1813620924949646,0.0781792402267456,0.0,0.0,0.0,0.0,0.0,0.0,0.0,0.0,0.0,0.0,0.0,0.0,0.0,0.0,0.0,0.0,0.0,0.0,0.0,0.0,0.0,0.0,0.0,0.0,0.0,0.0,0.0,0.0,0.0,0.0,0.0,0.0,0.0,0.0,0.0,0.0,0.0,0.0,0.0,0.0,0.0,0.0
0.0,0.0,-0.06718707084655762,-0.09069329500198364,-0.16469323635101318,-0.11432433128356934,-0.23537808656692505,-0.07825896143913269,-0.2736530303955078,-0.016037166118621826,-0.17423909902572632,-0.12369716167449951,-0.29787105321884155,-0.141964852809906,-0.364704966545105,-0.1496574878692627,-0.4195207357406616,-0.1572096347808838,-0.1638219952583313,-0.03547334671020508,-0.3004440665245056,0.01936739683151245,-0.37485289573669434,0.04578667879104614,-0.42919474840164185,0.0669218897819519,-0.15143775939941406,0.048940837383270264,-0.2627885341644287,0.07331240177154541,-0.2397099733352661,0.04571491479873657,-0.20462310314178467,0.03334325551986694,-0.1405838131904602,0.11809778213500977,-0.23044484853744507,0.11636900901794434,-0.21011972427368164,0.09240806102752686,-0.17906898260116577,0.08255749940872192,0.0,0.0,0.0,0.0,0.0,0.0,0.0,0.0,0.0,0.0,0.0,0.0,0.0,0.0,0.0,0.0,0.0,0.0,0.0,0.0,0.0,0.0,0.0,0.0,0.0,0.0,0.0,0.0,0.0,0.0,0.0,0.0,0.0,0.0,0.0,0.0,0.0,0.0,0.0,0.0,0.0,0.0
0.0,0.0,-0.0661081075668335,-0.09136155247688293,-0.1615825891494751,-0.11267784237861633,-0.22992348670959473,-0.07387849688529968,-0.26548051834106445,-0.009634792804718018,-0.1757764220237732,-0.12264460325241089,-0.29965847730636597,-0.14141368865966797,-0.36679840087890625,-0.14779072999954224,-0.42125093936920166,-0.15365886688232422,-0.16688591241836548,-0.034727275371551514,-0.30202221870422363,0.018627524375915527,-0.37606650590896606,0.04585862159729004,-0.43035024404525757,0.06798148155212402,-0.15480709075927734,0.049305737018585205,-0.2632136940956116,0.0735243558883667,-0.24089574813842773,0.04627394676208496,-0.20674431324005127,0.034068942070007324,-0.14338910579681396,0.11830472946166992,-0.23148739337921143,0.1162230372428894,-0.21171271800994873,0.0923774242401123,-0.18122655153274536,0.08238017559051514,0.0,0.0,0.0,0.0,0.0,0.0,0.0,0.0,0.0,0.0,0.0,0.0,0.0,0.0,0.0,0.0,0.0,0.0,0.0,0.0,0.0,0.0,0.0,0.0,0.0,0.0,0.0,0.0,0.0,0.0,0.0,0.0,0.0,0.0,0.0,0.0,0.0,0.0,0.0,0.0,0.0,0.0
0.0,0.0,-0.06756097078323364,-0.09134691953659058,-0.1646130084991455,-0.110197514295578,-0.23205173015594482,-0.06690829992294312,-0.2653312683105469,-0.001356363296508789,-0.1796562671661377,-0.11528366804122925,-0.3032885193824768,-0.13265734910964966,-0.3704473376274109,-0.1393173635005951,-0.4244804382324219,-0.14667564630508423,-0.1722131371498108,-0.025376439094543457,-0.30209821462631226,0.023454010486602783,-0.3745989203453064,0.04957395792007446,-0.4275827407836914,0.06952446699142456,-0.16098809242248535,0.05819755792617798,-0.2630772590637207,0.0743030309677124,-0.23862886428833008,0.049025535583496094,-0.2046135663986206,0.0388912558555603,-0.1491909623146057,0.12553197145462036,-0.23277145624160767,0.11676031351089478,-0.21053993701934814,0.09458553791046143,-0.17972904443740845,0.08633875846862793,0.0,0.0,0.0,0.0,0.0,0.0,0.0,0.0,0.0,0.0,0.0,0.0,0.0,0.0,0.0,0.0,0.0,0.0,0.0,0.0,0.0,0.0,0.0,0.0,0.0,0.0,0.0,0.0,0.0,0.0,0.0,0.0,0.0,0.0,0.0,0.0,0.0,0.0,0.0,0.0,0.0,0.0
0.0,0.0,-0.06694108247756958,-0.09016978740692139,-0.16379761695861816,-0.10939759016036987,-0.23265159130096436,-0.0709189772605896,-0.2682676315307617,-0.007513463497161865,-0.17605948448181152,-0.11391159892082214,-0.30111169815063477,-0.13228607177734375,-0.3676319122314453,-0.13944679498672485,-0.42077910900115967,-0.14555519819259644,-0.1681358814239502,-0.023511409759521484,-0.3011482357978821,0.02364879846572876,-0.37513166666030884,0.05030900239944458,-0.4283078908920288,0.0736265778541565,-0.1569753885269165,0.06028932332992554,-0.261446475982666,0.07536935806274414,-0.23749488592147827,0.04784184694290161,-0.20282286405563354,0.037107110023498535,-0.1462332010269165,0.1260688304901123,-0.23040711879730225,0.11610817909240723,-0.21011728048324585,0.09189492464065552,-0.18017011880874634,0.08344942331314087,0.0,0.0,0.0,0.0,0.0,0.0,0.0,0.0,0.0,0.0,0.0,0.0,0.0,0.0,0.0,0.0,0.0,0.0,0.0,0.0,0.0,0.0,0.0,0.0,0.0,0.0,0.0,0.0,0.0,0.0,0.0,0.0,0.0,0.0,0.0,0.0,0.0,0.0,0.0,0.0,0.0,0.0
0.0,0.0,-0.06652939319610596,-0.0912964940071106,-0.16248393058776855,-0.11160284280776978,-0.230901837348938,-0.07413578033447266,-0.2650868892669678,-0.010978519916534424,-0.17591804265975952,-0.11560246348381042,-0.29956501722335815,-0.13315075635910034,-0.365980863571167,-0.14207211136817932,-0.41942715644836426,-0.14995139837265015,-0.16990512609481812,-0.024688005447387695,-0.30238765478134155,0.019078552722930908,-0.3778477907180786,0.04428887367248535,-0.43198275566101074,0.06735271215438843,-0.1594933271408081,0.05929464101791382,-0.2602357864379883,0.07184189558029175,-0.23684871196746826,0.04476851224899292,-0.20260679721832275,0.034873008728027344,-0.1483709216117859,0.12544894218444824,-0.23013901710510254,0.11404722929000854,-0.20982986688613892,0.0906112790107727,-0.17967790365219116,0.08303123712539673,0.0,0.0,0.0,0.0,0.0,0.0,0.0,0.0,0.0,0.0,0.0,0.0,0.0,0.0,0.0,0.0,0.0,0.0,0.0,0.0,0.0,0.0,0.0,0.0,0.0,0.0,0.0,0.0,0.0,0.0,0.0,0.0,0.0,0.0,0.0,0.0,0.0,0.0,0.0,0.0,0.0,0.0
0.0,0.0,-0.06505370140075684,-0.09234333038330078,-0.16116350889205933,-0.11432766914367676,-0.2311333417892456,-0.07774129509925842,-0.2667745351791382,-0.01614934206008911,-0.17414289712905884,-0.11996018886566162,-0.2975166440010071,-0.13780859112739563,-0.36380690336227417,-0.1472955346107483,-0.41721272468566895,-0.15537965297698975,-0.16845422983169556,-0.02937924861907959,-0.3011624813079834,0.0132407546043396,-0.37647926807403564,0.0372738242149353,-0.43081021308898926,0.05988520383834839,-0.1584722399711609,0.05449897050857544,-0.26042020320892334,0.06660491228103638,-0.2374137043952942,0.03899282217025757,-0.2033270001411438,0.02915477752685547,-0.1478760838508606,0.12087899446487427,-0.23082834482192993,0.10825777053833008,-0.21106410026550293,0.08426731824874878,-0.1810021996498108,0.0769650936126709,0.0,0.0,0.0,0.0,0.0,0.0,0.0,0.0,0.0,0.0,0.0,0.0,0.0,0.0,0.0,0.0,0.0,0.0,0.0,0.0,0.0,0.0,0.0,0.0,0.0,0.0,0.0,0.0,0.0,0.0,0.0,0.0,0.0,0.0,0.0,0.0,0.0,0.0,0.0,0.0,0.0,0.0
0.0,0.0,-0.06424367427825928,-0.09394007921218872,-0.16080302000045776,-0.11611807346343994,-0.23010367155075073,-0.07914590835571289,-0.2648047208786011,-0.01693934202194214,-0.1746121048927307,-0.12172240018844604,-0.2980058193206787,-0.1438048779964447,-0.36463063955307007,-0.15432208776474,-0.41806304454803467,-0.16324955224990845,-0.170573890209198,-0.0301705002784729,-0.3019602298736572,0.008749723434448242,-0.37656617164611816,0.03038787841796875,-0.430550217628479,0.05099689960479736,-0.16167306900024414,0.05415511131286621,-0.2618733048439026,0.061330437660217285,-0.23827069997787476,0.033209919929504395,-0.20369553565979004,0.024271368980407715,-0.15162861347198486,0.12048971652984619,-0.23299312591552734,0.1025165319442749,-0.21243035793304443,0.07846438884735107,-0.18188071250915527,0.07221102714538574,0.0,0.0,0.0,0.0,0.0,0.0,0.0,0.0,0.0,0.0,0.0,0.0,0.0,0.0,0.0,0.0,0.0,0.0,0.0,0.0,0.0,0.0,0.0,0.0,0.0,0.0,0.0,0.0,0.0,0.0,0.0,0.0,0.0,0.0,0.0,0.0,0.0,0.0,0.0,0.0,0.0,0.0
0.0,0.0,-0.06477421522140503,-0.09415385127067566,-0.161554217338562,-0.11697876453399658,-0.2314583659172058,-0.08062624931335449,-0.26725542545318604,-0.018935859203338623,-0.1751471757888794,-0.12145763635635376,-0.2978973388671875,-0.14300984144210815,-0.3642541170120239,-0.1539236307144165,-0.4175616502761841,-0.16291895508766174,-0.17107605934143066,-0.029744625091552734,-0.3025245666503906,0.009344339370727539,-0.37674039602279663,0.030274271965026855,-0.4303467273712158,0.05045926570892334,-0.1622380018234253,0.05462914705276489,-0.26309001445770264,0.061412513256073,-0.23993414640426636,0.032729268074035645,-0.20554393529891968,0.02353358268737793,-0.15234428644180298,0.12084287405014038,-0.2339557409286499,0.10257309675216675,-0.21374589204788208,0.077994704246521,-0.18333220481872559,0.0713854432106018,0.0,0.0,0.0,0.0,0.0,0.0,0.0,0.0,0.0,0.0,0.0,0.0,0.0,0.0,0.0,0.0,0.0,0.0,0.0,0.0,0.0,0.0,0.0,0.0,0.0,0.0,0.0,0.0,0.0,0.0,0.0,0.0,0.0,0.0,0.0,0.0,0.0,0.0,0.0,0.0,0.0,0.0
0.0,0.0,-0.06408345699310303,-0.09338778257369995,-0.1603291630744934,-0.1166035532951355,-0.23028135299682617,-0.0810430645942688,-0.2654150128364563,-0.01833927631378174,-0.17443197965621948,-0.12250217795372009,-0.2970195412635803,-0.14329788088798523,-0.36299294233322144,-0.15455365180969238,-0.41624462604522705,-0.1642199158668518,-0.16958409547805786,-0.030828535556793213,-0.30124449729919434,0.008605539798736572,-0.3764142394065857,0.03074359893798828,-0.43108296394348145,0.052291154861450195,-0.16042351722717285,0.05429351329803467,-0.26208651065826416,0.0617031455039978,-0.23906058073043823,0.034006595611572266,-0.20488864183425903,0.02545344829559326,-0.150607168674469,0.12151741981506348,-0.23314142227172852,0.10293203592300415,-0.2131810188293457,0.07875025272369385,-0.1830664873123169,0.07284027338027954,0.0,0.0,0.0,0.0,0.0,0.0,0.0,0.0,0.0,0.0,0.0,0.0,0.0,0.0,0.0,0.0,0.0,0.0,0.0,0.0,0.0,0.0,0.0,0.0,0.0,0.0,0.0,0.0,0.0,0.0,0.0,0.0,0.0,0.0,0.0,0.0,0.0,0.0,0.0,0.0,0.0,0.0
0.0,0.0,-0.0637274980545044,-0.09504914283752441,-0.15782815217971802,-0.11928147077560425,-0.22565197944641113,-0.0849413275718689,-0.2591708302497864,-0.02358168363571167,-0.1765124797821045,-0.12519675493240356,-0.2966485023498535,-0.14759087562561035,-0.3619261384010315,-0.1605014204978943,-0.41447287797927856,-0.1706458032131195,-0.17294377088546753,-0.035425543785095215,-0.30157172679901123,0.0038018226623535156,-0.3737926483154297,0.0264623761177063,-0.4258655309677124,0.0479813814163208,-0.16373348236083984,0.04907584190368652,-0.260200560092926,0.05778706073760986,-0.23617130517959595,0.03160136938095093,-0.20229721069335938,0.02338111400604248,-0.15295565128326416,0.11659270524978638,-0.23001474142074585,0.09766101837158203,-0.20849329233169556,0.07512092590332031,-0.17851483821868896,0.06953483819961548,0.0,0.0,0.0,0.0,0.0,0.0,0.0,0.0,0.0,0.0,0.0,0.0,0.0,0.0,0.0,0.0,0.0,0.0,0.0,0.0,0.0,0.0,0.0,0.0,0.0,0.0,0.0,0.0,0.0,0.0,0.0,0.0,0.0,0.0,0.0,0.0,0.0,0.0,0.0,0.0,0.0,0.0
0.0,0.0,-0.06309235095977783,-0.09573408961296082,-0.15611261129379272,-0.11903634667396545,-0.22208702564239502,-0.08041268587112427,-0.2543938159942627,-0.0179293155670166,-0.17662233114242554,-0.12173834443092346,-0.29781830310821533,-0.14544492959976196,-0.36359643936157227,-0.15823107957839966,-0.41608333587646484,-0.16777485609054565,-0.17354023456573486,-0.03165435791015625,-0.3029640316963196,0.007095694541931152,-0.3746223449707031,0.029052913188934326,-0.4261350631713867,0.04962283372879028,-0.16413402557373047,0.05216699838638306,-0.2594732642173767,0.06091684103012085,-0.23526954650878906,0.034294307231903076,-0.20160192251205444,0.025183796882629395,-0.15245014429092407,0.11867088079452515,-0.2283368706703186,0.0999947190284729,-0.2069186568260193,0.07717293500900269,-0.17739808559417725,0.07133877277374268,0.0,0.0,0.0,0.0,0.0,0.0,0.0,0.0,0.0,0.0,0.0,0.0,0.0,0.0,0.0,0.0,0.0,0.0,0.0,0.0,0.0,0.0,0.0,0.0,0.0,0.0,0.0,0.0,0.0,0.0,0.0,0.0,0.0,0.0,0.0,0.0,0.0,0.0,0.0,0.0,0.0,0.0
0.0,0.0,-0.0637550950050354,-0.09679126739501953,-0.15652978420257568,-0.12067902088165283,-0.2233760952949524,-0.08541536331176758,-0.25599801540374756,-0.026529967784881592,-0.1771078109741211,-0.12439382076263428,-0.2963188886642456,-0.14893746376037598,-0.36159729957580566,-0.1632901430130005,-0.4139884114265442,-0.17413580417633057,-0.17523783445358276,-0.033452391624450684,-0.3023498058319092,-0.0011577606201171875,-0.3758479356765747,0.017713308334350586,-0.4291408061981201,0.03723776340484619,-0.16644859313964844,0.05109906196594238,-0.2594863176345825,0.051306962966918945,-0.23347395658493042,0.02614569664001465,-0.1991894245147705,0.019966483116149902,-0.15472060441970825,0.11763489246368408,-0.22770684957504272,0.09374421834945679,-0.2055509090423584,0.07237762212753296,-0.17570596933364868,0.06876814365386963,0.0,0.0,0.0,0.0,0.0,0.0,0.0,0.0,0.0,0.0,0.0,0.0,0.0,0.0,0.0,0.0,0.0,0.0,0.0,0.0,0.0,0.0,0.0,0.0,0.0,0.0,0.0,0.0,0.0,0.0,0.0,0.0,0.0,0.0,0.0,0.0,0.0,0.0,0.0,0.0,0.0,0.0
0.0,0.0,-0.06267493963241577,-0.09845244884490967,-0.1561831831932068,-0.12310373783111572,-0.22346603870391846,-0.08672690391540527,-0.25476908683776855,-0.026286184787750244,-0.17606067657470703,-0.12401142716407776,-0.29595816135406494,-0.15142786502838135,-0.361452579498291,-0.1665138304233551,-0.41369128227233887,-0.178086519241333,-0.1748272180557251,-0.033236682415008545,-0.3017352223396301,-0.0027400851249694824,-0.375230073928833,0.01596778631210327,-0.4279865622520447,0.03522008657455444,-0.16589295864105225,0.04989415407180786,-0.25644761323928833,0.04635000228881836,-0.2299407720565796,0.020667850971221924,-0.19607150554656982,0.015264391899108887,-0.15444475412368774,0.11480790376663208,-0.2261083722114563,0.0872187614440918,-0.20375972986221313,0.06596893072128296,-0.17411565780639648,0.06321632862091064,0.0,0.0,0.0,0.0,0.0,0.0,0.0,0.0,0.0,0.0,0.0,0.0,0.0,0.0,0.0,0.0,0.0,0.0,0.0,0.0,0.0,0.0,0.0,0.0,0.0,0.0,0.0,0.0,0.0,0.0,0.0,0.0,0.0,0.0,0.0,0.0,0.0,0.0,0.0,0.0,0.0,0.0
0.0,0.0,-0.061709046363830566,-0.0995154082775116,-0.15555649995803833,-0.1238085925579071,-0.2246144413948059,-0.09056723117828369,-0.25864142179489136,-0.03293967247009277,-0.1769043207168579,-0.12828078866004944,-0.2973478436470032,-0.15673363208770752,-0.36287039518356323,-0.17099305987358093,-0.41461360454559326,-0.18156462907791138,-0.17643225193023682,-0.037784039974212646,-0.3034293055534363,-0.007458150386810303,-0.3761754035949707,0.01084214448928833,-0.4284168481826782,0.029233872890472412,-0.16796821355819702,0.04508692026138306,-0.25902968645095825,0.04080808162689209,-0.23183953762054443,0.01541227102279663,-0.19788223505020142,0.01054924726486206,-0.1569138765335083,0.10928356647491455,-0.22763413190841675,0.0805659294128418,-0.20485132932662964,0.05968189239501953,-0.17526131868362427,0.057154953479766846,0.0,0.0,0.0,0.0,0.0,0.0,0.0,0.0,0.0,0.0,0.0,0.0,0.0,0.0,0.0,0.0,0.0,0.0,0.0,0.0,0.0,0.0,0.0,0.0,0.0,0.0,0.0,0.0,0.0,0.0,0.0,0.0,0.0,0.0,0.0,0.0,0.0,0.0,0.0,0.0,0.0,0.0
0.0,0.0,-0.06424510478973389,-0.09645092487335205,-0.15623599290847778,-0.11711385846138,-0.22102946043014526,-0.0798230767250061,-0.2512461543083191,-0.01994609832763672,-0.17961406707763672,-0.12393403053283691,-0.29816436767578125,-0.15158739686012268,-0.3636276125907898,-0.16705507040023804,-0.4148833155632019,-0.17823165655136108,-0.1796724796295166,-0.034343063831329346,-0.30533814430236816,-0.0033849477767944336,-0.37653839588165283,0.015245318412780762,-0.4265517592430115,0.033714115619659424,-0.1711089015007019,0.047670602798461914,-0.25562018156051636,0.045637547969818115,-0.22765058279037476,0.021744072437286377,-0.19485312700271606,0.01654195785522461,-0.1598452925682068,0.11270713806152344,-0.22437947988510132,0.08671039342880249,-0.20034360885620117,0.06852275133132935,-0.17157697677612305,0.06633532047271729,0.0,0.0,0.0,0.0,0.0,0.0,0.0,0.0,0.0,0.0,0.0,0.0,0.0,0.0,0.0,0.0,0.0,0.0,0.0,0.0,0.0,0.0,0.0,0.0,0.0,0.0,0.0,0.0,0.0,0.0,0.0,0.0,0.0,0.0,0.0,0.0,0.0,0.0,0.0,0.0,0.0,0.0
0.0,0.0,-0.06353265047073364,-0.09837257862091064,-0.15511304140090942,-0.12165859341621399,-0.2215631604194641,-0.08710896968841553,-0.25388163328170776,-0.030053555965423584,-0.18050920963287354,-0.12877440452575684,-0.2993276119232178,-0.15511909127235413,-0.36456066370010376,-0.16942739486694336,-0.41589266061782837,-0.1800415813922882,-0.1803046464920044,-0.03863227367401123,-0.3049500584602356,-0.00918567180633545,-0.3768245577812195,0.009450912475585938,-0.4284546971321106,0.027787625789642334,-0.17172086238861084,0.044142723083496094,-0.258892297744751,0.039328157901763916,-0.23164063692092896,0.015544891357421875,-0.19818955659866333,0.010851144790649414,-0.1601770520210266,0.10919308662414551,-0.22723156213760376,0.08060258626937866,-0.20436358451843262,0.06101316213607788,-0.1754435896873474,0.05848085880279541,0.0,0.0,0.0,0.0,0.0,0.0,0.0,0.0,0.0,0.0,0.0,0.0,0.0,0.0,0.0,0.0,0.0,0.0,0.0,0.0,0.0,0.0,0.0,0.0,0.0,0.0,0.0,0.0,0.0,0.0,0.0,0.0,0.0,0.0,0.0,0.0,0.0,0.0,0.0,0.0,0.0,0.0
0.0,0.0,-0.06407016515731812,-0.098255455493927,-0.15556102991104126,-0.11985248327255249,-0.22022473812103271,-0.08325791358947754,-0.25146299600601196,-0.02460157871246338,-0.18442708253860474,-0.12566423416137695,-0.30352914333343506,-0.1535082459449768,-0.3692946434020996,-0.16785645484924316,-0.42032814025878906,-0.17811325192451477,-0.18420380353927612,-0.03632915019989014,-0.3084763288497925,-0.005341529846191406,-0.37948036193847656,0.014432191848754883,-0.4294354319572449,0.03304731845855713,-0.17468053102493286,0.0453566312789917,-0.25936269760131836,0.04392951726913452,-0.23123550415039062,0.020693540573120117,-0.19817614555358887,0.014892160892486572,-0.16149145364761353,0.11007517576217651,-0.226889967918396,0.08641529083251953,-0.20345622301101685,0.06802511215209961,-0.17458879947662354,0.06458675861358643,0.0,0.0,0.0,0.0,0.0,0.0,0.0,0.0,0.0,0.0,0.0,0.0,0.0,0.0,0.0,0.0,0.0,0.0,0.0,0.0,0.0,0.0,0.0,0.0,0.0,0.0,0.0,0.0,0.0,0.0,0.0,0.0,0.0,0.0,0.0,0.0,0.0,0.0,0.0,0.0,0.0,0.0
0.0,0.0,-0.0656401515007019,-0.0982561707496643,-0.1566062569618225,-0.11891961097717285,-0.22109133005142212,-0.08185577392578125,-0.25097769498825073,-0.022733747959136963,-0.18513351678848267,-0.12418034672737122,-0.3027071952819824,-0.15046468377113342,-0.36754703521728516,-0.16546422243118286,-0.41846203804016113,-0.17623108625411987,-0.18528753519058228,-0.0339999794960022,-0.3089960217475891,-0.004515349864959717,-0.3804062008857727,0.01423877477645874,-0.4308415651321411,0.032654762268066406,-0.17605715990066528,0.048399269580841064,-0.2603573203086853,0.04466217756271362,-0.23284465074539185,0.023149728775024414,-0.19958972930908203,0.019239842891693115,-0.162878155708313,0.11349654197692871,-0.22786974906921387,0.08903992176055908,-0.204809308052063,0.07202941179275513,-0.17595696449279785,0.06953012943267822,0.0,0.0,0.0,0.0,0.0,0.0,0.0,0.0,0.0,0.0,0.0,0.0,0.0,0.0,0.0,0.0,0.0,0.0,0.0,0.0,0.0,0.0,0.0,0.0,0.0,0.0,0.0,0.0,0.0,0.0,0.0,0.0,0.0,0.0,0.0,0.0,0.0,0.0,0.0,0.0,0.0,0.0
0.0,0.0,-0.06388580799102783,-0.0977955162525177,-0.15284854173660278,-0.12065050005912781,-0.2168908715248108,-0.0855177640914917,-0.2469501495361328,-0.027941524982452393,-0.18329572677612305,-0.12476450204849243,-0.30223870277404785,-0.14956137537956238,-0.366992712020874,-0.16428786516189575,-0.41755205392837524,-0.1745084822177887,-0.18385612964630127,-0.035329222679138184,-0.30670034885406494,-0.007539331912994385,-0.37777048349380493,0.011157631874084473,-0.42779386043548584,0.030148804187774658,-0.17499160766601562,0.04715913534164429,-0.25724196434020996,0.04283946752548218,-0.23018193244934082,0.02164393663406372,-0.19732129573822021,0.01802825927734375,-0.16219574213027954,0.11234474182128906,-0.2253137230873108,0.08698272705078125,-0.2029605507850647,0.0690564513206482,-0.1746883988380432,0.06654244661331177,0.0,0.0,0.0,0.0,0.0,0.0,0.0,0.0,0.0,0.0,0.0,0.0,0.0,0.0,0.0,0.0,0.0,0.0,0.0,0.0,0.0,0.0,0.0,0.0,0.0,0.0,0.0,0.0,0.0,0.0,0.0,0.0,0.0,0.0,0.0,0.0,0.0,0.0,0.0,0.0,0.0,0.0
0.0,0.0,-0.06389021873474121,-0.09728759527206421,-0.15283942222595215,-0.11922949552536011,-0.21600687503814697,-0.08192640542984009,-0.2447158694267273,-0.02328503131866455,-0.18304353952407837,-0.12315177917480469,-0.30162513256073,-0.14815732836723328,-0.36648470163345337,-0.1633245348930359,-0.4170178174972534,-0.17415374517440796,-0.18388456106185913,-0.03458356857299805,-0.30706119537353516,-0.006012320518493652,-0.37825649976730347,0.01231992244720459,-0.4282935857772827,0.030823349952697754,-0.17491185665130615,0.04670262336730957,-0.2575993537902832,0.044858455657958984,-0.23042511940002441,0.02385765314102173,-0.1975771188735962,0.01986485719680786,-0.16173601150512695,0.11094659566879272,-0.2250378131866455,0.08866357803344727,-0.20262056589126587,0.07147037982940674,-0.17430192232131958,0.06899553537368774,0.0,0.0,0.0,0.0,0.0,0.0,0.0,0.0,0.0,0.0,0.0,0.0,0.0,0.0,0.0,0.0,0.0,0.0,0.0,0.0,0.0,0.0,0.0,0.0,0.0,0.0,0.0,0.0,0.0,0.0,0.0,0.0,0.0,0.0,0.0,0.0,0.0,0.0,0.0,0.0,0.0,0.0
0.0,0.0,-0.06328678131103516,-0.09897366166114807,-0.1534724235534668,-0.12194722890853882,-0.21860742568969727,-0.08726346492767334,-0.24871140718460083,-0.029615938663482666,-0.18387579917907715,-0.12827473878860474,-0.30232781171798706,-0.15268155932426453,-0.36704009771347046,-0.16763007640838623,-0.4176505208015442,-0.1779385805130005,-0.18521112203598022,-0.039082109928131104,-0.3082050085067749,-0.011145412921905518,-0.3791903257369995,0.007112324237823486,-0.42911022901535034,0.025729656219482422,-0.1766030192375183,0.04356837272644043,-0.25762617588043213,0.04020893573760986,-0.22977745532989502,0.019457757472991943,-0.19679003953933716,0.016226232051849365,-0.16437864303588867,0.109458327293396,-0.22631150484085083,0.08417445421218872,-0.20295917987823486,0.06722122430801392,-0.17439991235733032,0.06518024206161499,0.0,0.0,0.0,0.0,0.0,0.0,0.0,0.0,0.0,0.0,0.0,0.0,0.0,0.0,0.0,0.0,0.0,0.0,0.0,0.0,0.0,0.0,0.0,0.0,0.0,0.0,0.0,0.0,0.0,0.0,0.0,0.0,0.0,0.0,0.0,0.0,0.0,0.0,0.0,0.0,0.0,0.0
0.0,0.0,-0.06548309326171875,-0.09772363305091858,-0.15613138675689697,-0.11841008067131042,-0.21992379426956177,-0.08230459690093994,-0.25001055002212524,-0.024837136268615723,-0.18519163131713867,-0.12336012721061707,-0.30232739448547363,-0.14970991015434265,-0.36699962615966797,-0.16418054699897766,-0.4171820878982544,-0.17446058988571167,-0.1855487823486328,-0.03338015079498291,-0.30823391675949097,-0.0061280131340026855,-0.37880194187164307,0.012046098709106445,-0.42851555347442627,0.029912889003753662,-0.17641454935073853,0.04881006479263306,-0.2579841613769531,0.04497736692428589,-0.22979044914245605,0.023347556591033936,-0.19674932956695557,0.01889568567276001,-0.1633690595626831,0.1140899658203125,-0.22504234313964844,0.08985865116119385,-0.20197457075119019,0.07253336906433105,-0.17382901906967163,0.06954461336135864,0.0,0.0,0.0,0.0,0.0,0.0,0.0,0.0,0.0,0.0,0.0,0.0,0.0,0.0,0.0,0.0,0.0,0.0,0.0,0.0,0.0,0.0,0.0,0.0,0.0,0.0,0.0,0.0,0.0,0.0,0.0,0.0,0.0,0.0,0.0,0.0,0.0,0.0,0.0,0.0,0.0,0.0
0.0,0.0,-0.06238865852355957,-0.1009606420993805,-0.1517859697341919,-0.12607961893081665,-0.21699732542037964,-0.09178102016448975,-0.24776160717010498,-0.03454357385635376,-0.18413841724395752,-0.13235816359519958,-0.30251187086105347,-0.15628039836883545,-0.36695408821105957,-0.17019116878509521,-0.4173319935798645,-0.17949676513671875,-0.18547040224075317,-0.04262787103652954,-0.306854248046875,-0.015298128128051758,-0.3778979182243347,0.0039017200469970703,-0.4278416037559509,0.023103415966033936,-0.1771143674850464,0.04019522666931152,-0.2564595341682434,0.03511899709701538,-0.228502094745636,0.015216529369354248,-0.19587242603302002,0.012554407119750977,-0.16569644212722778,0.1063428521156311,-0.22644484043121338,0.0802755355834961,-0.20283561944961548,0.06407374143600464,-0.17445307970046997,0.06224089860916138,0.0,0.0,0.0,0.0,0.0,0.0,0.0,0.0,0.0,0.0,0.0,0.0,0.0,0.0,0.0,0.0,0.0,0.0,0.0,0.0,0.0,0.0,0.0,0.0,0.0,0.0,0.0,0.0,0.0,0.0,0.0,0.0,0.0,0.0,0.0,0.0,0.0,0.0,0.0,0.0,0.0,0.0
0.0,0.0,-0.06506150960922241,-0.09979021549224854,-0.1537085771560669,-0.11998963356018066,-0.21603965759277344,-0.08494579792022705,-0.24634218215942383,-0.02785128355026245,-0.1843377947807312,-0.12549322843551636,-0.30242443084716797,-0.14980298280715942,-0.3672351837158203,-0.16177886724472046,-0.4174031615257263,-0.16876059770584106,-0.18532061576843262,-0.035459041595458984,-0.30904507637023926,-0.006410717964172363,-0.3777850866317749,0.011974215507507324,-0.4253280758857727,0.02889770269393921,-0.1767587661743164,0.04653191566467285,-0.2562800645828247,0.04284656047821045,-0.22739237546920776,0.02034813165664673,-0.1947593092918396,0.014801979064941406,-0.1646420955657959,0.11165136098861694,-0.22409284114837646,0.0877225399017334,-0.20015573501586914,0.07008427381515503,-0.17205166816711426,0.06626015901565552,0.0,0.0,0.0,0.0,0.0,0.0,0.0,0.0,0.0,0.0,0.0,0.0,0.0,0.0,0.0,0.0,0.0,0.0,0.0,0.0,0.0,0.0,0.0,0.0,0.0,0.0,0.0,0.0,0.0,0.0,0.0,0.0,0.0,0.0,0.0,0.0,0.0,0.0,0.0,0.0,0.0,0.0
0.0,0.0,-0.0643157958984375,-0.09677115082740784,-0.15331631898880005,-0.11740946769714355,-0.21601873636245728,-0.08130788803100586,-0.24451321363449097,-0.022247314453125,-0.18333393335342407,-0.12248480319976807,-0.3017466068267822,-0.1457916498184204,-0.36631226539611816,-0.15933412313461304,-0.41692763566970825,-0.1688717007637024,-0.18376624584197998,-0.03209596872329712,-0.3060300946235657,-0.00443035364151001,-0.37659770250320435,0.01478511095046997,-0.42597121000289917,0.03354531526565552,-0.17465204000473022,0.05053991079330444,-0.25502997636795044,0.046357929706573486,-0.22685855627059937,0.026101529598236084,-0.1940285563468933,0.02250880002975464,-0.16186869144439697,0.11627393960952759,-0.22359073162078857,0.0919068455696106,-0.19968855381011963,0.07612645626068115,-0.1711655855178833,0.07428950071334839,0.0,0.0,0.0,0.0,0.0,0.0,0.0,0.0,0.0,0.0,0.0,0.0,0.0,0.0,0.0,0.0,0.0,0.0,0.0,0.0,0.0,0.0,0.0,0.0,0.0,0.0,0.0,0.0,0.0,0.0,0.0,0.0,0.0,0.0,0.0,0.0,0.0,0.0,0.0,0.0,0.0,0.0
0.0,0.0,-0.06320548057556152,-0.0984412431716919,-0.15149343013763428,-0.12023431062698364,-0.2138127088546753,-0.08366125822067261,-0.24055451154708862,-0.023714661598205566,-0.18271493911743164,-0.12536045908927917,-0.30025583505630493,-0.1493622064590454,-0.36487168073654175,-0.16213244199752808,-0.41557031869888306,-0.1703575849533081,-0.18393158912658691,-0.03540623188018799,-0.30562055110931396,-0.00893324613571167,-0.3763982653617859,0.01028209924697876,-0.42646461725234985,0.029409945011138916,-0.17548120021820068,0.046927034854888916,-0.2535003423690796,0.042527735233306885,-0.22593826055526733,0.02249675989151001,-0.19362729787826538,0.01942545175552368,-0.16335809230804443,0.11237645149230957,-0.22297191619873047,0.0864037275314331,-0.19940316677093506,0.07057058811187744,-0.17115020751953125,0.06874269247055054,0.0,0.0,0.0,0.0,0.0,0.0,0.0,0.0,0.0,0.0,0.0,0.0,0.0,0.0,0.0,0.0,0.0,0.0,0.0,0.0,0.0,0.0,0.0,0.0,0.0,0.0,0.0,0.0,0.0,0.0,0.0,0.0,0.0,0.0,0.0,0.0,0.0,0.0,0.0,0.0,0.0,0.0
0.0,0.0,-0.06372636556625366,-0.09844249486923218,-0.15258890390396118,-0.12016582489013672,-0.21542781591415405,-0.08197635412216187,-0.24289625883102417,-0.02198636531829834,-0.18336915969848633,-0.12574753165245056,-0.3022880554199219,-0.149428129196167,-0.3670153021812439,-0.1626267433166504,-0.4176051616668701,-0.17138969898223877,-0.1844264268875122,-0.03484910726547241,-0.3066367506980896,-0.007645547389984131,-0.37634724378585815,0.011786699295043945,-0.4246708154678345,0.03091031312942505,-0.17569255828857422,0.047501444816589355,-0.25402355194091797,0.04253876209259033,-0.22582727670669556,0.021363377571105957,-0.19327056407928467,0.017486751079559326,-0.16345226764678955,0.11292558908462524,-0.22267144918441772,0.086570143699646,-0.1986941695213318,0.07046854496002197,-0.17082655429840088,0.0685986876487732,0.0,0.0,0.0,0.0,0.0,0.0,0.0,0.0,0.0,0.0,0.0,0.0,0.0,0.0,0.0,0.0,0.0,0.0,0.0,0.0,0.0,0.0,0.0,0.0,0.0,0.0,0.0,0.0,0.0,0.0,0.0,0.0,0.0,0.0,0.0,0.0,0.0,0.0,0.0,0.0,0.0,0.0
0.0,0.0,-0.06481754779815674,-0.09672313928604126,-0.1538165807723999,-0.11629551649093628,-0.2159983515739441,-0.07861799001693726,-0.24378925561904907,-0.019138813018798828,-0.18465399742126465,-0.12376287579536438,-0.30268949270248413,-0.14534029364585876,-0.36738693714141846,-0.1584106981754303,-0.4180229902267456,-0.16761890053749084,-0.18543118238449097,-0.03377300500869751,-0.3076944351196289,-0.0048941969871521,-0.3779236078262329,0.014621615409851074,-0.42697441577911377,0.03340882062911987,-0.17643433809280396,0.04848754405975342,-0.25633227825164795,0.04686903953552246,-0.22878843545913696,0.026357710361480713,-0.1960962414741516,0.022204995155334473,-0.16349828243255615,0.11433804035186768,-0.22462093830108643,0.09146487712860107,-0.20081710815429688,0.07572972774505615,-0.17229074239730835,0.07317739725112915,0.0,0.0,0.0,0.0,0.0,0.0,0.0,0.0,0.0,0.0,0.0,0.0,0.0,0.0,0.0,0.0,0.0,0.0,0.0,0.0,0.0,0.0,0.0,0.0,0.0,0.0,0.0,0.0,0.0,0.0,0.0,0.0,0.0,0.0,0.0,0.0,0.0,0.0,0.0,0.0,0.0,0.0
0.0,0.0,-0.06544983386993408,-0.09816831350326538,-0.15483886003494263,-0.11833608150482178,-0.21705389022827148,-0.0805101990699768,-0.24425464868545532,-0.02090132236480713,-0.18683582544326782,-0.12655428051948547,-0.3052082061767578,-0.14829257130622864,-0.3699547052383423,-0.16143417358398438,-0.4207841157913208,-0.17038559913635254,-0.1878567337989807,-0.03591203689575195,-0.3083338737487793,-0.009407758712768555,-0.3784555196762085,0.009749770164489746,-0.4276427626609802,0.028637707233428955,-0.17886126041412354,0.047289133071899414,-0.2555370330810547,0.042734742164611816,-0.22728413343429565,0.02277064323425293,-0.1950821876525879,0.020005464553833008,-0.16684865951538086,0.113872230052948,-0.22617381811141968,0.08731955289840698,-0.20185726881027222,0.07170760631561279,-0.1736677885055542,0.06993383169174194,0.0,0.0,0.0,0.0,0.0,0.0,0.0,0.0,0.0,0.0,0.0,0.0,0.0,0.0,0.0,0.0,0.0,0.0,0.0,0.0,0.0,0.0,0.0,0.0,0.0,0.0,0.0,0.0,0.0,0.0,0.0,0.0,0.0,0.0,0.0,0.0,0.0,0.0,0.0,0.0,0.0,0.0
0.0,0.0,-0.0663597583770752,-0.09642472863197327,-0.15584009885787964,-0.11538532376289368,-0.21780669689178467,-0.07790964841842651,-0.24508321285247803,-0.017825841903686523,-0.1865696907043457,-0.12180501222610474,-0.3045663833618164,-0.14334654808044434,-0.3691291809082031,-0.15641909837722778,-0.41974687576293945,-0.16552245616912842,-0.18717730045318604,-0.03075462579727173,-0.3082100749015808,-0.0031478404998779297,-0.3785722851753235,0.015959203243255615,-0.4274860620498657,0.03453916311264038,-0.17816215753555298,0.05208277702331543,-0.2562187910079956,0.04678148031234741,-0.22843647003173828,0.026292085647583008,-0.19602572917938232,0.022606611251831055,-0.16589194536209106,0.11773836612701416,-0.2254652976989746,0.09202319383621216,-0.20173203945159912,0.07602876424789429,-0.17350679636001587,0.07391774654388428,0.0,0.0,0.0,0.0,0.0,0.0,0.0,0.0,0.0,0.0,0.0,0.0,0.0,0.0,0.0,0.0,0.0,0.0,0.0,0.0,0.0,0.0,0.0,0.0,0.0,0.0,0.0,0.0,0.0,0.0,0.0,0.0,0.0,0.0,0.0,0.0,0.0,0.0,0.0,0.0,0.0,0.0
0.0,0.0,-0.06697499752044678,-0.0940839946269989,-0.1557023525238037,-0.11359459161758423,-0.2160683274269104,-0.07373517751693726,-0.24065637588500977,-0.011768996715545654,-0.18633705377578735,-0.11834174394607544,-0.30261170864105225,-0.1396811604499817,-0.3667118549346924,-0.15137237310409546,-0.41671353578567505,-0.1585415005683899,-0.18569254875183105,-0.028284192085266113,-0.30531471967697144,-0.0023452043533325195,-0.376146137714386,0.018057644367218018,-0.4259854555130005,0.038470566272735596,-0.17584013938903809,0.054496824741363525,-0.25006794929504395,0.052466392517089844,-0.22232747077941895,0.032319605350494385,-0.1905938982963562,0.027728497982025146,-0.1633678674697876,0.1217154860496521,-0.2234293818473816,0.09874141216278076,-0.19909614324569702,0.08284366130828857,-0.17061656713485718,0.0801999568939209,0.0,0.0,0.0,0.0,0.0,0.0,0.0,0.0,0.0,0.0,0.0,0.0,0.0,0.0,0.0,0.0,0.0,0.0,0.0,0.0,0.0,0.0,0.0,0.0,0.0,0.0,0.0,0.0,0.0,0.0,0.0,0.0,0.0,0.0,0.0,0.0,0.0,0.0,0.0,0.0,0.0,0.0
0.0,0.0,-0.06601959466934204,-0.0943867564201355,-0.15492886304855347,-0.11491534113883972,-0.21548277139663696,-0.07489955425262451,-0.24012339115142822,-0.012889742851257324,-0.18554800748825073,-0.12026122212409973,-0.30162882804870605,-0.1436261236667633,-0.36584019660949707,-0.1563713550567627,-0.4150781035423279,-0.16448599100112915,-0.18531495332717896,-0.030666828155517578,-0.3049570322036743,-0.005396842956542969,-0.37562066316604614,0.014238715171813965,-0.4248241186141968,0.03423309326171875,-0.17592763900756836,0.0519067645072937,-0.2505227327346802,0.04914337396621704,-0.22256016731262207,0.029458284378051758,-0.19049358367919922,0.025526821613311768,-0.16373080015182495,0.11850148439407349,-0.22256040573120117,0.09563130140304565,-0.19858992099761963,0.07978653907775879,-0.170748770236969,0.0777319073677063,0.0,0.0,0.0,0.0,0.0,0.0,0.0,0.0,0.0,0.0,0.0,0.0,0.0,0.0,0.0,0.0,0.0,0.0,0.0,0.0,0.0,0.0,0.0,0.0,0.0,0.0,0.0,0.0,0.0,0.0,0.0,0.0,0.0,0.0,0.0,0.0,0.0,0.0,0.0,0.0,0.0,0.0
0.0,0.0,-0.06515872478485107,-0.09500762820243835,-0.153864324092865,-0.11532127857208252,-0.21461546421051025,-0.07447242736816406,-0.23949331045150757,-0.012461304664611816,-0.18543070554733276,-0.11803710460662842,-0.3014291524887085,-0.141792893409729,-0.3659895062446594,-0.15430164337158203,-0.4157106876373291,-0.1616237759590149,-0.18516147136688232,-0.02895420789718628,-0.3047810196876526,-0.003985702991485596,-0.3762109875679016,0.01535719633102417,-0.4262726902961731,0.03618341684341431,-0.17571169137954712,0.05317652225494385,-0.2513333559036255,0.050650954246520996,-0.22464615106582642,0.029727637767791748,-0.19316309690475464,0.025436222553253174,-0.16344696283340454,0.11976242065429688,-0.22471106052398682,0.09638303518295288,-0.2013506293296814,0.07965832948684692,-0.173162579536438,0.07728028297424316,0.0,0.0,0.0,0.0,0.0,0.0,0.0,0.0,0.0,0.0,0.0,0.0,0.0,0.0,0.0,0.0,0.0,0.0,0.0,0.0,0.0,0.0,0.0,0.0,0.0,0.0,0.0,0.0,0.0,0.0,0.0,0.0,0.0,0.0,0.0,0.0,0.0,0.0,0.0,0.0,0.0,0.0
0.0,0.0,-0.06524759531021118,-0.09433352947235107,-0.15414440631866455,-0.11438632011413574,-0.21575629711151123,-0.07294803857803345,-0.24146229028701782,-0.01132434606552124,-0.18502122163772583,-0.11827945709228516,-0.30031323432922363,-0.14107674360275269,-0.3648425340652466,-0.15373367071151733,-0.4147040843963623,-0.16094031929969788,-0.18476176261901855,-0.029609322547912598,-0.3052048683166504,-0.002958834171295166,-0.3771076202392578,0.01764845848083496,-0.42777031660079956,0.0393713116645813,-0.17502093315124512,0.05263817310333252,-0.2509208917617798,0.05219066143035889,-0.2231956124305725,0.03299504518508911,-0.1911718249320984,0.02953493595123291,-0.16243761777877808,0.11938440799713135,-0.2239372730255127,0.09986352920532227,-0.19983357191085815,0.08442068099975586,-0.1715017557144165,0.08218711614608765,0.0,0.0,0.0,0.0,0.0,0.0,0.0,0.0,0.0,0.0,0.0,0.0,0.0,0.0,0.0,0.0,0.0,0.0,0.0,0.0,0.0,0.0,0.0,0.0,0.0,0.0,0.0,0.0,0.0,0.0,0.0,0.0,0.0,0.0,0.0,0.0,0.0,0.0,0.0,0.0,0.0,0.0
0.0,0.0,-0.06547689437866211,-0.0918920636177063,-0.15380120277404785,-0.11067572236061096,-0.21554827690124512,-0.06983697414398193,-0.24152040481567383,-0.008099734783172607,-0.18301594257354736,-0.11615714430809021,-0.2989919185638428,-0.13861501216888428,-0.3634069561958313,-0.15134894847869873,-0.41331303119659424,-0.15874609351158142,-0.18209123611450195,-0.02801656723022461,-0.30370616912841797,0.0002969503402709961,-0.37526631355285645,0.021786749362945557,-0.4259306788444519,0.04410058259963989,-0.17222803831100464,0.054129958152770996,-0.24871540069580078,0.05559122562408447,-0.2207849621772766,0.036650240421295166,-0.1887754201889038,0.0328977108001709,-0.15924888849258423,0.121096670627594,-0.22138065099716187,0.10335725545883179,-0.19726282358169556,0.08793085813522339,-0.16891729831695557,0.08552980422973633,0.0,0.0,0.0,0.0,0.0,0.0,0.0,0.0,0.0,0.0,0.0,0.0,0.0,0.0,0.0,0.0,0.0,0.0,0.0,0.0,0.0,0.0,0.0,0.0,0.0,0.0,0.0,0.0,0.0,0.0,0.0,0.0,0.0,0.0,0.0,0.0,0.0,0.0,0.0,0.0,0.0,0.0
0.0,0.0,-0.06542712450027466,-0.09232240915298462,-0.1542189121246338,-0.11198604106903076,-0.2169499397277832,-0.07012593746185303,-0.24377548694610596,-0.009087324142456055,-0.18427801132202148,-0.11753472685813904,-0.2993704080581665,-0.13959509134292603,-0.36373740434646606,-0.15252891182899475,-0.4137198328971863,-0.16059458255767822,-0.18384546041488647,-0.029593706130981445,-0.3050035238265991,-1.2755393981933594e-05,-0.37633299827575684,0.02144855260848999,-0.4270850419998169,0.043702781200408936,-0.17394447326660156,0.05227547883987427,-0.25098663568496704,0.05502814054489136,-0.22378265857696533,0.03552985191345215,-0.19162112474441528,0.031535208225250244,-0.16068416833877563,0.11926466226577759,-0.22336959838867188,0.10170084238052368,-0.19985657930374146,0.0858648419380188,-0.17138159275054932,0.08312779664993286,0.0,0.0,0.0,0.0,0.0,0.0,0.0,0.0,0.0,0.0,0.0,0.0,0.0,0.0,0.0,0.0,0.0,0.0,0.0,0.0,0.0,0.0,0.0,0.0,0.0,0.0,0.0,0.0,0.0,0.0,0.0,0.0,0.0,0.0,0.0,0.0,0.0,0.0,0.0,0.0,0.0,0.0
0.0,0.0,-0.06574726104736328,-0.09207990765571594,-0.15567010641098022,-0.1114179790019989,-0.21949851512908936,-0.0711972713470459,-0.2476741075515747,-0.010871589183807373,-0.18487036228179932,-0.11939510703086853,-0.30013149976730347,-0.14042353630065918,-0.3645726442337036,-0.1525716781616211,-0.41501694917678833,-0.1599460244178772,-0.18376445770263672,-0.03165334463119507,-0.3053587079048157,-0.001856386661529541,-0.3768532872200012,0.01977473497390747,-0.4279369115829468,0.04145169258117676,-0.17368566989898682,0.05117940902709961,-0.2523501515388489,0.05442690849304199,-0.22473931312561035,0.03588974475860596,-0.1920461654663086,0.03218024969100952,-0.1606980562210083,0.11927175521850586,-0.22491657733917236,0.10238021612167358,-0.20104628801345825,0.08673214912414551,-0.17207330465316772,0.08388906717300415,0.0,0.0,0.0,0.0,0.0,0.0,0.0,0.0,0.0,0.0,0.0,0.0,0.0,0.0,0.0,0.0,0.0,0.0,0.0,0.0,0.0,0.0,0.0,0.0,0.0,0.0,0.0,0.0,0.0,0.0,0.0,0.0,0.0,0.0,0.0,0.0,0.0,0.0,0.0,0.0,0.0,0.0
0.0,0.0,-0.06576883792877197,-0.09259489178657532,-0.15736961364746094,-0.11411881446838379,-0.2232474684715271,-0.07650190591812134,-0.25228846073150635,-0.01539379358291626,-0.18309307098388672,-0.12037771940231323,-0.2994800806045532,-0.1428242325782776,-0.3641554117202759,-0.15540897846221924,-0.4150106906890869,-0.16280001401901245,-0.18273526430130005,-0.03293031454086304,-0.3063505291938782,-0.003125786781311035,-0.37819182872772217,0.017918825149536133,-0.4294205904006958,0.03975039720535278,-0.17355453968048096,0.04996323585510254,-0.2539478540420532,0.053283512592315674,-0.22670727968215942,0.03468120098114014,-0.19409126043319702,0.0312764048576355,-0.1618691086769104,0.11801731586456299,-0.22723960876464844,0.1013454794883728,-0.20387136936187744,0.08598661422729492,-0.17498397827148438,0.0837547779083252,0.0,0.0,0.0,0.0,0.0,0.0,0.0,0.0,0.0,0.0,0.0,0.0,0.0,0.0,0.0,0.0,0.0,0.0,0.0,0.0,0.0,0.0,0.0,0.0,0.0,0.0,0.0,0.0,0.0,0.0,0.0,0.0,0.0,0.0,0.0,0.0,0.0,0.0,0.0,0.0,0.0,0.0
0.0,0.0,-0.06309473514556885,-0.0940755307674408,-0.15570247173309326,-0.11901018023490906,-0.22366034984588623,-0.08474674820899963,-0.2550807595252991,-0.025052011013031006,-0.18146908283233643,-0.12914004921913147,-0.3007643222808838,-0.1514744758605957,-0.36660730838775635,-0.16386616230010986,-0.4184476137161255,-0.17118430137634277,-0.1809464693069458,-0.042349815368652344,-0.30784618854522705,-0.008410394191741943,-0.380293071269989,0.014027535915374756,-0.4321476221084595,0.03596562147140503,-0.17211788892745972,0.04123830795288086,-0.25697070360183716,0.049080610275268555,-0.23059630393981934,0.03172546625137329,-0.1978055238723755,0.028675973415374756,-0.16091251373291016,0.11085683107376099,-0.22937655448913574,0.09666013717651367,-0.20578408241271973,0.08169841766357422,-0.17633187770843506,0.07933956384658813,0.0,0.0,0.0,0.0,0.0,0.0,0.0,0.0,0.0,0.0,0.0,0.0,0.0,0.0,0.0,0.0,0.0,0.0,0.0,0.0,0.0,0.0,0.0,0.0,0.0,0.0,0.0,0.0,0.0,0.0,0.0,0.0,0.0,0.0,0.0,0.0,0.0,0.0,0.0,0.0,0.0,0.0
0.0,0.0,-0.0654153823852539,-0.09512358903884888,-0.15679693222045898,-0.11734938621520996,-0.22096532583236694,-0.08422723412513733,-0.25204235315322876,-0.0262143611907959,-0.18210095167160034,-0.12718579173088074,-0.3030499815940857,-0.1523456871509552,-0.36872923374176025,-0.16417193412780762,-0.4204884171485901,-0.1708850860595703,-0.17979395389556885,-0.039650559425354004,-0.307293176651001,-0.0064220428466796875,-0.3782464265823364,0.015632033348083496,-0.42875003814697266,0.03581494092941284,-0.1704605221748352,0.043945252895355225,-0.2580065131187439,0.051241934299468994,-0.23098254203796387,0.031745851039886475,-0.19760584831237793,0.026631176471710205,-0.15959852933883667,0.11293673515319824,-0.23043370246887207,0.09863817691802979,-0.20623403787612915,0.08200395107269287,-0.17599636316299438,0.07794326543807983,0.0,0.0,0.0,0.0,0.0,0.0,0.0,0.0,0.0,0.0,0.0,0.0,0.0,0.0,0.0,0.0,0.0,0.0,0.0,0.0,0.0,0.0,0.0,0.0,0.0,0.0,0.0,0.0,0.0,0.0,0.0,0.0,0.0,0.0,0.0,0.0,0.0,0.0,0.0,0.0,0.0,0.0
0.0,0.0,-0.06479334831237793,-0.09516224265098572,-0.15704238414764404,-0.11847224831581116,-0.2236502766609192,-0.08471795916557312,-0.255376398563385,-0.02475154399871826,-0.18303734064102173,-0.12830674648284912,-0.3039827346801758,-0.1517341136932373,-0.36959517002105713,-0.1645277738571167,-0.42139261960983276,-0.1724376678466797,-0.18104225397109985,-0.040666401386260986,-0.3098074197769165,-0.006708920001983643,-0.3819810152053833,0.015706181526184082,-0.4332904815673828,0.03667128086090088,-0.17215955257415771,0.042959511280059814,-0.2606787085533142,0.04958420991897583,-0.2346082329750061,0.030635535717010498,-0.2014157772064209,0.026149511337280273,-0.16189450025558472,0.11155140399932861,-0.2333952784538269,0.09626895189285278,-0.20982056856155396,0.07996010780334473,-0.17967498302459717,0.07655322551727295,0.0,0.0,0.0,0.0,0.0,0.0,0.0,0.0,0.0,0.0,0.0,0.0,0.0,0.0,0.0,0.0,0.0,0.0,0.0,0.0,0.0,0.0,0.0,0.0,0.0,0.0,0.0,0.0,0.0,0.0,0.0,0.0,0.0,0.0,0.0,0.0,0.0,0.0,0.0,0.0,0.0,0.0
0.0,0.0,-0.0649457573890686,-0.09554004669189453,-0.15634334087371826,-0.11899927258491516,-0.2218438982963562,-0.08525475859642029,-0.2528423070907593,-0.025241434574127197,-0.1835005283355713,-0.13023537397384644,-0.3038524389266968,-0.15356522798538208,-0.3697272539138794,-0.16509422659873962,-0.4220811128616333,-0.1724117398262024,-0.18119138479232788,-0.04261970520019531,-0.30960196256637573,-0.007133305072784424,-0.3818202018737793,0.015491306781768799,-0.43335992097854614,0.036005377769470215,-0.17194849252700806,0.04108923673629761,-0.2609718441963196,0.05025064945220947,-0.23461949825286865,0.030565381050109863,-0.20080655813217163,0.0251275897026062,-0.16139286756515503,0.10952562093734741,-0.23343640565872192,0.09651881456375122,-0.2101871371269226,0.0793197751045227,-0.1796777844429016,0.07450711727142334,0.0,0.0,0.0,0.0,0.0,0.0,0.0,0.0,0.0,0.0,0.0,0.0,0.0,0.0,0.0,0.0,0.0,0.0,0.0,0.0,0.0,0.0,0.0,0.0,0.0,0.0,0.0,0.0,0.0,0.0,0.0,0.0,0.0,0.0,0.0,0.0,0.0,0.0,0.0,0.0,0.0,0.0
0.0,0.0,-0.06535983085632324,-0.09506291151046753,-0.15686607360839844,-0.11855536699295044,-0.22252172231674194,-0.08717125654220581,-0.25474607944488525,-0.029759347438812256,-0.1838449239730835,-0.12953618168830872,-0.3037511706352234,-0.15409016609191895,-0.3695042133331299,-0.1652153730392456,-0.42218947410583496,-0.1718025803565979,-0.18117445707321167,-0.04199111461639404,-0.3086196184158325,-0.006592810153961182,-0.38089632987976074,0.015821099281311035,-0.4329606294631958,0.036123573780059814,-0.17153006792068481,0.04172015190124512,-0.2615479826927185,0.05096113681793213,-0.23521757125854492,0.03113025426864624,-0.2014111876487732,0.02568584680557251,-0.16068965196609497,0.10987603664398193,-0.2335193157196045,0.09708541631698608,-0.21021908521652222,0.0800405740737915,-0.17958194017410278,0.07526254653930664,0.0,0.0,0.0,0.0,0.0,0.0,0.0,0.0,0.0,0.0,0.0,0.0,0.0,0.0,0.0,0.0,0.0,0.0,0.0,0.0,0.0,0.0,0.0,0.0,0.0,0.0,0.0,0.0,0.0,0.0,0.0,0.0,0.0,0.0,0.0,0.0,0.0,0.0,0.0,0.0,0.0,0.0
0.0,0.0,-0.06303137540817261,-0.09589877724647522,-0.15502381324768066,-0.1235322654247284,-0.22349083423614502,-0.09430307149887085,-0.2584167718887329,-0.03481358289718628,-0.17732304334640503,-0.13394641876220703,-0.30047351121902466,-0.1588776409626007,-0.3666749596595764,-0.17227822542190552,-0.4195106029510498,-0.1811026632785797,-0.17363882064819336,-0.045778870582580566,-0.30735063552856445,-0.008676886558532715,-0.38008344173431396,0.013993561267852783,-0.4312039613723755,0.0346103310585022,-0.16467493772506714,0.03821372985839844,-0.26154839992523193,0.046634018421173096,-0.2359209656715393,0.027376651763916016,-0.20148760080337524,0.022110402584075928,-0.15542954206466675,0.1064215898513794,-0.23354429006576538,0.09428316354751587,-0.21003347635269165,0.07753658294677734,-0.1780955195426941,0.0734032392501831,0.0,0.0,0.0,0.0,0.0,0.0,0.0,0.0,0.0,0.0,0.0,0.0,0.0,0.0,0.0,0.0,0.0,0.0,0.0,0.0,0.0,0.0,0.0,0.0,0.0,0.0,0.0,0.0,0.0,0.0,0.0,0.0,0.0,0.0,0.0,0.0,0.0,0.0,0.0,0.0,0.0,0.0
0.0,0.0,-0.06251752376556396,-0.09660321474075317,-0.15420091152191162,-0.1264718770980835,-0.22219908237457275,-0.09877115488052368,-0.2580355405807495,-0.04180610179901123,-0.17651188373565674,-0.13510820269584656,-0.29894113540649414,-0.16393506526947021,-0.3651401996612549,-0.17559295892715454,-0.4177035689353943,-0.18325787782669067,-0.17261743545532227,-0.046891868114471436,-0.3053050637245178,-0.009864866733551025,-0.37863779067993164,0.01192086935043335,-0.4309929609298706,0.03116285800933838,-0.16329491138458252,0.03747516870498657,-0.2605817914009094,0.04715156555175781,-0.23401272296905518,0.026119768619537354,-0.1990504264831543,0.01935034990310669,-0.1535252332687378,0.10642415285110474,-0.23310786485671997,0.09520882368087769,-0.2095193862915039,0.0771973729133606,-0.17741847038269043,0.07208198308944702,0.0,0.0,0.0,0.0,0.0,0.0,0.0,0.0,0.0,0.0,0.0,0.0,0.0,0.0,0.0,0.0,0.0,0.0,0.0,0.0,0.0,0.0,0.0,0.0,0.0,0.0,0.0,0.0,0.0,0.0,0.0,0.0,0.0,0.0,0.0,0.0,0.0,0.0,0.0,0.0,0.0,0.0
0.0,0.0,-0.06280696392059326,-0.09709489345550537,-0.15355873107910156,-0.12613588571548462,-0.2207297682762146,-0.0976746678352356,-0.25569581985473633,-0.03860759735107422,-0.1755998730659485,-0.1358581781387329,-0.29839831590652466,-0.16295310854911804,-0.3648641109466553,-0.1746273934841156,-0.41786307096481323,-0.18266752362251282,-0.1725071668624878,-0.047504544258117676,-0.30654191970825195,-0.009506821632385254,-0.3797873258590698,0.0116044282913208,-0.43203580379486084,0.02967458963394165,-0.16419494152069092,0.03741258382797241,-0.26141655445098877,0.04604130983352661,-0.23564022779464722,0.024670064449310303,-0.20094388723373413,0.01788872480392456,-0.15540486574172974,0.10729563236236572,-0.23443061113357544,0.09536802768707275,-0.21130692958831787,0.0771477222442627,-0.1795153021812439,0.07214224338531494,0.0,0.0,0.0,0.0,0.0,0.0,0.0,0.0,0.0,0.0,0.0,0.0,0.0,0.0,0.0,0.0,0.0,0.0,0.0,0.0,0.0,0.0,0.0,0.0,0.0,0.0,0.0,0.0,0.0,0.0,0.0,0.0,0.0,0.0,0.0,0.0,0.0,0.0,0.0,0.0,0.0,0.0
0.0,0.0,-0.06140190362930298,-0.09783244132995605,-0.15130913257598877,-0.12872418761253357,-0.2186911702156067,-0.10127609968185425,-0.2543870210647583,-0.04421567916870117,-0.17511916160583496,-0.1371995210647583,-0.29816341400146484,-0.16735005378723145,-0.36505305767059326,-0.17931672930717468,-0.41782569885253906,-0.18704557418823242,-0.1720934510231018,-0.048374712467193604,-0.305946946144104,-0.011505126953125,-0.37960386276245117,0.009929239749908447,-0.43193238973617554,0.0286138653755188,-0.1636865735054016,0.03630256652832031,-0.26026344299316406,0.04472905397415161,-0.23401230573654175,0.023122549057006836,-0.19924312829971313,0.0159914493560791,-0.15478503704071045,0.10538798570632935,-0.23382127285003662,0.09365594387054443,-0.21047478914260864,0.07527691125869751,-0.17861992120742798,0.06983685493469238,0.0,0.0,0.0,0.0,0.0,0.0,0.0,0.0,0.0,0.0,0.0,0.0,0.0,0.0,0.0,0.0,0.0,0.0,0.0,0.0,0.0,0.0,0.0,0.0,0.0,0.0,0.0,0.0,0.0,0.0,0.0,0.0,0.0,0.0,0.0,0.0,0.0,0.0,0.0,0.0,0.0,0.0
0.0,0.0,-0.061707139015197754,-0.098610520362854,-0.15259093046188354,-0.13015389442443848,-0.22015899419784546,-0.10327762365341187,-0.2559598684310913,-0.04517179727554321,-0.1751176118850708,-0.1395893692970276,-0.29891008138656616,-0.1693241000175476,-0.3657292127609253,-0.18064576387405396,-0.41846293210983276,-0.18768474459648132,-0.17236900329589844,-0.05011540651321411,-0.30791300535202026,-0.012532591819763184,-0.3809768557548523,0.008349776268005371,-0.4328305125236511,0.026446998119354248,-0.164628267288208,0.03546649217605591,-0.26257479190826416,0.04260212182998657,-0.23649346828460693,0.020398974418640137,-0.2017674446105957,0.013414502143859863,-0.15659838914871216,0.10574585199356079,-0.23547106981277466,0.09159547090530396,-0.2119196653366089,0.07266813516616821,-0.18006932735443115,0.06761497259140015,0.0,0.0,0.0,0.0,0.0,0.0,0.0,0.0,0.0,0.0,0.0,0.0,0.0,0.0,0.0,0.0,0.0,0.0,0.0,0.0,0.0,0.0,0.0,0.0,0.0,0.0,0.0,0.0,0.0,0.0,0.0,0.0,0.0,0.0,0.0,0.0,0.0,0.0,0.0,0.0,0.0,0.0
0.0,0.0,-0.06202518939971924,-0.09993758797645569,-0.153775155544281,-0.13272109627723694,-0.22328978776931763,-0.10809245705604553,-0.26127809286117554,-0.051861345767974854,-0.177823007106781,-0.14143049716949463,-0.3004545569419861,-0.17117580771446228,-0.36752867698669434,-0.18083229660987854,-0.4206375479698181,-0.18691283464431763,-0.17542874813079834,-0.05250364542007446,-0.3092576265335083,-0.015242040157318115,-0.3825739622116089,0.003940761089324951,-0.43497562408447266,0.02006751298904419,-0.16810381412506104,0.03285938501358032,-0.2655208110809326,0.03951901197433472,-0.2398102879524231,0.017445385456085205,-0.20512449741363525,0.010809659957885742,-0.1602710485458374,0.10280787944793701,-0.2381719946861267,0.0872003436088562,-0.2147020697593689,0.06895416975021362,-0.18277543783187866,0.06440776586532593,0.0,0.0,0.0,0.0,0.0,0.0,0.0,0.0,0.0,0.0,0.0,0.0,0.0,0.0,0.0,0.0,0.0,0.0,0.0,0.0,0.0,0.0,0.0,0.0,0.0,0.0,0.0,0.0,0.0,0.0,0.0,0.0,0.0,0.0,0.0,0.0,0.0,0.0,0.0,0.0,0.0,0.0
0.0,0.0,-0.06140953302383423,-0.1001659631729126,-0.1532720923423767,-0.13577240705490112,-0.22383445501327515,-0.11330369114875793,-0.2623005509376526,-0.057936668395996094,-0.17992091178894043,-0.14489024877548218,-0.3011122941970825,-0.17548632621765137,-0.3681023120880127,-0.18636834621429443,-0.4209950566291809,-0.19360768795013428,-0.1772449016571045,-0.0577961802482605,-0.3110024333000183,-0.020656228065490723,-0.38442695140838623,-0.001285851001739502,-0.4374959468841553,0.014605820178985596,-0.16926568746566772,0.02684420347213745,-0.2675400376319885,0.03666496276855469,-0.24056696891784668,0.01714569330215454,-0.20531189441680908,0.01126641035079956,-0.16036510467529297,0.09706491231918335,-0.23888415098190308,0.08611780405044556,-0.2144385576248169,0.06966572999954224,-0.182020902633667,0.0650668740272522,0.0,0.0,0.0,0.0,0.0,0.0,0.0,0.0,0.0,0.0,0.0,0.0,0.0,0.0,0.0,0.0,0.0,0.0,0.0,0.0,0.0,0.0,0.0,0.0,0.0,0.0,0.0,0.0,0.0,0.0,0.0,0.0,0.0,0.0,0.0,0.0,0.0,0.0,0.0,0.0,0.0,0.0
0.0,0.0,-0.06140601634979248,-0.09928980469703674,-0.15476536750793457,-0.13353025913238525,-0.22581267356872559,-0.11055180430412292,-0.2660028338432312,-0.05699187517166138,-0.18326395750045776,-0.1461828351020813,-0.3047926425933838,-0.17629843950271606,-0.3728356957435608,-0.1862775683403015,-0.42603665590286255,-0.1932741403579712,-0.18033349514007568,-0.05923128128051758,-0.3154592514038086,-0.01964491605758667,-0.3889082670211792,0.00047266483306884766,-0.4416391849517822,0.016025185585021973,-0.17204070091247559,0.025183916091918945,-0.27069932222366333,0.03860992193222046,-0.24431383609771729,0.019413888454437256,-0.2097470760345459,0.012809574604034424,-0.1625075340270996,0.09572410583496094,-0.24229097366333008,0.08860087394714355,-0.21781152486801147,0.07362103462219238,-0.18535876274108887,0.06813514232635498,0.0,0.0,0.0,0.0,0.0,0.0,0.0,0.0,0.0,0.0,0.0,0.0,0.0,0.0,0.0,0.0,0.0,0.0,0.0,0.0,0.0,0.0,0.0,0.0,0.0,0.0,0.0,0.0,0.0,0.0,0.0,0.0,0.0,0.0,0.0,0.0,0.0,0.0,0.0,0.0,0.0,0.0
0.0,0.0,-0.06224048137664795,-0.09928277134895325,-0.1550370454788208,-0.1346500813961029,-0.22610265016555786,-0.11136913299560547,-0.26709043979644775,-0.05849742889404297,-0.1839483380317688,-0.14700740575790405,-0.3061641454696655,-0.17707562446594238,-0.3746432662010193,-0.18670964241027832,-0.42851459980010986,-0.19369113445281982,-0.18028157949447632,-0.060305893421173096,-0.3157886266708374,-0.021891236305236816,-0.3904654383659363,-0.001331627368927002,-0.4445159435272217,0.014558196067810059,-0.17201316356658936,0.024041712284088135,-0.2717536687850952,0.03761965036392212,-0.24600064754486084,0.017235755920410156,-0.21166110038757324,0.009053289890289307,-0.16274166107177734,0.09486854076385498,-0.24390649795532227,0.0870618224143982,-0.21996784210205078,0.07077193260192871,-0.1874682903289795,0.0639154314994812,0.0,0.0,0.0,0.0,0.0,0.0,0.0,0.0,0.0,0.0,0.0,0.0,0.0,0.0,0.0,0.0,0.0,0.0,0.0,0.0,0.0,0.0,0.0,0.0,0.0,0.0,0.0,0.0,0.0,0.0,0.0,0.0,0.0,0.0,0.0,0.0,0.0,0.0,0.0,0.0,0.0,0.0
0.0,0.0,-0.06194877624511719,-0.10001826286315918,-0.1550489068031311,-0.13760524988174438,-0.22664368152618408,-0.11669641733169556,-0.2684516906738281,-0.06430846452713013,-0.18461138010025024,-0.15018898248672485,-0.30794715881347656,-0.179917573928833,-0.3765847682952881,-0.18900978565216064,-0.43019700050354004,-0.1954876184463501,-0.1801590919494629,-0.06446069478988647,-0.3175998330116272,-0.024220645427703857,-0.39159417152404785,-0.0029420852661132812,-0.44495224952697754,0.012923896312713623,-0.17147409915924072,0.01945394277572632,-0.27238380908966064,0.036013007164001465,-0.24573814868927002,0.017106950283050537,-0.21136373281478882,0.009093940258026123,-0.1618848443031311,0.09044188261032104,-0.2438707947731018,0.08554601669311523,-0.21918678283691406,0.07082456350326538,-0.18668913841247559,0.0642322301864624,0.0,0.0,0.0,0.0,0.0,0.0,0.0,0.0,0.0,0.0,0.0,0.0,0.0,0.0,0.0,0.0,0.0,0.0,0.0,0.0,0.0,0.0,0.0,0.0,0.0,0.0,0.0,0.0,0.0,0.0,0.0,0.0,0.0,0.0,0.0,0.0,0.0,0.0,0.0,0.0,0.0,0.0
0.0,0.0,-0.06258606910705566,-0.10062342882156372,-0.15522420406341553,-0.1386323869228363,-0.22685837745666504,-0.11797761917114258,-0.2686270475387573,-0.06596052646636963,-0.18821442127227783,-0.1513010859489441,-0.30965298414230347,-0.17979750037193298,-0.3770378828048706,-0.18963253498077393,-0.42993104457855225,-0.1965235471725464,-0.18442779779434204,-0.06581640243530273,-0.31892597675323486,-0.02717292308807373,-0.3930000066757202,-0.007958650588989258,-0.4472605586051941,0.006552457809448242,-0.17611980438232422,0.018443048000335693,-0.27538514137268066,0.031278133392333984,-0.247869610786438,0.013087987899780273,-0.21347910165786743,0.006922662258148193,-0.1665259599685669,0.09038037061691284,-0.2475784420967102,0.08183085918426514,-0.22286909818649292,0.06755489110946655,-0.19048947095870972,0.06195878982543945,0.0,0.0,0.0,0.0,0.0,0.0,0.0,0.0,0.0,0.0,0.0,0.0,0.0,0.0,0.0,0.0,0.0,0.0,0.0,0.0,0.0,0.0,0.0,0.0,0.0,0.0,0.0,0.0,0.0,0.0,0.0,0.0,0.0,0.0,0.0,0.0,0.0,0.0,0.0,0.0,0.0,0.0
0.0,0.0,-0.06272017955780029,-0.10064291954040527,-0.1560460329055786,-0.14047056436538696,-0.22732579708099365,-0.11940523982048035,-0.26772141456604004,-0.06563073396682739,-0.18955343961715698,-0.1526063084602356,-0.3119654655456543,-0.17974025011062622,-0.37999987602233887,-0.1903594434261322,-0.4328845739364624,-0.197706937789917,-0.18655717372894287,-0.066017746925354,-0.32263195514678955,-0.027484357357025146,-0.39625489711761475,-0.00771331787109375,-0.4489390254020691,0.007976055145263672,-0.1786738634109497,0.018821537494659424,-0.27774113416671753,0.030876219272613525,-0.2516597509384155,0.011576056480407715,-0.21740806102752686,0.00446164608001709,-0.16917312145233154,0.09179943799972534,-0.24937915802001953,0.0823867917060852,-0.22487872838974,0.06714636087417603,-0.19208884239196777,0.061157286167144775,0.0,0.0,0.0,0.0,0.0,0.0,0.0,0.0,0.0,0.0,0.0,0.0,0.0,0.0,0.0,0.0,0.0,0.0,0.0,0.0,0.0,0.0,0.0,0.0,0.0,0.0,0.0,0.0,0.0,0.0,0.0,0.0,0.0,0.0,0.0,0.0,0.0,0.0,0.0,0.0,0.0,0.0
0.0,0.0,-0.06341820955276489,-0.10156530141830444,-0.15483909845352173,-0.1408386528491974,-0.22403359413146973,-0.11891335248947144,-0.26322925090789795,-0.06488931179046631,-0.18667399883270264,-0.1532343626022339,-0.3091776371002197,-0.180250346660614,-0.37725138664245605,-0.18986260890960693,-0.430269718170166,-0.19665393233299255,-0.18389028310775757,-0.06543892621994019,-0.3196450471878052,-0.026798725128173828,-0.39319753646850586,-0.00608980655670166,-0.44604021310806274,0.00955665111541748,-0.17688190937042236,0.019355356693267822,-0.274217426776886,0.03120863437652588,-0.24757921695709229,0.012430310249328613,-0.21323883533477783,0.004758477210998535,-0.16825824975967407,0.09172648191452026,-0.24640214443206787,0.081997811794281,-0.22215014696121216,0.0662885308265686,-0.18999111652374268,0.0592808723449707,0.0,0.0,0.0,0.0,0.0,0.0,0.0,0.0,0.0,0.0,0.0,0.0,0.0,0.0,0.0,0.0,0.0,0.0,0.0,0.0,0.0,0.0,0.0,0.0,0.0,0.0,0.0,0.0,0.0,0.0,0.0,0.0,0.0,0.0,0.0,0.0,0.0,0.0,0.0,0.0,0.0,0.0
0.0,0.0,-0.06268030405044556,-0.1016344428062439,-0.1543751358985901,-0.14148405194282532,-0.22463911771774292,-0.11977314949035645,-0.2638046145439148,-0.06458669900894165,-0.18733400106430054,-0.15358835458755493,-0.3092802166938782,-0.18094292283058167,-0.377663254737854,-0.1912580132484436,-0.4309912919998169,-0.1988702416419983,-0.1845111846923828,-0.06724214553833008,-0.3205033540725708,-0.028131723403930664,-0.39388322830200195,-0.007539093494415283,-0.44655197858810425,0.007796883583068848,-0.17684078216552734,0.017554819583892822,-0.27593719959259033,0.032281458377838135,-0.24904382228851318,0.014655351638793945,-0.21451079845428467,0.007402896881103516,-0.16740626096725464,0.0905141830444336,-0.24780547618865967,0.08366626501083374,-0.22306358814239502,0.06920278072357178,-0.19063782691955566,0.0627400279045105,0.0,0.0,0.0,0.0,0.0,0.0,0.0,0.0,0.0,0.0,0.0,0.0,0.0,0.0,0.0,0.0,0.0,0.0,0.0,0.0,0.0,0.0,0.0,0.0,0.0,0.0,0.0,0.0,0.0,0.0,0.0,0.0,0.0,0.0,0.0,0.0,0.0,0.0,0.0,0.0,0.0,0.0
0.0,0.0,-0.06259727478027344,-0.10347217321395874,-0.15705841779708862,-0.14586418867111206,-0.22875231504440308,-0.12497088313102722,-0.26942968368530273,-0.07108300924301147,-0.1873868703842163,-0.15786302089691162,-0.3101586699485779,-0.185776948928833,-0.37839317321777344,-0.1962011456489563,-0.431476354598999,-0.20407679677009583,-0.18388551473617554,-0.07025384902954102,-0.32130295038223267,-0.03148692846298218,-0.3948986530303955,-0.012445151805877686,-0.4472755789756775,0.002336740493774414,-0.17592096328735352,0.015286147594451904,-0.27763962745666504,0.02511751651763916,-0.2513670325279236,0.0053444504737854,-0.2164897918701172,-0.0013745427131652832,-0.1668068766593933,0.08846253156661987,-0.24948519468307495,0.07766038179397583,-0.22494196891784668,0.061604857444763184,-0.19172042608261108,0.05623739957809448,0.0,0.0,0.0,0.0,0.0,0.0,0.0,0.0,0.0,0.0,0.0,0.0,0.0,0.0,0.0,0.0,0.0,0.0,0.0,0.0,0.0,0.0,0.0,0.0,0.0,0.0,0.0,0.0,0.0,0.0,0.0,0.0,0.0,0.0,0.0,0.0,0.0,0.0,0.0,0.0,0.0,0.0
0.0,0.0,-0.06147795915603638,-0.10384124517440796,-0.15402555465698242,-0.14732351899147034,-0.22628140449523926,-0.12884065508842468,-0.26766592264175415,-0.07432341575622559,-0.18853574991226196,-0.1632002592086792,-0.3092126250267029,-0.19206362962722778,-0.3766236901283264,-0.20322343707084656,-0.429592490196228,-0.21171197295188904,-0.18468105792999268,-0.07739144563674927,-0.3197479844093323,-0.0332796573638916,-0.39247721433639526,-0.010928213596343994,-0.44513219594955444,0.005900025367736816,-0.17629843950271606,0.008662581443786621,-0.2798953652381897,0.024869918823242188,-0.2525789141654968,0.006067097187042236,-0.21741586923599243,-0.0008400082588195801,-0.16629815101623535,0.08316510915756226,-0.24880731105804443,0.0758364200592041,-0.2238065004348755,0.061446428298950195,-0.19090920686721802,0.056139588356018066,0.0,0.0,0.0,0.0,0.0,0.0,0.0,0.0,0.0,0.0,0.0,0.0,0.0,0.0,0.0,0.0,0.0,0.0,0.0,0.0,0.0,0.0,0.0,0.0,0.0,0.0,0.0,0.0,0.0,0.0,0.0,0.0,0.0,0.0,0.0,0.0,0.0,0.0,0.0,0.0,0.0,0.0
0.0,0.0,-0.06277203559875488,-0.09999769926071167,-0.15517061948776245,-0.14026200771331787,-0.22571587562561035,-0.120353102684021,-0.2665022611618042,-0.06515365839004517,-0.18825966119766235,-0.1538865566253662,-0.31083279848098755,-0.18269002437591553,-0.37801241874694824,-0.19340461492538452,-0.4313778281211853,-0.2012302279472351,-0.18311554193496704,-0.06716960668563843,-0.3186405897140503,-0.02446693181991577,-0.3906412124633789,-0.004193246364593506,-0.4428008794784546,0.01123744249343872,-0.1743648648262024,0.018627464771270752,-0.2810817360877991,0.03192496299743652,-0.25564342737197876,0.009628057479858398,-0.22095239162445068,0.002139151096343994,-0.16457152366638184,0.09232425689697266,-0.25044214725494385,0.08270663022994995,-0.2287158966064453,0.06426757574081421,-0.19707125425338745,0.05742114782333374,0.0,0.0,0.0,0.0,0.0,0.0,0.0,0.0,0.0,0.0,0.0,0.0,0.0,0.0,0.0,0.0,0.0,0.0,0.0,0.0,0.0,0.0,0.0,0.0,0.0,0.0,0.0,0.0,0.0,0.0,0.0,0.0,0.0,0.0,0.0,0.0,0.0,0.0,0.0,0.0,0.0,0.0
0.0,0.0,-0.06245487928390503,-0.10051631927490234,-0.15527784824371338,-0.13926813006401062,-0.2278919816017151,-0.11572909355163574,-0.2701159715652466,-0.05961030721664429,-0.18487244844436646,-0.1516205370426178,-0.3072676658630371,-0.17859938740730286,-0.37466925382614136,-0.1883658468723297,-0.4279441237449646,-0.1963980793952942,-0.17827928066253662,-0.06560707092285156,-0.3162273168563843,-0.018203675746917725,-0.3884674906730652,0.004099071025848389,-0.4403734803199768,0.021107017993927002,-0.1694074273109436,0.019228339195251465,-0.278961181640625,0.03894400596618652,-0.25445228815078735,0.018169105052947998,-0.21933728456497192,0.009779095649719238,-0.16017121076583862,0.09183752536773682,-0.24755382537841797,0.08948928117752075,-0.2241142988204956,0.07354432344436646,-0.19093579053878784,0.06676977872848511,0.0,0.0,0.0,0.0,0.0,0.0,0.0,0.0,0.0,0.0,0.0,0.0,0.0,0.0,0.0,0.0,0.0,0.0,0.0,0.0,0.0,0.0,0.0,0.0,0.0,0.0,0.0,0.0,0.0,0.0,0.0,0.0,0.0,0.0,0.0,0.0,0.0,0.0,0.0,0.0,0.0,0.0
0.0,0.0,-0.06325066089630127,-0.098724365234375,-0.15572118759155273,-0.13636913895606995,-0.22774243354797363,-0.1121511161327362,-0.2706763744354248,-0.05615490674972534,-0.18568265438079834,-0.15102869272232056,-0.30621057748794556,-0.17639225721359253,-0.3734883666038513,-0.1857547163963318,-0.42746084928512573,-0.19335222244262695,-0.1769900918006897,-0.06586259603500366,-0.31427741050720215,-0.014513611793518066,-0.38685715198516846,0.010830819606781006,-0.4399416446685791,0.030447840690612793,-0.16705089807510376,0.019026756286621094,-0.27941298484802246,0.04250997304916382,-0.2563427686691284,0.020924150943756104,-0.22206193208694458,0.010815799236297607,-0.15785479545593262,0.09185647964477539,-0.24748104810714722,0.09096455574035645,-0.22514832019805908,0.07409846782684326,-0.1926165223121643,0.06517148017883301,0.0,0.0,0.0,0.0,0.0,0.0,0.0,0.0,0.0,0.0,0.0,0.0,0.0,0.0,0.0,0.0,0.0,0.0,0.0,0.0,0.0,0.0,0.0,0.0,0.0,0.0,0.0,0.0,0.0,0.0,0.0,0.0,0.0,0.0,0.0,0.0,0.0,0.0,0.0,0.0,0.0,0.0
0.0,0.0,-0.06293046474456787,-0.09699428081512451,-0.1543833613395691,-0.13505443930625916,-0.22517532110214233,-0.11211439967155457,-0.26792240142822266,-0.05682575702667236,-0.18537014722824097,-0.1501321792602539,-0.30723416805267334,-0.17400962114334106,-0.374691367149353,-0.18405479192733765,-0.42896556854248047,-0.19248339533805847,-0.1759539246559143,-0.06611460447311401,-0.3112518787384033,-0.015710830688476562,-0.38455963134765625,0.009197115898132324,-0.43879300355911255,0.028446733951568604,-0.16567623615264893,0.01803046464920044,-0.2776947021484375,0.042978763580322266,-0.25508344173431396,0.022949635982513428,-0.2210695743560791,0.013064682483673096,-0.1564159393310547,0.0904761552810669,-0.24596524238586426,0.09061795473098755,-0.22388577461242676,0.07502192258834839,-0.19124937057495117,0.06645625829696655,0.0,0.0,0.0,0.0,0.0,0.0,0.0,0.0,0.0,0.0,0.0,0.0,0.0,0.0,0.0,0.0,0.0,0.0,0.0,0.0,0.0,0.0,0.0,0.0,0.0,0.0,0.0,0.0,0.0,0.0,0.0,0.0,0.0,0.0,0.0,0.0,0.0,0.0,0.0,0.0,0.0,0.0
0.0,0.0,-0.06385254859924316,-0.09594231843948364,-0.15714162588119507,-0.13014128804206848,-0.2304784655570984,-0.10425853729248047,-0.2748563289642334,-0.05017751455307007,-0.18570774793624878,-0.14530616998672485,-0.307184100151062,-0.16893607378005981,-0.374286413192749,-0.1774458885192871,-0.4282938838005066,-0.18378588557243347,-0.1755049228668213,-0.06109130382537842,-0.311575710773468,-0.008998572826385498,-0.3847935199737549,0.01791536808013916,-0.4384814500808716,0.03898179531097412,-0.164509117603302,0.023532211780548096,-0.27468860149383545,0.047327280044555664,-0.2510892152786255,0.025062084197998047,-0.2167702317237854,0.014495372772216797,-0.15474510192871094,0.09603941440582275,-0.24483418464660645,0.09554076194763184,-0.22280406951904297,0.07863962650299072,-0.1902714967727661,0.07014882564544678,0.0,0.0,0.0,0.0,0.0,0.0,0.0,0.0,0.0,0.0,0.0,0.0,0.0,0.0,0.0,0.0,0.0,0.0,0.0,0.0,0.0,0.0,0.0,0.0,0.0,0.0,0.0,0.0,0.0,0.0,0.0,0.0,0.0,0.0,0.0,0.0,0.0,0.0,0.0,0.0,0.0,0.0
0.0,0.0,-0.06775891780853271,-0.0943402349948883,-0.1613098382949829,-0.12628594040870667,-0.2313709855079651,-0.09706413745880127,-0.272505521774292,-0.03980201482772827,-0.18654924631118774,-0.13817930221557617,-0.3074904680252075,-0.15716660022735596,-0.37411707639694214,-0.16514557600021362,-0.42866575717926025,-0.17250776290893555,-0.17352354526519775,-0.05162447690963745,-0.30844056606292725,0.0022025704383850098,-0.38186371326446533,0.028033852577209473,-0.43577730655670166,0.048160672187805176,-0.1613236665725708,0.03309887647628784,-0.2761456370353699,0.05353420972824097,-0.2558460831642151,0.028449535369873047,-0.22196322679519653,0.016571223735809326,-0.15165859460830688,0.10434240102767944,-0.24671614170074463,0.10184645652770996,-0.22761356830596924,0.08148801326751709,-0.19580262899398804,0.07044875621795654,0.0,0.0,0.0,0.0,0.0,0.0,0.0,0.0,0.0,0.0,0.0,0.0,0.0,0.0,0.0,0.0,0.0,0.0,0.0,0.0,0.0,0.0,0.0,0.0,0.0,0.0,0.0,0.0,0.0,0.0,0.0,0.0,0.0,0.0,0.0,0.0,0.0,0.0,0.0,0.0,0.0,0.0
0.0,0.0,-0.06580305099487305,-0.09769392013549805,-0.16003793478012085,-0.13027849793434143,-0.2308560609817505,-0.10169792175292969,-0.27050352096557617,-0.04068648815155029,-0.18317991495132446,-0.13794347643852234,-0.30541563034057617,-0.1575561761856079,-0.37345314025878906,-0.16404268145561218,-0.4292871952056885,-0.16964301466941833,-0.17311978340148926,-0.04961442947387695,-0.30898547172546387,0.004941344261169434,-0.38231360912323,0.030092358589172363,-0.43586623668670654,0.04989689588546753,-0.16195166110992432,0.034857094287872314,-0.2762565016746521,0.05224496126174927,-0.2582016587257385,0.02382981777191162,-0.22489780187606812,0.01162487268447876,-0.1530970335006714,0.10385972261428833,-0.24829000234603882,0.09781461954116821,-0.23077857494354248,0.07558214664459229,-0.1992087960243225,0.06556081771850586,0.0,0.0,0.0,0.0,0.0,0.0,0.0,0.0,0.0,0.0,0.0,0.0,0.0,0.0,0.0,0.0,0.0,0.0,0.0,0.0,0.0,0.0,0.0,0.0,0.0,0.0,0.0,0.0,0.0,0.0,0.0,0.0,0.0,0.0,0.0,0.0,0.0,0.0,0.0,0.0,0.0,0.0
0.0,0.0,-0.06712460517883301,-0.09481748938560486,-0.16490322351455688,-0.12061971426010132,-0.23608452081680298,-0.08089452981948853,-0.27407193183898926,-0.013138651847839355,-0.1848771572113037,-0.12828212976455688,-0.3103353977203369,-0.14580437541007996,-0.37782418727874756,-0.1504838764667511,-0.43382179737091064,-0.15493303537368774,-0.17371004819869995,-0.04087477922439575,-0.30822432041168213,0.013890743255615234,-0.38138651847839355,0.043777644634246826,-0.4356463551521301,0.06876868009567261,-0.1606055498123169,0.04335677623748779,-0.2770451307296753,0.06474190950393677,-0.257476806640625,0.03577929735183716,-0.22348159551620483,0.023697257041931152,-0.1497516632080078,0.11261552572250366,-0.24694836139678955,0.11003834009170532,-0.22794628143310547,0.08830857276916504,-0.19509434700012207,0.07922810316085815,0.0,0.0,0.0,0.0,0.0,0.0,0.0,0.0,0.0,0.0,0.0,0.0,0.0,0.0,0.0,0.0,0.0,0.0,0.0,0.0,0.0,0.0,0.0,0.0,0.0,0.0,0.0,0.0,0.0,0.0,0.0,0.0,0.0,0.0,0.0,0.0,0.0,0.0,0.0,0.0,0.0,0.0
0.0,0.0,-0.06933057308197021,-0.09526321291923523,-0.1671326756477356,-0.12077128887176514,-0.2383565902709961,-0.08505260944366455,-0.2765493392944336,-0.021218061447143555,-0.1820831298828125,-0.12083792686462402,-0.3061434030532837,-0.13925603032112122,-0.3733094334602356,-0.14368116855621338,-0.42922651767730713,-0.14896440505981445,-0.17115211486816406,-0.0302809476852417,-0.3051917552947998,0.02467334270477295,-0.3810131549835205,0.05033397674560547,-0.4369050860404968,0.07176792621612549,-0.15895330905914307,0.053938865661621094,-0.2738879919052124,0.06896942853927612,-0.25556862354278564,0.03720062971115112,-0.2208060622215271,0.024957895278930664,-0.1499817967414856,0.1192392110824585,-0.24686980247497559,0.11151003837585449,-0.23109078407287598,0.08621478080749512,-0.19931018352508545,0.07568138837814331,0.0,0.0,0.0,0.0,0.0,0.0,0.0,0.0,0.0,0.0,0.0,0.0,0.0,0.0,0.0,0.0,0.0,0.0,0.0,0.0,0.0,0.0,0.0,0.0,0.0,0.0,0.0,0.0,0.0,0.0,0.0,0.0,0.0,0.0,0.0,0.0,0.0,0.0,0.0,0.0,0.0,0.0
0.0,0.0,-0.06744056940078735,-0.09106793999671936,-0.16522789001464844,-0.11580696702003479,-0.2361283302307129,-0.07919901609420776,-0.2715606689453125,-0.012100577354431152,-0.18022704124450684,-0.11558109521865845,-0.3077833652496338,-0.13404476642608643,-0.37633657455444336,-0.14074337482452393,-0.4332265257835388,-0.14647847414016724,-0.16974639892578125,-0.026426494121551514,-0.3063405752182007,0.027573347091674805,-0.3820517063140869,0.05557823181152344,-0.43749696016311646,0.07985103130340576,-0.15720880031585693,0.05646270513534546,-0.26852673292160034,0.06668931245803833,-0.247566819190979,0.03587520122528076,-0.21267235279083252,0.025062143802642822,-0.1481582522392273,0.12180042266845703,-0.2445043921470642,0.11321699619293213,-0.22425103187561035,0.09085524082183838,-0.19001537561416626,0.0835486650466919,0.0,0.0,0.0,0.0,0.0,0.0,0.0,0.0,0.0,0.0,0.0,0.0,0.0,0.0,0.0,0.0,0.0,0.0,0.0,0.0,0.0,0.0,0.0,0.0,0.0,0.0,0.0,0.0,0.0,0.0,0.0,0.0,0.0,0.0,0.0,0.0,0.0,0.0,0.0,0.0,0.0,0.0
0.0,0.0,-0.06732422113418579,-0.09306001663208008,-0.1649683117866516,-0.12051936984062195,-0.23692387342453003,-0.08502984046936035,-0.2731449604034424,-0.019666969776153564,-0.179160475730896,-0.12073606252670288,-0.30527758598327637,-0.1381751298904419,-0.3737618327140808,-0.1464451253414154,-0.4305571913719177,-0.15330052375793457,-0.16914629936218262,-0.031500935554504395,-0.30658960342407227,0.021411240100860596,-0.38311004638671875,0.04833334684371948,-0.43881672620773315,0.07205313444137573,-0.1566697359085083,0.05169475078582764,-0.26852720975875854,0.06025362014770508,-0.2473851442337036,0.0296708345413208,-0.21228301525115967,0.018800079822540283,-0.14765316247940063,0.11764699220657349,-0.2443408966064453,0.10791343450546265,-0.223679780960083,0.08501464128494263,-0.188715398311615,0.07732564210891724,0.0,0.0,0.0,0.0,0.0,0.0,0.0,0.0,0.0,0.0,0.0,0.0,0.0,0.0,0.0,0.0,0.0,0.0,0.0,0.0,0.0,0.0,0.0,0.0,0.0,0.0,0.0,0.0,0.0,0.0,0.0,0.0,0.0,0.0,0.0,0.0,0.0,0.0,0.0,0.0,0.0,0.0
0.0,0.0,-0.06727957725524902,-0.09064227342605591,-0.16608679294586182,-0.11664241552352905,-0.23790115118026733,-0.0807267427444458,-0.27457743883132935,-0.014431595802307129,-0.17992311716079712,-0.12034058570861816,-0.3062102794647217,-0.13782501220703125,-0.37461209297180176,-0.14396905899047852,-0.4318338632583618,-0.14957082271575928,-0.16869574785232544,-0.031616151332855225,-0.30560851097106934,0.023142635822296143,-0.38095033168792725,0.05199974775314331,-0.43629997968673706,0.07679623365402222,-0.1556379199028015,0.05192595720291138,-0.2654955983161926,0.0646788477897644,-0.24295765161514282,0.03664511442184448,-0.20766520500183105,0.027281641960144043,-0.145952045917511,0.1193421483039856,-0.2425815463066101,0.11228066682815552,-0.22055381536483765,0.09170705080032349,-0.18515348434448242,0.08517903089523315,0.0,0.0,0.0,0.0,0.0,0.0,0.0,0.0,0.0,0.0,0.0,0.0,0.0,0.0,0.0,0.0,0.0,0.0,0.0,0.0,0.0,0.0,0.0,0.0,0.0,0.0,0.0,0.0,0.0,0.0,0.0,0.0,0.0,0.0,0.0,0.0,0.0,0.0,0.0,0.0,0.0,0.0
0.0,0.0,-0.06603503227233887,-0.09365886449813843,-0.1623471975326538,-0.12191078066825867,-0.23317492008209229,-0.08727782964706421,-0.26827001571655273,-0.020003199577331543,-0.18092280626296997,-0.1257256269454956,-0.30591922998428345,-0.14450466632843018,-0.37384164333343506,-0.15116679668426514,-0.4305607080459595,-0.1562388837337494,-0.1716235876083374,-0.03795403242111206,-0.30712181329727173,0.015161097049713135,-0.38282865285873413,0.043516457080841064,-0.4390881061553955,0.06837213039398193,-0.15948128700256348,0.04542416334152222,-0.2683348059654236,0.05880272388458252,-0.24655365943908691,0.031238019466400146,-0.211822509765625,0.02188652753829956,-0.15050184726715088,0.11294496059417725,-0.24553269147872925,0.10600227117538452,-0.22458142042160034,0.08543193340301514,-0.19010978937149048,0.07868105173110962,0.0,0.0,0.0,0.0,0.0,0.0,0.0,0.0,0.0,0.0,0.0,0.0,0.0,0.0,0.0,0.0,0.0,0.0,0.0,0.0,0.0,0.0,0.0,0.0,0.0,0.0,0.0,0.0,0.0,0.0,0.0,0.0,0.0,0.0,0.0,0.0,0.0,0.0,0.0,0.0,0.0,0.0
0.0,0.0,-0.06831729412078857,-0.09270817041397095,-0.16547393798828125,-0.11832639575004578,-0.23518788814544678,-0.08192354440689087,-0.2699161767959595,-0.013782501220703125,-0.1821768879890442,-0.12181228399276733,-0.30731201171875,-0.13982227444648743,-0.3753538131713867,-0.1452474594116211,-0.43259376287460327,-0.15049129724502563,-0.1716521978378296,-0.03323429822921753,-0.30638933181762695,0.01976168155670166,-0.38282549381256104,0.047554731369018555,-0.4394593834877014,0.07086765766143799,-0.15887588262557983,0.051320672035217285,-0.2707390785217285,0.0652737021446228,-0.249059796333313,0.03730732202529907,-0.21370422840118408,0.02703702449798584,-0.14918148517608643,0.11962509155273438,-0.24706661701202393,0.11260348558425903,-0.22619372606277466,0.09170770645141602,-0.1910771131515503,0.0845903754234314,0.0,0.0,0.0,0.0,0.0,0.0,0.0,0.0,0.0,0.0,0.0,0.0,0.0,0.0,0.0,0.0,0.0,0.0,0.0,0.0,0.0,0.0,0.0,0.0,0.0,0.0,0.0,0.0,0.0,0.0,0.0,0.0,0.0,0.0,0.0,0.0,0.0,0.0,0.0,0.0,0.0,0.0
