0.0,0.0,-0.09394365549087524,0.08161777257919312,-0.14136415719985962,0.22259306907653809,-0.1000404953956604,0.3509237766265869,-0.04670506715774536,0.410540372133255,-0.16920900344848633,0.18269822001457214,-0.15066438913345337,0.36029917001724243,-0.13644087314605713,0.48020219802856445,-0.11969804763793945,0.5669454336166382,-0.08788740634918213,0.1526332050561905,-0.0890188217163086,0.32671478390693665,-0.11814171075820923,0.4150622487068176,-0.1364728808403015,0.4453386068344116,-0.006941795349121094,0.14673924446105957,0.0011693239212036133,0.36854082345962524,-0.018635690212249756,0.3935641050338745,-0.03307586908340454,0.3408017158508301,0.06543046236038208,0.15570887923240662,0.05712789297103882,0.3453770577907562,0.03329437971115112,0.37480655312538147,0.01278066635131836,0.3419429063796997,0.0,0.0,0.0,0.0,0.0,0.0,0.0,0.0,0.0,0.0,0.0,0.0,0.0,0.0,0.0,0.0,0.0,0.0,0.0,0.0,0.0,0.0,0.0,0.0,0.0,0.0,0.0,0.0,0.0,0.0,0.0,0.0,0.0,0.0,0.0,0.0,0.0,0.0,0.0,0.0,0.0,0.0
0.0,0.0,-0.0938606858253479,0.08695144951343536,-0.143185555934906,0.2352694272994995,-0.10261309146881104,0.36915144324302673,-0.05164480209350586,0.4348283112049103,-0.16669327020645142,0.18031573295593262,-0.14709413051605225,0.352690726518631,-0.1314052939414978,0.4752623736858368,-0.11450684070587158,0.56804159283638,-0.08590918779373169,0.15258130431175232,-0.08498215675354004,0.33332160115242004,-0.11921262741088867,0.4059634506702423,-0.14622312784194946,0.4257086515426636,-0.005345165729522705,0.14684242010116577,0.0049672722816467285,0.3727746307849884,-0.01663661003112793,0.38129380345344543,-0.035061776638031006,0.3181755244731903,0.06704646348953247,0.15344831347465515,0.05793261528015137,0.34216073155403137,0.03272521495819092,0.35804784297943115,0.01242595911026001,0.3162716329097748,0.0,0.0,0.0,0.0,0.0,0.0,0.0,0.0,0.0,0.0,0.0,0.0,0.0,0.0,0.0,0.0,0.0,0.0,0.0,0.0,0.0,0.0,0.0,0.0,0.0,0.0,0.0,0.0,0.0,0.0,0.0,0.0,0.0,0.0,0.0,0.0,0.0,0.0,0.0,0.0,0.0,0.0
0.0,0.0,-0.09155172109603882,0.08693379163742065,-0.1374254822731018,0.23446686565876007,-0.0908045768737793,0.36522717773914337,-0.035453617572784424,0.42761559784412384,-0.16366267204284668,0.1801963597536087,-0.14413130283355713,0.35258467495441437,-0.1280692219734192,0.4734816700220108,-0.11065489053726196,0.5665557533502579,-0.08364325761795044,0.15264518558979034,-0.08484649658203125,0.33413566648960114,-0.11863696575164795,0.40938450396060944,-0.14465606212615967,0.43424375355243683,-0.0025780797004699707,0.1468229740858078,0.008281171321868896,0.3759298771619797,-0.012987673282623291,0.37722988426685333,-0.031894683837890625,0.311361625790596,0.07047653198242188,0.15308915078639984,0.060595571994781494,0.34186090528964996,0.034840941429138184,0.3532259911298752,0.014839768409729004,0.3097466677427292,0.0,0.0,0.0,0.0,0.0,0.0,0.0,0.0,0.0,0.0,0.0,0.0,0.0,0.0,0.0,0.0,0.0,0.0,0.0,0.0,0.0,0.0,0.0,0.0,0.0,0.0,0.0,0.0,0.0,0.0,0.0,0.0,0.0,0.0,0.0,0.0,0.0,0.0,0.0,0.0,0.0,0.0
0.0,0.0,-0.09205013513565063,0.08909577131271362,-0.1356562376022339,0.23526279628276825,-0.08162885904312134,0.35908372700214386,-0.018116235733032227,0.40616123378276825,-0.16464710235595703,0.17999495565891266,-0.145810067653656,0.35294394195079803,-0.13002854585647583,0.4729750007390976,-0.11181193590164185,0.564423069357872,-0.08525127172470093,0.14934135973453522,-0.09038156270980835,0.3225432187318802,-0.12217831611633301,0.4028760641813278,-0.1451348066329956,0.4315556138753891,-0.0037716031074523926,0.14379020035266876,0.007316708564758301,0.3720206469297409,-0.013055264949798584,0.3740031570196152,-0.031553447246551514,0.3072674721479416,0.0694725513458252,0.15200716257095337,0.060579895973205566,0.3410664349794388,0.035259246826171875,0.3516957014799118,0.01538461446762085,0.3058537095785141,0.0,0.0,0.0,0.0,0.0,0.0,0.0,0.0,0.0,0.0,0.0,0.0,0.0,0.0,0.0,0.0,0.0,0.0,0.0,0.0,0.0,0.0,0.0,0.0,0.0,0.0,0.0,0.0,0.0,0.0,0.0,0.0,0.0,0.0,0.0,0.0,0.0,0.0,0.0,0.0,0.0,0.0
0.0,0.0,-0.09380239248275757,0.08561757206916809,-0.14124411344528198,0.23269787430763245,-0.09656816720962524,0.36395853757858276,-0.04267251491546631,0.4278278052806854,-0.1645745038986206,0.17683035135269165,-0.14526331424713135,0.34827181696891785,-0.13019859790802002,0.4697507321834564,-0.11354959011077881,0.5620019137859344,-0.08264303207397461,0.14931999146938324,-0.08132064342498779,0.3308364748954773,-0.11775976419448853,0.4028177857398987,-0.14572149515151978,0.42184779047966003,-0.0017044544219970703,0.14382904767990112,0.009131133556365967,0.37238243222236633,-0.014835774898529053,0.3750872313976288,-0.034991562366485596,0.30813804268836975,0.07002568244934082,0.150900200009346,0.0591050386428833,0.339697003364563,0.03203141689300537,0.34900224208831787,0.011834800243377686,0.3019242584705353,0.0,0.0,0.0,0.0,0.0,0.0,0.0,0.0,0.0,0.0,0.0,0.0,0.0,0.0,0.0,0.0,0.0,0.0,0.0,0.0,0.0,0.0,0.0,0.0,0.0,0.0,0.0,0.0,0.0,0.0,0.0,0.0,0.0,0.0,0.0,0.0,0.0,0.0,0.0,0.0,0.0,0.0
0.0,0.0,-0.09419769048690796,0.0896337479352951,-0.1386600136756897,0.23942072689533234,-0.08291995525360107,0.37031038105487823,-0.018503308296203613,0.4245782047510147,-0.16523617506027222,0.1749466210603714,-0.1455361247062683,0.3453238159418106,-0.13064908981323242,0.4682001620531082,-0.11347633600234985,0.5636462718248367,-0.08525663614273071,0.146850124001503,-0.09008502960205078,0.32157935202121735,-0.12505024671554565,0.3974214345216751,-0.15019947290420532,0.419857993721962,-0.0033263564109802246,0.1443289816379547,0.007613956928253174,0.37547875940799713,-0.014655590057373047,0.3725906163454056,-0.03441983461380005,0.3017217069864273,0.06993567943572998,0.15544533729553223,0.05990195274353027,0.3457907885313034,0.032407164573669434,0.35139741003513336,0.012223482131958008,0.3017592579126358,0.0,0.0,0.0,0.0,0.0,0.0,0.0,0.0,0.0,0.0,0.0,0.0,0.0,0.0,0.0,0.0,0.0,0.0,0.0,0.0,0.0,0.0,0.0,0.0,0.0,0.0,0.0,0.0,0.0,0.0,0.0,0.0,0.0,0.0,0.0,0.0,0.0,0.0,0.0,0.0,0.0,0.0
0.0,0.0,-0.09736239910125732,0.08926340937614441,-0.1409704089164734,0.23415318131446838,-0.09227627515792847,0.35915297269821167,-0.03075242042541504,0.4076298475265503,-0.1611405611038208,0.1736774444580078,-0.14578408002853394,0.3449517786502838,-0.12957757711410522,0.47077053785324097,-0.11124014854431152,0.5650434494018555,-0.0806228518486023,0.14813494682312012,-0.07659560441970825,0.33069372177124023,-0.11502444744110107,0.39054322242736816,-0.14496386051177979,0.39470070600509644,-0.00045871734619140625,0.14462965726852417,0.012870490550994873,0.3715926706790924,-0.01687169075012207,0.37337207794189453,-0.040442466735839844,0.30528753995895386,0.07066893577575684,0.15178915858268738,0.059620022773742676,0.34011775255203247,0.028498947620391846,0.3480902910232544,0.006336510181427002,0.3001362979412079,0.0,0.0,0.0,0.0,0.0,0.0,0.0,0.0,0.0,0.0,0.0,0.0,0.0,0.0,0.0,0.0,0.0,0.0,0.0,0.0,0.0,0.0,0.0,0.0,0.0,0.0,0.0,0.0,0.0,0.0,0.0,0.0,0.0,0.0,0.0,0.0,0.0,0.0,0.0,0.0,0.0,0.0
0.0,0.0,-0.09713780879974365,0.08516502380371094,-0.14382636547088623,0.23499467968940735,-0.09380322694778442,0.36661991477012634,-0.034598588943481445,0.4194774627685547,-0.1640383005142212,0.17683285474777222,-0.1463712453842163,0.3498308062553406,-0.13028717041015625,0.4729778468608856,-0.11344528198242188,0.5694754421710968,-0.08281004428863525,0.15380963683128357,-0.07818561792373657,0.3402291536331177,-0.11580079793930054,0.39651206135749817,-0.14617294073104858,0.4011736214160919,-0.002260446548461914,0.15030761063098907,0.010781824588775635,0.3787808418273926,-0.018281638622283936,0.3694259226322174,-0.041869163513183594,0.2960110604763031,0.06911945343017578,0.1575235277414322,0.05828124284744263,0.3452552258968353,0.027162015438079834,0.3424793481826782,0.0055435895919799805,0.288510799407959,0.0,0.0,0.0,0.0,0.0,0.0,0.0,0.0,0.0,0.0,0.0,0.0,0.0,0.0,0.0,0.0,0.0,0.0,0.0,0.0,0.0,0.0,0.0,0.0,0.0,0.0,0.0,0.0,0.0,0.0,0.0,0.0,0.0,0.0,0.0,0.0,0.0,0.0,0.0,0.0,0.0,0.0
0.0,0.0,-0.09624946117401123,0.08219209313392639,-0.14705026149749756,0.23160812258720398,-0.10717099905014038,0.368039071559906,-0.057969748973846436,0.43535980582237244,-0.16234946250915527,0.1769779622554779,-0.1434861421585083,0.3489964008331299,-0.1288588047027588,0.47315874695777893,-0.11251622438430786,0.5708031356334686,-0.07899856567382812,0.15592584013938904,-0.07373720407485962,0.3489721417427063,-0.1100950837135315,0.401948481798172,-0.13857793807983398,0.4010522961616516,0.0009325742721557617,0.15228164196014404,0.012726962566375732,0.37758150696754456,-0.015618741512298584,0.37668588757514954,-0.038141489028930664,0.30910250544548035,0.07095462083816528,0.1579408198595047,0.06040769815444946,0.34431079030036926,0.02950948476791382,0.35179758071899414,0.006578028202056885,0.3064558506011963,0.0,0.0,0.0,0.0,0.0,0.0,0.0,0.0,0.0,0.0,0.0,0.0,0.0,0.0,0.0,0.0,0.0,0.0,0.0,0.0,0.0,0.0,0.0,0.0,0.0,0.0,0.0,0.0,0.0,0.0,0.0,0.0,0.0,0.0,0.0,0.0,0.0,0.0,0.0,0.0,0.0,0.0
0.0,0.0,-0.09537065029144287,0.08617693185806274,-0.14420980215072632,0.24102914333343506,-0.10252267122268677,0.38169288635253906,-0.05389440059661865,0.4460951089859009,-0.16092967987060547,0.18174973130226135,-0.1398586630821228,0.3537568747997284,-0.12292003631591797,0.47858113050460815,-0.10408800840377808,0.5747254490852356,-0.0788528323173523,0.16070163249969482,-0.06932413578033447,0.359918475151062,-0.1061941385269165,0.40755000710487366,-0.13503992557525635,0.39895087480545044,0.0005932450294494629,0.1559244692325592,0.014693498611450195,0.3857913017272949,-0.017025470733642578,0.3838823437690735,-0.0424121618270874,0.31736674904823303,0.07082176208496094,0.15947610139846802,0.06207704544067383,0.35015201568603516,0.02986299991607666,0.35586845874786377,0.007593512535095215,0.30926817655563354,0.0,0.0,0.0,0.0,0.0,0.0,0.0,0.0,0.0,0.0,0.0,0.0,0.0,0.0,0.0,0.0,0.0,0.0,0.0,0.0,0.0,0.0,0.0,0.0,0.0,0.0,0.0,0.0,0.0,0.0,0.0,0.0,0.0,0.0,0.0,0.0,0.0,0.0,0.0,0.0,0.0,0.0
0.0,0.0,-0.09171301126480103,0.08185932040214539,-0.14293324947357178,0.2330368012189865,-0.10529375076293945,0.3744136542081833,-0.06270009279251099,0.4455803483724594,-0.16311097145080566,0.1819433718919754,-0.14337074756622314,0.3590284734964371,-0.12574869394302368,0.4813479632139206,-0.10610795021057129,0.5759629458189011,-0.08222764730453491,0.15940682590007782,-0.07772606611251831,0.35280148684978485,-0.11130708456039429,0.4076002687215805,-0.1357467770576477,0.4092700332403183,-0.0025052428245544434,0.15453295409679413,0.00893092155456543,0.3840052932500839,-0.019808590412139893,0.38193492591381073,-0.04254359006881714,0.31615208089351654,0.06908857822418213,0.158904030919075,0.06057751178741455,0.3500770479440689,0.03143280744552612,0.3562064915895462,0.010429024696350098,0.3101067692041397,0.0,0.0,0.0,0.0,0.0,0.0,0.0,0.0,0.0,0.0,0.0,0.0,0.0,0.0,0.0,0.0,0.0,0.0,0.0,0.0,0.0,0.0,0.0,0.0,0.0,0.0,0.0,0.0,0.0,0.0,0.0,0.0,0.0,0.0,0.0,0.0,0.0,0.0,0.0,0.0,0.0,0.0
0.0,0.0,-0.09248799085617065,0.08633197844028473,-0.13914859294891357,0.23769709467887878,-0.0981529951095581,0.37151479721069336,-0.05089515447616577,0.4309331476688385,-0.1628204584121704,0.18513521552085876,-0.1452852487564087,0.3678320646286011,-0.1267387866973877,0.48898980021476746,-0.10580253601074219,0.5804614722728729,-0.08326107263565063,0.15995869040489197,-0.08009004592895508,0.3570598065853119,-0.11114144325256348,0.41587531566619873,-0.13175946474075317,0.4179886281490326,-0.003100752830505371,0.15378686785697937,0.006455063819885254,0.3858993947505951,-0.022374868392944336,0.38414981961250305,-0.04341810941696167,0.3158608376979828,0.06960928440093994,0.15716493129730225,0.06033557653427124,0.34850525856018066,0.03019869327545166,0.3554377257823944,0.008524179458618164,0.30937460064888,0.0,0.0,0.0,0.0,0.0,0.0,0.0,0.0,0.0,0.0,0.0,0.0,0.0,0.0,0.0,0.0,0.0,0.0,0.0,0.0,0.0,0.0,0.0,0.0,0.0,0.0,0.0,0.0,0.0,0.0,0.0,0.0,0.0,0.0,0.0,0.0,0.0,0.0,0.0,0.0,0.0,0.0
0.0,0.0,-0.0889824628829956,0.08784019947052002,-0.14179140329360962,0.2510247826576233,-0.11763381958007812,0.40337029099464417,-0.08787542581558228,0.49090054631233215,-0.15602463483810425,0.19340473413467407,-0.13827788829803467,0.37085777521133423,-0.11842018365859985,0.492372065782547,-0.09317976236343384,0.5760601460933685,-0.0758318305015564,0.17201083898544312,-0.07076972723007202,0.39028236269950867,-0.100028395652771,0.43356743454933167,-0.11725670099258423,0.40587547421455383,0.001474142074584961,0.1632055938243866,0.008381545543670654,0.3919971287250519,-0.021399974822998047,0.38729676604270935,-0.042298853397369385,0.3147175908088684,0.0730663537979126,0.16275623440742493,0.06386291980743408,0.35238298773765564,0.03197908401489258,0.3504739999771118,0.00955653190612793,0.2948716878890991,0.0,0.0,0.0,0.0,0.0,0.0,0.0,0.0,0.0,0.0,0.0,0.0,0.0,0.0,0.0,0.0,0.0,0.0,0.0,0.0,0.0,0.0,0.0,0.0,0.0,0.0,0.0,0.0,0.0,0.0,0.0,0.0,0.0,0.0,0.0,0.0,0.0,0.0,0.0,0.0,0.0,0.0
0.0,0.0,-0.08704429864883423,0.08863408863544464,-0.14100360870361328,0.2629852294921875,-0.1221240758895874,0.42138099670410156,-0.09967160224914551,0.5203261971473694,-0.15547555685043335,0.2004663646221161,-0.13166946172714233,0.36941343545913696,-0.10577762126922607,0.4795246720314026,-0.0776214599609375,0.5560302734375,-0.07504004240036011,0.17585045099258423,-0.06394088268280029,0.39097273349761963,-0.0896729826927185,0.4110208749771118,-0.10761046409606934,0.37585514783859253,0.003424227237701416,0.1614280492067337,0.01059567928314209,0.3906334936618805,-0.01302880048751831,0.3678768575191498,-0.03065544366836548,0.29132288694381714,0.07626396417617798,0.15552204847335815,0.06823617219924927,0.3476617634296417,0.04399460554122925,0.3314906358718872,0.02871847152709961,0.2694580852985382,0.0,0.0,0.0,0.0,0.0,0.0,0.0,0.0,0.0,0.0,0.0,0.0,0.0,0.0,0.0,0.0,0.0,0.0,0.0,0.0,0.0,0.0,0.0,0.0,0.0,0.0,0.0,0.0,0.0,0.0,0.0,0.0,0.0,0.0,0.0,0.0,0.0,0.0,0.0,0.0,0.0,0.0
0.0,0.0,-0.07958537340164185,0.08699169754981995,-0.13155806064605713,0.2545892298221588,-0.11765646934509277,0.40348681807518005,-0.10964661836624146,0.503218948841095,-0.16267603635787964,0.2085953950881958,-0.14146602153778076,0.39771318435668945,-0.11534100770950317,0.512692928314209,-0.08888334035873413,0.6011009812355042,-0.0825757384300232,0.18547606468200684,-0.07629984617233276,0.4018029570579529,-0.09749001264572144,0.432463675737381,-0.11554229259490967,0.4154658019542694,-0.0022403597831726074,0.17327655851840973,0.002653956413269043,0.4087899327278137,-0.014803826808929443,0.38206908106803894,-0.03043210506439209,0.30444079637527466,0.073403000831604,0.16861939430236816,0.06391316652297974,0.35982564091682434,0.04235219955444336,0.34079205989837646,0.026398539543151855,0.2757834196090698,0.0,0.0,0.0,0.0,0.0,0.0,0.0,0.0,0.0,0.0,0.0,0.0,0.0,0.0,0.0,0.0,0.0,0.0,0.0,0.0,0.0,0.0,0.0,0.0,0.0,0.0,0.0,0.0,0.0,0.0,0.0,0.0,0.0,0.0,0.0,0.0,0.0,0.0,0.0,0.0,0.0,0.0
0.0,0.0,-0.08863884210586548,0.08730074763298035,-0.14461958408355713,0.25858211517333984,-0.11768680810928345,0.41413599252700806,-0.08682548999786377,0.5025027096271515,-0.1619861125946045,0.20587533712387085,-0.14193439483642578,0.3840975761413574,-0.11747831106185913,0.4973479211330414,-0.08979153633117676,0.5789763629436493,-0.07959616184234619,0.18286022543907166,-0.0756954550743103,0.40578004717826843,-0.09452617168426514,0.4168091118335724,-0.10390347242355347,0.3748475909233093,-0.0001170039176940918,0.16998809576034546,0.006653249263763428,0.3993719518184662,-0.013497889041900635,0.3667316734790802,-0.028178930282592773,0.287320613861084,0.07299309968948364,0.16565847396850586,0.064400315284729,0.3575907349586487,0.042975425720214844,0.33295610547065735,0.029900729656219482,0.26740968227386475,0.0,0.0,0.0,0.0,0.0,0.0,0.0,0.0,0.0,0.0,0.0,0.0,0.0,0.0,0.0,0.0,0.0,0.0,0.0,0.0,0.0,0.0,0.0,0.0,0.0,0.0,0.0,0.0,0.0,0.0,0.0,0.0,0.0,0.0,0.0,0.0,0.0,0.0,0.0,0.0,0.0,0.0
0.0,0.0,-0.08218693733215332,0.08607470989227295,-0.13473999500274658,0.2477654218673706,-0.1093817949295044,0.39089396595954895,-0.08367729187011719,0.47194960713386536,-0.16304820775985718,0.21384599804878235,-0.14721214771270752,0.3962326943874359,-0.12456786632537842,0.510946661233902,-0.09902453422546387,0.5964532196521759,-0.0815432071685791,0.19182956218719482,-0.08040386438369751,0.41344115138053894,-0.09799516201019287,0.42714887857437134,-0.10880732536315918,0.3904719054698944,-0.0012965202331542969,0.17852701246738434,0.0031031370162963867,0.4073399007320404,-0.015909135341644287,0.3743530511856079,-0.03024148941040039,0.2952333092689514,0.07293844223022461,0.17208930850028992,0.06132572889328003,0.3634626567363739,0.03993624448776245,0.33992624282836914,0.02663445472717285,0.27724820375442505,0.0,0.0,0.0,0.0,0.0,0.0,0.0,0.0,0.0,0.0,0.0,0.0,0.0,0.0,0.0,0.0,0.0,0.0,0.0,0.0,0.0,0.0,0.0,0.0,0.0,0.0,0.0,0.0,0.0,0.0,0.0,0.0,0.0,0.0,0.0,0.0,0.0,0.0,0.0,0.0,0.0,0.0
0.0,0.0,-0.08317279815673828,0.08423320949077606,-0.1367741823196411,0.240650475025177,-0.111316978931427,0.37928739190101624,-0.07994258403778076,0.4585050642490387,-0.16710638999938965,0.21318519115447998,-0.15436697006225586,0.3974061906337738,-0.1333099603652954,0.5117881000041962,-0.10882598161697388,0.5980382859706879,-0.08478051424026489,0.19408169388771057,-0.08775079250335693,0.412752240896225,-0.10394537448883057,0.43463334441185,-0.11223733425140381,0.4050237536430359,-0.0038802623748779297,0.182597815990448,-0.0015154480934143066,0.40826520323753357,-0.021547794342041016,0.37622156739234924,-0.03510725498199463,0.29708167910575867,0.07100021839141846,0.1774899959564209,0.05636954307556152,0.3651532232761383,0.033360064029693604,0.3419390022754669,0.019217967987060547,0.2797255516052246,0.0,0.0,0.0,0.0,0.0,0.0,0.0,0.0,0.0,0.0,0.0,0.0,0.0,0.0,0.0,0.0,0.0,0.0,0.0,0.0,0.0,0.0,0.0,0.0,0.0,0.0,0.0,0.0,0.0,0.0,0.0,0.0,0.0,0.0,0.0,0.0,0.0,0.0,0.0,0.0,0.0,0.0
0.0,0.0,-0.08609616756439209,0.08131694793701172,-0.14061450958251953,0.23962005972862244,-0.1176101565361023,0.38162779808044434,-0.09183138608932495,0.4648118317127228,-0.16850495338439941,0.21217647194862366,-0.1543658971786499,0.4002390503883362,-0.13486629724502563,0.5151225626468658,-0.11022275686264038,0.603038102388382,-0.08305400609970093,0.19681724905967712,-0.0873226523399353,0.4185486137866974,-0.11079174280166626,0.4325207769870758,-0.12203377485275269,0.3985541760921478,-0.001524806022644043,0.187810480594635,-0.0048424601554870605,0.41532596945762634,-0.029755711555480957,0.378858357667923,-0.04287964105606079,0.2992813289165497,0.07210767269134521,0.1842520833015442,0.0535660982131958,0.3724343478679657,0.026992082595825195,0.34577593207359314,0.012971043586730957,0.28361907601356506,0.0,0.0,0.0,0.0,0.0,0.0,0.0,0.0,0.0,0.0,0.0,0.0,0.0,0.0,0.0,0.0,0.0,0.0,0.0,0.0,0.0,0.0,0.0,0.0,0.0,0.0,0.0,0.0,0.0,0.0,0.0,0.0,0.0,0.0,0.0,0.0,0.0,0.0,0.0,0.0,0.0,0.0
0.0,0.0,-0.09149235486984253,0.08167010545730591,-0.14267486333847046,0.23857441544532776,-0.11420875787734985,0.375165730714798,-0.07836836576461792,0.4518360495567322,-0.16558712720870972,0.21657231450080872,-0.15483760833740234,0.410078763961792,-0.13927531242370605,0.5250352621078491,-0.1183403730392456,0.6137337684631348,-0.0785362720489502,0.20612341165542603,-0.07797342538833618,0.43848150968551636,-0.10769981145858765,0.4374154806137085,-0.12266552448272705,0.38751915097236633,0.0026784539222717285,0.19831937551498413,0.0005383491516113281,0.42357486486434937,-0.03113687038421631,0.3843454122543335,-0.04502207040786743,0.30773046612739563,0.07392174005508423,0.19410289824008942,0.05358368158340454,0.3801293969154358,0.022562682628631592,0.3512358069419861,0.009580552577972412,0.2904282212257385,0.0,0.0,0.0,0.0,0.0,0.0,0.0,0.0,0.0,0.0,0.0,0.0,0.0,0.0,0.0,0.0,0.0,0.0,0.0,0.0,0.0,0.0,0.0,0.0,0.0,0.0,0.0,0.0,0.0,0.0,0.0,0.0,0.0,0.0,0.0,0.0,0.0,0.0,0.0,0.0,0.0,0.0
0.0,0.0,-0.09966087341308594,0.0717320442199707,-0.1607953906059265,0.22671055793762207,-0.14230090379714966,0.3708844780921936,-0.1115843653678894,0.45533838868141174,-0.1657143235206604,0.217146098613739,-0.1647844910621643,0.4123048782348633,-0.15671324729919434,0.5280000269412994,-0.142214834690094,0.6183871328830719,-0.07884997129440308,0.22269585728645325,-0.08657753467559814,0.45603081583976746,-0.11696922779083252,0.44058433175086975,-0.12650799751281738,0.37455710768699646,-0.0007089972496032715,0.22101819515228271,-0.00920093059539795,0.4263695180416107,-0.04333651065826416,0.3855974078178406,-0.05496925115585327,0.314497172832489,0.06515073776245117,0.2202153205871582,0.04183143377304077,0.38837116956710815,0.01083308458328247,0.3553510308265686,-0.0003409385681152344,0.2982105612754822,0.0,0.0,0.0,0.0,0.0,0.0,0.0,0.0,0.0,0.0,0.0,0.0,0.0,0.0,0.0,0.0,0.0,0.0,0.0,0.0,0.0,0.0,0.0,0.0,0.0,0.0,0.0,0.0,0.0,0.0,0.0,0.0,0.0,0.0,0.0,0.0,0.0,0.0,0.0,0.0,0.0,0.0
0.0,0.0,-0.09827333688735962,0.06889626383781433,-0.15583109855651855,0.21770671010017395,-0.1425790786743164,0.3552340567111969,-0.1248849630355835,0.44586116075515747,-0.17590636014938354,0.2172394096851349,-0.175787091255188,0.41528207063674927,-0.16764670610427856,0.5300823450088501,-0.15486842393875122,0.6212596297264099,-0.09239250421524048,0.22620683908462524,-0.10095906257629395,0.4605255126953125,-0.12540334463119507,0.4515396058559418,-0.13107341527938843,0.3927832841873169,-0.013373255729675293,0.22789108753204346,-0.024085938930511475,0.437521755695343,-0.054149329662323,0.3953428268432617,-0.0622173547744751,0.3250947892665863,0.05508410930633545,0.22872763872146606,0.027491211891174316,0.3997266888618469,-0.0028768181800842285,0.3656046390533447,-0.012488245964050293,0.30877113342285156,0.0,0.0,0.0,0.0,0.0,0.0,0.0,0.0,0.0,0.0,0.0,0.0,0.0,0.0,0.0,0.0,0.0,0.0,0.0,0.0,0.0,0.0,0.0,0.0,0.0,0.0,0.0,0.0,0.0,0.0,0.0,0.0,0.0,0.0,0.0,0.0,0.0,0.0,0.0,0.0,0.0,0.0
0.0,0.0,-0.10218638181686401,0.0668221116065979,-0.16662365198135376,0.21855655312538147,-0.1542150378227234,0.36292392015457153,-0.12968569993972778,0.45228689908981323,-0.1769341230392456,0.22111281752586365,-0.18015187978744507,0.42012739181518555,-0.17901599407196045,0.5333620309829712,-0.17148786783218384,0.6216841340065002,-0.09068536758422852,0.23092198371887207,-0.10342586040496826,0.46965134143829346,-0.12678706645965576,0.4410746395587921,-0.12867939472198486,0.36667120456695557,-0.012562274932861328,0.23187419772148132,-0.027015626430511475,0.4350617229938507,-0.056344807147979736,0.38841673731803894,-0.06310641765594482,0.320266991853714,0.05369037389755249,0.23211345076560974,0.02350550889968872,0.3943813145160675,-0.005021572113037109,0.35660892724990845,-0.012976884841918945,0.3032934367656708,0.0,0.0,0.0,0.0,0.0,0.0,0.0,0.0,0.0,0.0,0.0,0.0,0.0,0.0,0.0,0.0,0.0,0.0,0.0,0.0,0.0,0.0,0.0,0.0,0.0,0.0,0.0,0.0,0.0,0.0,0.0,0.0,0.0,0.0,0.0,0.0,0.0,0.0,0.0,0.0,0.0,0.0
0.0,0.0,-0.10537093877792358,0.07115723192691803,-0.16615962982177734,0.22337180376052856,-0.15307766199111938,0.36583831906318665,-0.1291567087173462,0.4546075463294983,-0.17927241325378418,0.22290506958961487,-0.18368589878082275,0.42399442195892334,-0.18029117584228516,0.5412131249904633,-0.1709643006324768,0.63351771235466,-0.09469258785247803,0.23844921588897705,-0.1110188364982605,0.4783574044704437,-0.13390207290649414,0.4635283648967743,-0.13636642694473267,0.3972809314727783,-0.016230106353759766,0.2445773482322693,-0.03317546844482422,0.4493759572505951,-0.06289178133010864,0.40955227613449097,-0.07074695825576782,0.3419491946697235,0.05064868927001953,0.24828651547431946,0.02080833911895752,0.4106638729572296,-0.009566545486450195,0.378521591424942,-0.020616233348846436,0.3270346224308014,0.0,0.0,0.0,0.0,0.0,0.0,0.0,0.0,0.0,0.0,0.0,0.0,0.0,0.0,0.0,0.0,0.0,0.0,0.0,0.0,0.0,0.0,0.0,0.0,0.0,0.0,0.0,0.0,0.0,0.0,0.0,0.0,0.0,0.0,0.0,0.0,0.0,0.0,0.0,0.0,0.0,0.0
0.0,0.0,-0.10911381244659424,0.07485395669937134,-0.1697360873222351,0.22884497046470642,-0.157181978225708,0.3696383237838745,-0.12868422269821167,0.45666036009788513,-0.17462223768234253,0.23247352242469788,-0.18067359924316406,0.4296371042728424,-0.17854398488998413,0.5473122000694275,-0.17245906591415405,0.641611635684967,-0.0885852575302124,0.24820396304130554,-0.10411083698272705,0.47849041223526,-0.12896686792373657,0.47755545377731323,-0.13597476482391357,0.42422717809677124,-0.009301960468292236,0.2535719871520996,-0.028666913509368896,0.45187729597091675,-0.0613059401512146,0.41856569051742554,-0.0724608302116394,0.35263800621032715,0.05626755952835083,0.25578200817108154,0.025974750518798828,0.4141736626625061,-0.006325840950012207,0.3893073499202728,-0.020113050937652588,0.34062403440475464,0.0,0.0,0.0,0.0,0.0,0.0,0.0,0.0,0.0,0.0,0.0,0.0,0.0,0.0,0.0,0.0,0.0,0.0,0.0,0.0,0.0,0.0,0.0,0.0,0.0,0.0,0.0,0.0,0.0,0.0,0.0,0.0,0.0,0.0,0.0,0.0,0.0,0.0,0.0,0.0,0.0,0.0
0.0,0.0,-0.10767906904220581,0.07397475838661194,-0.1671268343925476,0.23004326224327087,-0.15307122468948364,0.37275299429893494,-0.12491512298583984,0.4634830355644226,-0.17589515447616577,0.22895684838294983,-0.18048393726348877,0.42696526646614075,-0.17660605907440186,0.5439853370189667,-0.16833144426345825,0.6370216310024261,-0.08812057971954346,0.24777567386627197,-0.10469293594360352,0.48641547560691833,-0.12495940923690796,0.4779074490070343,-0.12556153535842896,0.4152633249759674,-0.007147490978240967,0.25670528411865234,-0.02511662244796753,0.4578414857387543,-0.05276387929916382,0.41932082176208496,-0.05884265899658203,0.3524523377418518,0.060633957386016846,0.26369771361351013,0.030443906784057617,0.42460837960243225,0.0023876428604125977,0.3939512372016907,-0.00680851936340332,0.342621386051178,0.0,0.0,0.0,0.0,0.0,0.0,0.0,0.0,0.0,0.0,0.0,0.0,0.0,0.0,0.0,0.0,0.0,0.0,0.0,0.0,0.0,0.0,0.0,0.0,0.0,0.0,0.0,0.0,0.0,0.0,0.0,0.0,0.0,0.0,0.0,0.0,0.0,0.0,0.0,0.0,0.0,0.0
0.0,0.0,-0.11181128025054932,0.07453790307044983,-0.16920888423919678,0.23198071122169495,-0.1560479998588562,0.37295806407928467,-0.12809693813323975,0.4630577564239502,-0.1784791350364685,0.23197093605995178,-0.18564528226852417,0.43379372358322144,-0.179928719997406,0.5516043901443481,-0.1735743284225464,0.6444825530052185,-0.08985030651092529,0.2513631284236908,-0.10101652145385742,0.47434377670288086,-0.12285804748535156,0.49640703201293945,-0.12969970703125,0.4619612693786621,-0.0069918036460876465,0.2633085250854492,-0.025979340076446533,0.46160033345222473,-0.05801033973693848,0.4336840808391571,-0.0682951807975769,0.3663666248321533,0.05987358093261719,0.273234099149704,0.02857363224029541,0.42918992042541504,-0.0029726624488830566,0.4080039858818054,-0.016986429691314697,0.35830774903297424,0.0,0.0,0.0,0.0,0.0,0.0,0.0,0.0,0.0,0.0,0.0,0.0,0.0,0.0,0.0,0.0,0.0,0.0,0.0,0.0,0.0,0.0,0.0,0.0,0.0,0.0,0.0,0.0,0.0,0.0,0.0,0.0,0.0,0.0,0.0,0.0,0.0,0.0,0.0,0.0,0.0,0.0
0.0,0.0,-0.10891091823577881,0.0748697817325592,-0.168018639087677,0.23124009370803833,-0.1593344807624817,0.3803388178348541,-0.1301788091659546,0.47799354791641235,-0.1762939691543579,0.23476442694664001,-0.1838012933731079,0.4429464340209961,-0.18045318126678467,0.5641703009605408,-0.17373961210250854,0.657170832157135,-0.08338087797164917,0.2587359845638275,-0.08855485916137695,0.4791033864021301,-0.11529773473739624,0.5065015554428101,-0.12870019674301147,0.4801419973373413,0.0007441043853759766,0.2739945948123932,-0.020991861820220947,0.4767269492149353,-0.060174524784088135,0.4631636142730713,-0.07887792587280273,0.4087234139442444,0.06734573841094971,0.2861301898956299,0.02691560983657837,0.43034791946411133,-0.011501014232635498,0.41604381799697876,-0.03272223472595215,0.375807523727417,0.0,0.0,0.0,0.0,0.0,0.0,0.0,0.0,0.0,0.0,0.0,0.0,0.0,0.0,0.0,0.0,0.0,0.0,0.0,0.0,0.0,0.0,0.0,0.0,0.0,0.0,0.0,0.0,0.0,0.0,0.0,0.0,0.0,0.0,0.0,0.0,0.0,0.0,0.0,0.0,0.0,0.0
0.0,0.0,-0.10900425910949707,0.07517421245574951,-0.16420483589172363,0.23328399658203125,-0.1548965573310852,0.3824450671672821,-0.12706363201141357,0.48321911692619324,-0.17302608489990234,0.2386224865913391,-0.18510651588439941,0.45375898480415344,-0.1814631223678589,0.576107531785965,-0.17339247465133667,0.6669394075870514,-0.08070409297943115,0.26140549778938293,-0.08485966920852661,0.4890434443950653,-0.10879045724868774,0.5173200070858002,-0.12175428867340088,0.4888109862804413,0.004478096961975098,0.27460911870002747,-0.013178348541259766,0.47903475165367126,-0.05329287052154541,0.46927332878112793,-0.07467073202133179,0.4172176420688629,0.07373034954071045,0.28427737951278687,0.0380328893661499,0.43244537711143494,-0.0001385211944580078,0.42290616035461426,-0.02244788408279419,0.38631221652030945,0.0,0.0,0.0,0.0,0.0,0.0,0.0,0.0,0.0,0.0,0.0,0.0,0.0,0.0,0.0,0.0,0.0,0.0,0.0,0.0,0.0,0.0,0.0,0.0,0.0,0.0,0.0,0.0,0.0,0.0,0.0,0.0,0.0,0.0,0.0,0.0,0.0,0.0,0.0,0.0,0.0,0.0
0.0,0.0,-0.11182481050491333,0.07484003901481628,-0.16703426837921143,0.23164257407188416,-0.16209888458251953,0.3783889412879944,-0.13508790731430054,0.4782826006412506,-0.17623299360275269,0.24508613348007202,-0.18841928243637085,0.4613089859485626,-0.1824401617050171,0.5803779065608978,-0.17411768436431885,0.6663984954357147,-0.08296304941177368,0.26756128668785095,-0.08501935005187988,0.48937276005744934,-0.10683530569076538,0.5305043756961823,-0.12122642993927002,0.5151756107807159,0.0025748610496520996,0.28281134366989136,-0.01918846368789673,0.47721704840660095,-0.05719178915023804,0.47232505679130554,-0.07680690288543701,0.4257067143917084,0.07035917043685913,0.294475257396698,0.027451932430267334,0.4291673004627228,-0.00951296091079712,0.42303666472435,-0.03154259920120239,0.39294517040252686,0.0,0.0,0.0,0.0,0.0,0.0,0.0,0.0,0.0,0.0,0.0,0.0,0.0,0.0,0.0,0.0,0.0,0.0,0.0,0.0,0.0,0.0,0.0,0.0,0.0,0.0,0.0,0.0,0.0,0.0,0.0,0.0,0.0,0.0,0.0,0.0,0.0,0.0,0.0,0.0,0.0,0.0
0.0,0.0,-0.11116760969161987,0.07814003527164459,-0.16492432355880737,0.2374110221862793,-0.15669119358062744,0.38783758878707886,-0.1272401213645935,0.4859597682952881,-0.16682958602905273,0.2515515685081482,-0.18099701404571533,0.4723435640335083,-0.17657142877578735,0.5875622630119324,-0.1677875518798828,0.6684771180152893,-0.06770098209381104,0.27528804540634155,-0.0768054723739624,0.5049082040786743,-0.10073775053024292,0.5293581485748291,-0.11464381217956543,0.49863988161087036,0.02013981342315674,0.28893357515335083,-0.01012885570526123,0.4831865429878235,-0.049958646297454834,0.4751659035682678,-0.06910181045532227,0.430830180644989,0.08749371767044067,0.2989002764225006,0.03984379768371582,0.43289700150489807,0.0027348995208740234,0.4231302738189697,-0.017632663249969482,0.393282026052475,0.0,0.0,0.0,0.0,0.0,0.0,0.0,0.0,0.0,0.0,0.0,0.0,0.0,0.0,0.0,0.0,0.0,0.0,0.0,0.0,0.0,0.0,0.0,0.0,0.0,0.0,0.0,0.0,0.0,0.0,0.0,0.0,0.0,0.0,0.0,0.0,0.0,0.0,0.0,0.0,0.0,0.0
0.0,0.0,-0.1090846061706543,0.07891249656677246,-0.1618916392326355,0.24284803867340088,-0.1498435139656067,0.3972166180610657,-0.1170339584350586,0.4955897629261017,-0.16463416814804077,0.24527963995933533,-0.1764143705368042,0.46613606810569763,-0.1702425479888916,0.5842333137989044,-0.16092419624328613,0.6724707186222076,-0.06751340627670288,0.26914626359939575,-0.07828140258789062,0.5120727121829987,-0.09759020805358887,0.519843727350235,-0.10570269823074341,0.47122547030448914,0.019496262073516846,0.28231552243232727,-0.004941403865814209,0.4807066023349762,-0.03869372606277466,0.46186092495918274,-0.05199289321899414,0.4104487895965576,0.08816719055175781,0.2923262417316437,0.04735147953033447,0.4306126534938812,0.015199363231658936,0.41228029131889343,0.0025316476821899414,0.3753263056278229,0.0,0.0,0.0,0.0,0.0,0.0,0.0,0.0,0.0,0.0,0.0,0.0,0.0,0.0,0.0,0.0,0.0,0.0,0.0,0.0,0.0,0.0,0.0,0.0,0.0,0.0,0.0,0.0,0.0,0.0,0.0,0.0,0.0,0.0,0.0,0.0,0.0,0.0,0.0,0.0,0.0,0.0
0.0,0.0,-0.1098906397819519,0.0767156183719635,-0.16188955307006836,0.23744377493858337,-0.1563825011253357,0.3923644721508026,-0.12910985946655273,0.4958753287792206,-0.16565775871276855,0.24576076865196228,-0.17775917053222656,0.4657966196537018,-0.17303240299224854,0.5843137204647064,-0.16559529304504395,0.6707234084606171,-0.06969648599624634,0.26670968532562256,-0.07520401477813721,0.4962114989757538,-0.0986974835395813,0.5320334136486053,-0.11449086666107178,0.5101935565471649,0.016742408275604248,0.2784803509712219,-0.006324112415313721,0.47691676020622253,-0.046445250511169434,0.47779786586761475,-0.06742322444915771,0.4358905255794525,0.08437347412109375,0.2867230474948883,0.041645944118499756,0.42315566539764404,0.002228856086730957,0.4215538501739502,-0.020221471786499023,0.395637184381485,0.0,0.0,0.0,0.0,0.0,0.0,0.0,0.0,0.0,0.0,0.0,0.0,0.0,0.0,0.0,0.0,0.0,0.0,0.0,0.0,0.0,0.0,0.0,0.0,0.0,0.0,0.0,0.0,0.0,0.0,0.0,0.0,0.0,0.0,0.0,0.0,0.0,0.0,0.0,0.0,0.0,0.0
0.0,0.0,-0.10976529121398926,0.08137641847133636,-0.15949785709381104,0.23305852711200714,-0.15496456623077393,0.37747421860694885,-0.13378524780273438,0.4744628369808197,-0.16086715459823608,0.2475680112838745,-0.1710904836654663,0.46230706572532654,-0.16551148891448975,0.5800460875034332,-0.15855896472930908,0.666726142168045,-0.06593465805053711,0.2708429992198944,-0.07222235202789307,0.5088990032672882,-0.09486860036849976,0.5334140956401825,-0.11082780361175537,0.4992509186267853,0.016096293926239014,0.28370633721351624,-0.0072329044342041016,0.47819268703460693,-0.04708826541900635,0.47388461232185364,-0.06955832242965698,0.43214136362075806,0.07882845401763916,0.289283812046051,0.03676730394363403,0.4133045971393585,-0.002231597900390625,0.4090746343135834,-0.026079893112182617,0.3853200078010559,0.0,0.0,0.0,0.0,0.0,0.0,0.0,0.0,0.0,0.0,0.0,0.0,0.0,0.0,0.0,0.0,0.0,0.0,0.0,0.0,0.0,0.0,0.0,0.0,0.0,0.0,0.0,0.0,0.0,0.0,0.0,0.0,0.0,0.0,0.0,0.0,0.0,0.0,0.0,0.0,0.0,0.0
0.0,0.0,-0.10990458726882935,0.08201059699058533,-0.15654397010803223,0.23264215886592865,-0.15653663873672485,0.3781873285770416,-0.13414490222930908,0.47859713435173035,-0.1625615358352661,0.25738996267318726,-0.17525607347488403,0.4712305963039398,-0.1700514554977417,0.5903448164463043,-0.16385823488235474,0.6753796637058258,-0.06976765394210815,0.27750661969184875,-0.06595462560653687,0.4998563826084137,-0.08837372064590454,0.5584858953952789,-0.10792237520217896,0.5534391105175018,0.014539659023284912,0.28969934582710266,-0.0024085640907287598,0.4821813404560089,-0.04570537805557251,0.49891355633735657,-0.07257211208343506,0.4637814462184906,0.08067452907562256,0.29637062549591064,0.04317504167556763,0.42647215723991394,0.0032048821449279785,0.43866556882858276,-0.024303197860717773,0.4226144850254059,0.0,0.0,0.0,0.0,0.0,0.0,0.0,0.0,0.0,0.0,0.0,0.0,0.0,0.0,0.0,0.0,0.0,0.0,0.0,0.0,0.0,0.0,0.0,0.0,0.0,0.0,0.0,0.0,0.0,0.0,0.0,0.0,0.0,0.0,0.0,0.0,0.0,0.0,0.0,0.0,0.0,0.0
0.0,0.0,-0.11129844188690186,0.08598436415195465,-0.1572093367576599,0.23904293775558472,-0.155908465385437,0.38390353322029114,-0.1344001293182373,0.4844669997692108,-0.16016662120819092,0.26428255438804626,-0.17224979400634766,0.4788822829723358,-0.166540265083313,0.5964533984661102,-0.15965396165847778,0.6786122620105743,-0.06491231918334961,0.2812035381793976,-0.06054812669754028,0.5008031725883484,-0.08346343040466309,0.5615265071392059,-0.10245507955551147,0.5553454458713531,0.02009451389312744,0.2910497784614563,0.0006300210952758789,0.4818911552429199,-0.04301673173904419,0.504536360502243,-0.06988334655761719,0.47322967648506165,0.08568966388702393,0.29533788561820984,0.048096299171447754,0.42429110407829285,0.00754702091217041,0.4428045451641083,-0.02108633518218994,0.4320579469203949,0.0,0.0,0.0,0.0,0.0,0.0,0.0,0.0,0.0,0.0,0.0,0.0,0.0,0.0,0.0,0.0,0.0,0.0,0.0,0.0,0.0,0.0,0.0,0.0,0.0,0.0,0.0,0.0,0.0,0.0,0.0,0.0,0.0,0.0,0.0,0.0,0.0,0.0,0.0,0.0,0.0,0.0
0.0,0.0,-0.11352729797363281,0.08802971243858337,-0.15935909748077393,0.24001698195934296,-0.156943678855896,0.3863667845726013,-0.13581347465515137,0.4871116876602173,-0.164536714553833,0.2654581069946289,-0.1746121644973755,0.48189932107925415,-0.16931259632110596,0.6037915349006653,-0.16341012716293335,0.6904832124710083,-0.06842213869094849,0.28568270802497864,-0.06860607862472534,0.5200703740119934,-0.09218311309814453,0.5757835507392883,-0.11184227466583252,0.5599132776260376,0.018831491470336914,0.2962416708469391,-0.0012541413307189941,0.49103426933288574,-0.04429835081100464,0.5065913200378418,-0.06949430704116821,0.46634262800216675,0.08861446380615234,0.2983616590499878,0.05206012725830078,0.4321698844432831,0.01240628957748413,0.44554996490478516,-0.013928532600402832,0.4281858801841736,0.0,0.0,0.0,0.0,0.0,0.0,0.0,0.0,0.0,0.0,0.0,0.0,0.0,0.0,0.0,0.0,0.0,0.0,0.0,0.0,0.0,0.0,0.0,0.0,0.0,0.0,0.0,0.0,0.0,0.0,0.0,0.0,0.0,0.0,0.0,0.0,0.0,0.0,0.0,0.0,0.0,0.0
0.0,0.0,-0.11428040266036987,0.0864458978176117,-0.16254663467407227,0.23903913795948029,-0.159193217754364,0.38595667481422424,-0.13552391529083252,0.485880970954895,-0.16706091165542603,0.2642613649368286,-0.17816632986068726,0.48230957984924316,-0.17206907272338867,0.6046106219291687,-0.16568142175674438,0.6919925212860107,-0.06961566209793091,0.2866665720939636,-0.0693863034248352,0.5196894407272339,-0.0906253457069397,0.5767447352409363,-0.10814124345779419,0.5620167255401611,0.018117129802703857,0.30033212900161743,-0.0020785927772521973,0.4918932318687439,-0.04280930757522583,0.5013697743415833,-0.06578481197357178,0.45672672986984253,0.08766072988510132,0.30655938386917114,0.05142730474472046,0.43564075231552124,0.013723611831665039,0.44374188780784607,-0.01138150691986084,0.42296648025512695,0.0,0.0,0.0,0.0,0.0,0.0,0.0,0.0,0.0,0.0,0.0,0.0,0.0,0.0,0.0,0.0,0.0,0.0,0.0,0.0,0.0,0.0,0.0,0.0,0.0,0.0,0.0,0.0,0.0,0.0,0.0,0.0,0.0,0.0,0.0,0.0,0.0,0.0,0.0,0.0,0.0,0.0
0.0,0.0,-0.11357766389846802,0.09080299735069275,-0.1580735445022583,0.24425861239433289,-0.1496974229812622,0.3895629048347473,-0.12554001808166504,0.4879928231239319,-0.15706884860992432,0.26611408591270447,-0.16727060079574585,0.4819943606853485,-0.1598045825958252,0.6019508540630341,-0.15382802486419678,0.6884529888629913,-0.05938071012496948,0.28646790981292725,-0.05909234285354614,0.5095113217830658,-0.08105140924453735,0.571685403585434,-0.10005694627761841,0.5643925368785858,0.02640479803085327,0.2991810441017151,0.004273653030395508,0.4857204854488373,-0.03811675310134888,0.49006977677345276,-0.06271117925643921,0.44093137979507446,0.09255290031433105,0.3053041696548462,0.0545194149017334,0.4309840798377991,0.014833688735961914,0.43539926409721375,-0.011596441268920898,0.410404235124588,0.0,0.0,0.0,0.0,0.0,0.0,0.0,0.0,0.0,0.0,0.0,0.0,0.0,0.0,0.0,0.0,0.0,0.0,0.0,0.0,0.0,0.0,0.0,0.0,0.0,0.0,0.0,0.0,0.0,0.0,0.0,0.0,0.0,0.0,0.0,0.0,0.0,0.0,0.0,0.0,0.0,0.0
0.0,0.0,-0.11059212684631348,0.09303595125675201,-0.1550837755203247,0.24669702351093292,-0.1467100977897644,0.39363881945610046,-0.12342977523803711,0.4912630617618561,-0.15189039707183838,0.27205660939216614,-0.1613350510597229,0.4875129759311676,-0.15660929679870605,0.6079668700695038,-0.1524142026901245,0.6966422498226166,-0.05441713333129883,0.29495587944984436,-0.052701354026794434,0.5132512748241425,-0.0755683183670044,0.5760174095630646,-0.09633344411849976,0.5698842704296112,0.03002309799194336,0.3075525164604187,0.006496250629425049,0.4881279170513153,-0.03634601831436157,0.4962085783481598,-0.06233257055282593,0.4508795440196991,0.09527510404586792,0.3125729262828827,0.05674618482589722,0.43179282546043396,0.018443524837493896,0.4382856786251068,-0.007284224033355713,0.4158872663974762,0.0,0.0,0.0,0.0,0.0,0.0,0.0,0.0,0.0,0.0,0.0,0.0,0.0,0.0,0.0,0.0,0.0,0.0,0.0,0.0,0.0,0.0,0.0,0.0,0.0,0.0,0.0,0.0,0.0,0.0,0.0,0.0,0.0,0.0,0.0,0.0,0.0,0.0,0.0,0.0,0.0,0.0
0.0,0.0,-0.11030328273773193,0.09502817690372467,-0.15549832582473755,0.2459263652563095,-0.1498737335205078,0.39081546664237976,-0.1278178095817566,0.48726576566696167,-0.15309232473373413,0.27098724246025085,-0.15815168619155884,0.4875757694244385,-0.1537015438079834,0.6062153577804565,-0.1502305269241333,0.6919955015182495,-0.05669170618057251,0.2931821644306183,-0.05123978853225708,0.5111914277076721,-0.07550519704818726,0.5749012231826782,-0.09934490919113159,0.5695325136184692,0.027547836303710938,0.3057481646537781,0.006348609924316406,0.48470592498779297,-0.03786367177963257,0.4986226558685303,-0.06630885601043701,0.4565935432910919,0.09363126754760742,0.31082263588905334,0.056496620178222656,0.4271007180213928,0.01819688081741333,0.4365406632423401,-0.008339941501617432,0.4155016541481018,0.0,0.0,0.0,0.0,0.0,0.0,0.0,0.0,0.0,0.0,0.0,0.0,0.0,0.0,0.0,0.0,0.0,0.0,0.0,0.0,0.0,0.0,0.0,0.0,0.0,0.0,0.0,0.0,0.0,0.0,0.0,0.0,0.0,0.0,0.0,0.0,0.0,0.0,0.0,0.0,0.0,0.0
0.0,0.0,-0.11086153984069824,0.09304539859294891,-0.15790021419525146,0.24659201502799988,-0.15163052082061768,0.393827885389328,-0.12746965885162354,0.4917697012424469,-0.1532059907913208,0.2669675648212433,-0.16251754760742188,0.4843253195285797,-0.15802520513534546,0.6055246889591217,-0.15397357940673828,0.6922072470188141,-0.05596423149108887,0.28942400217056274,-0.0516207218170166,0.5145966112613678,-0.07735252380371094,0.5738018453121185,-0.10172033309936523,0.5596948564052582,0.02904719114303589,0.3021427392959595,0.008582532405853271,0.48786845803260803,-0.03657197952270508,0.49592605233192444,-0.06535816192626953,0.44753485918045044,0.09498167037963867,0.3078562021255493,0.059359073638916016,0.42882105708122253,0.01934492588043213,0.43452778458595276,-0.007703244686126709,0.4096083641052246,0.0,0.0,0.0,0.0,0.0,0.0,0.0,0.0,0.0,0.0,0.0,0.0,0.0,0.0,0.0,0.0,0.0,0.0,0.0,0.0,0.0,0.0,0.0,0.0,0.0,0.0,0.0,0.0,0.0,0.0,0.0,0.0,0.0,0.0,0.0,0.0,0.0,0.0,0.0,0.0,0.0,0.0
0.0,0.0,-0.109569251537323,0.09395100176334381,-0.1546037197113037,0.24544861912727356,-0.14845824241638184,0.39070433378219604,-0.12836295366287231,0.48839062452316284,-0.15014636516571045,0.26864632964134216,-0.16089093685150146,0.48317259550094604,-0.1552409529685974,0.6023584604263306,-0.15067017078399658,0.6895177960395813,-0.0531538724899292,0.290731817483902,-0.04841488599777222,0.5089362859725952,-0.07327580451965332,0.5675275325775146,-0.09764719009399414,0.559436559677124,0.030790328979492188,0.3028261661529541,0.010317623615264893,0.4840896725654602,-0.03542870283126831,0.4894670248031616,-0.06462472677230835,0.4432294964790344,0.09500783681869507,0.30776405334472656,0.05873042345046997,0.4263744652271271,0.019707858562469482,0.4312039911746979,-0.006777524948120117,0.40740492939949036,0.0,0.0,0.0,0.0,0.0,0.0,0.0,0.0,0.0,0.0,0.0,0.0,0.0,0.0,0.0,0.0,0.0,0.0,0.0,0.0,0.0,0.0,0.0,0.0,0.0,0.0,0.0,0.0,0.0,0.0,0.0,0.0,0.0,0.0,0.0,0.0,0.0,0.0,0.0,0.0,0.0,0.0
0.0,0.0,-0.11158770322799683,0.08608663082122803,-0.16004258394241333,0.2375178337097168,-0.1566777229309082,0.38630446791648865,-0.13665229082107544,0.4863496422767639,-0.15001952648162842,0.2660684883594513,-0.1680808663368225,0.4762200713157654,-0.1659138798713684,0.5952879786491394,-0.16299444437026978,0.6836799383163452,-0.0526655912399292,0.2923015356063843,-0.04720050096511841,0.503195583820343,-0.07524114847183228,0.5632740259170532,-0.10341227054595947,0.559424877166748,0.030657410621643066,0.3060680627822876,0.015368044376373291,0.4841368794441223,-0.03642427921295166,0.5059649348258972,-0.07344835996627808,0.4743077754974365,0.09319305419921875,0.3114287257194519,0.062003910541534424,0.42795658111572266,0.019929826259613037,0.4440365433692932,-0.011440634727478027,0.42942726612091064,0.0,0.0,0.0,0.0,0.0,0.0,0.0,0.0,0.0,0.0,0.0,0.0,0.0,0.0,0.0,0.0,0.0,0.0,0.0,0.0,0.0,0.0,0.0,0.0,0.0,0.0,0.0,0.0,0.0,0.0,0.0,0.0,0.0,0.0,0.0,0.0,0.0,0.0,0.0,0.0,0.0,0.0
0.0,0.0,-0.110312819480896,0.08697108924388885,-0.1592501401901245,0.23863056302070618,-0.16332697868347168,0.3877868354320526,-0.1544685959815979,0.48854610323905945,-0.14685136079788208,0.25922808051109314,-0.16229653358459473,0.4682217240333557,-0.1598447561264038,0.5866775810718536,-0.1561446189880371,0.6745978891849518,-0.04901623725891113,0.2894624173641205,-0.04378366470336914,0.5065077841281891,-0.07326704263687134,0.5567142069339752,-0.10227334499359131,0.5404720604419708,0.03159129619598389,0.30550438165664673,0.012569129467010498,0.4803200364112854,-0.038800179958343506,0.4943222105503082,-0.07351791858673096,0.45913252234458923,0.09012746810913086,0.3118261992931366,0.052880287170410156,0.4184516370296478,0.011256933212280273,0.42664071917533875,-0.01844954490661621,0.4086795151233673,0.0,0.0,0.0,0.0,0.0,0.0,0.0,0.0,0.0,0.0,0.0,0.0,0.0,0.0,0.0,0.0,0.0,0.0,0.0,0.0,0.0,0.0,0.0,0.0,0.0,0.0,0.0,0.0,0.0,0.0,0.0,0.0,0.0,0.0,0.0,0.0,0.0,0.0,0.0,0.0,0.0,0.0
0.0,0.0,-0.10967040061950684,0.0826457142829895,-0.1616951823234558,0.23753520846366882,-0.17818188667297363,0.3903050720691681,-0.18800026178359985,0.49731066823005676,-0.1456725001335144,0.25211405754089355,-0.16071480512619019,0.4579557478427887,-0.15989935398101807,0.5739531219005585,-0.15691661834716797,0.6627636849880219,-0.04845595359802246,0.2786872982978821,-0.04237240552902222,0.49683263897895813,-0.07050448656082153,0.5425339043140411,-0.09690296649932861,0.5259199440479279,0.03243255615234375,0.29360854625701904,0.01523369550704956,0.47277429699897766,-0.036505043506622314,0.4814912974834442,-0.0713910460472107,0.4426063001155853,0.09157001972198486,0.30003201961517334,0.05905592441558838,0.4139433801174164,0.017847955226898193,0.4208901822566986,-0.010797619819641113,0.4018341302871704,0.0,0.0,0.0,0.0,0.0,0.0,0.0,0.0,0.0,0.0,0.0,0.0,0.0,0.0,0.0,0.0,0.0,0.0,0.0,0.0,0.0,0.0,0.0,0.0,0.0,0.0,0.0,0.0,0.0,0.0,0.0,0.0,0.0,0.0,0.0,0.0,0.0,0.0,0.0,0.0,0.0,0.0
0.0,0.0,-0.10976195335388184,0.07206404209136963,-0.16158568859100342,0.22552290558815002,-0.18647587299346924,0.38020360469818115,-0.20704299211502075,0.4846331477165222,-0.14509010314941406,0.24096471071243286,-0.1620308756828308,0.45034825801849365,-0.16535496711730957,0.5630455613136292,-0.16617900133132935,0.6473632454872131,-0.0521426796913147,0.2744515836238861,-0.047406136989593506,0.49320870637893677,-0.08025825023651123,0.5360925793647766,-0.10948890447616577,0.517582356929779,0.02497732639312744,0.2925169765949249,0.004460394382476807,0.4628751873970032,-0.04998326301574707,0.46588683128356934,-0.08422034978866577,0.4217666983604431,0.08224302530288696,0.3001035451889038,0.04670119285583496,0.4037356674671173,0.0045351386070251465,0.4076993465423584,-0.023145735263824463,0.38498181104660034,0.0,0.0,0.0,0.0,0.0,0.0,0.0,0.0,0.0,0.0,0.0,0.0,0.0,0.0,0.0,0.0,0.0,0.0,0.0,0.0,0.0,0.0,0.0,0.0,0.0,0.0,0.0,0.0,0.0,0.0,0.0,0.0,0.0,0.0,0.0,0.0,0.0,0.0,0.0,0.0,0.0,0.0
0.0,0.0,-0.11133831739425659,0.06914576888084412,-0.1671236753463745,0.22093817591667175,-0.19594991207122803,0.372633695602417,-0.22137176990509033,0.4775126576423645,-0.14291542768478394,0.244900643825531,-0.16514921188354492,0.4469113349914551,-0.16975140571594238,0.5626692771911621,-0.17101144790649414,0.647966742515564,-0.049450457096099854,0.27796927094459534,-0.04930412769317627,0.4941251873970032,-0.08455038070678711,0.5340558290481567,-0.11379510164260864,0.5106698274612427,0.027445673942565918,0.2931613624095917,0.004984676837921143,0.4635797142982483,-0.051322102546691895,0.46759897470474243,-0.08705967664718628,0.4250747561454773,0.08369439840316772,0.2970356345176697,0.04790079593658447,0.40092769265174866,0.004353880882263184,0.40531104803085327,-0.025575578212738037,0.38382774591445923,0.0,0.0,0.0,0.0,0.0,0.0,0.0,0.0,0.0,0.0,0.0,0.0,0.0,0.0,0.0,0.0,0.0,0.0,0.0,0.0,0.0,0.0,0.0,0.0,0.0,0.0,0.0,0.0,0.0,0.0,0.0,0.0,0.0,0.0,0.0,0.0,0.0,0.0,0.0,0.0,0.0,0.0
0.0,0.0,-0.11108213663101196,0.073219895362854,-0.16526192426681519,0.22862273454666138,-0.19395703077316284,0.3806377053260803,-0.22580265998840332,0.48014581203460693,-0.14536112546920776,0.24589064717292786,-0.16406333446502686,0.4478912949562073,-0.16798311471939087,0.5631141066551208,-0.16995233297348022,0.64816814661026,-0.051110684871673584,0.2789612114429474,-0.04627925157546997,0.49698764085769653,-0.08041894435882568,0.5361865162849426,-0.11030101776123047,0.5122583508491516,0.02630847692489624,0.29413291811943054,0.0047338008880615234,0.4630396366119385,-0.051877379417419434,0.46290743350982666,-0.08745020627975464,0.4177895486354828,0.08338791131973267,0.2987629771232605,0.04678976535797119,0.3999810218811035,0.0027860403060913086,0.40244609117507935,-0.027210235595703125,0.38075119256973267,0.0,0.0,0.0,0.0,0.0,0.0,0.0,0.0,0.0,0.0,0.0,0.0,0.0,0.0,0.0,0.0,0.0,0.0,0.0,0.0,0.0,0.0,0.0,0.0,0.0,0.0,0.0,0.0,0.0,0.0,0.0,0.0,0.0,0.0,0.0,0.0,0.0,0.0,0.0,0.0,0.0,0.0
0.0,0.0,-0.11137145757675171,0.0737457126379013,-0.16711032390594482,0.22517815232276917,-0.19411003589630127,0.3740346431732178,-0.21835875511169434,0.48087018728256226,-0.13906919956207275,0.25498610734939575,-0.1596968173980713,0.4535876512527466,-0.16478431224822998,0.5681449174880981,-0.16767001152038574,0.6522619724273682,-0.0450589656829834,0.28444430232048035,-0.039885103702545166,0.49366652965545654,-0.07721889019012451,0.5345665216445923,-0.1083444356918335,0.512543797492981,0.03264492750167847,0.2936168909072876,0.013355493545532227,0.46321558952331543,-0.04578977823257446,0.4624989628791809,-0.08353567123413086,0.4176613986492157,0.089211106300354,0.29208531975746155,0.05725884437561035,0.4025205075740814,0.012365221977233887,0.40802130103111267,-0.01917940378189087,0.38683098554611206,0.0,0.0,0.0,0.0,0.0,0.0,0.0,0.0,0.0,0.0,0.0,0.0,0.0,0.0,0.0,0.0,0.0,0.0,0.0,0.0,0.0,0.0,0.0,0.0,0.0,0.0,0.0,0.0,0.0,0.0,0.0,0.0,0.0,0.0,0.0,0.0,0.0,0.0,0.0,0.0,0.0,0.0
0.0,0.0,-0.11332821846008301,0.06633549928665161,-0.17125147581100464,0.21674367785453796,-0.19683712720870972,0.3670808672904968,-0.2227025032043457,0.4731007218360901,-0.13247132301330566,0.24883514642715454,-0.15658587217330933,0.4467599391937256,-0.1650264859199524,0.562053918838501,-0.1686866283416748,0.6475778222084045,-0.03887224197387695,0.2778981029987335,-0.04070127010345459,0.5010746121406555,-0.07926797866821289,0.5358819365501404,-0.1084793210029602,0.507931113243103,0.035504698753356934,0.2874869108200073,0.016889750957489014,0.46609556674957275,-0.043128252029418945,0.47192323207855225,-0.08046203851699829,0.43015074729919434,0.08833831548690796,0.2846710681915283,0.05838292837142944,0.3988930881023407,0.01365053653717041,0.40629833936691284,-0.01655125617980957,0.38400688767433167,0.0,0.0,0.0,0.0,0.0,0.0,0.0,0.0,0.0,0.0,0.0,0.0,0.0,0.0,0.0,0.0,0.0,0.0,0.0,0.0,0.0,0.0,0.0,0.0,0.0,0.0,0.0,0.0,0.0,0.0,0.0,0.0,0.0,0.0,0.0,0.0,0.0,0.0,0.0,0.0,0.0,0.0
0.0,0.0,-0.11365115642547607,0.06866669654846191,-0.1720137596130371,0.22041107714176178,-0.19794845581054688,0.37356215715408325,-0.22580277919769287,0.4797237515449524,-0.1370355486869812,0.2509111762046814,-0.1585342288017273,0.45156341791152954,-0.1673058271408081,0.5652902126312256,-0.17378968000411987,0.6514814496040344,-0.042664408683776855,0.28241536021232605,-0.03932744264602661,0.5031012296676636,-0.0777701735496521,0.540968656539917,-0.10971784591674805,0.5170273780822754,0.03380495309829712,0.29233816266059875,0.016552388668060303,0.46736031770706177,-0.04401332139968872,0.471435010433197,-0.08239680528640747,0.4269820749759674,0.08885878324508667,0.2895125448703766,0.05883902311325073,0.39882391691207886,0.013852357864379883,0.4043387770652771,-0.016114354133605957,0.3803403377532959,0.0,0.0,0.0,0.0,0.0,0.0,0.0,0.0,0.0,0.0,0.0,0.0,0.0,0.0,0.0,0.0,0.0,0.0,0.0,0.0,0.0,0.0,0.0,0.0,0.0,0.0,0.0,0.0,0.0,0.0,0.0,0.0,0.0,0.0,0.0,0.0,0.0,0.0,0.0,0.0,0.0,0.0
0.0,0.0,-0.11515456438064575,0.06772585213184357,-0.17455148696899414,0.22183862328529358,-0.19703984260559082,0.376447856426239,-0.22843128442764282,0.4805587828159332,-0.135972261428833,0.25296226143836975,-0.1575450897216797,0.45362964272499084,-0.16318917274475098,0.5691165626049042,-0.1666387915611267,0.6546600162982941,-0.04082798957824707,0.2843257784843445,-0.03911978006362915,0.5022442638874054,-0.07434487342834473,0.5451450049877167,-0.10453259944915771,0.5256625115871429,0.034422874450683594,0.29649507999420166,0.01488882303237915,0.4714953601360321,-0.04305088520050049,0.48153313994407654,-0.08130419254302979,0.4440823793411255,0.08682471513748169,0.2970782518386841,0.054651081562042236,0.4066215455532074,0.01037740707397461,0.4186699688434601,-0.021277546882629395,0.40337035059928894,0.0,0.0,0.0,0.0,0.0,0.0,0.0,0.0,0.0,0.0,0.0,0.0,0.0,0.0,0.0,0.0,0.0,0.0,0.0,0.0,0.0,0.0,0.0,0.0,0.0,0.0,0.0,0.0,0.0,0.0,0.0,0.0,0.0,0.0,0.0,0.0,0.0,0.0,0.0,0.0,0.0,0.0
0.0,0.0,-0.11749553680419922,0.0655333399772644,-0.18014401197433472,0.2197808027267456,-0.20560956001281738,0.37299928069114685,-0.23405414819717407,0.478096067905426,-0.13875716924667358,0.25831425189971924,-0.16429972648620605,0.4569040834903717,-0.17095589637756348,0.5715542137622833,-0.1742877960205078,0.6548835933208466,-0.043196141719818115,0.2893161475658417,-0.041608572006225586,0.5038823187351227,-0.079506516456604,0.5452747642993927,-0.11143094301223755,0.5215295851230621,0.03276854753494263,0.2993728518486023,0.01385509967803955,0.4696759879589081,-0.04697912931442261,0.4818875789642334,-0.08734947443008423,0.44401419162750244,0.0865633487701416,0.2977370321750641,0.05503535270690918,0.4013808071613312,0.01036304235458374,0.4105350077152252,-0.021755754947662354,0.3897043764591217,0.0,0.0,0.0,0.0,0.0,0.0,0.0,0.0,0.0,0.0,0.0,0.0,0.0,0.0,0.0,0.0,0.0,0.0,0.0,0.0,0.0,0.0,0.0,0.0,0.0,0.0,0.0,0.0,0.0,0.0,0.0,0.0,0.0,0.0,0.0,0.0,0.0,0.0,0.0,0.0,0.0,0.0
0.0,0.0,-0.11666727066040039,0.064615398645401,-0.1777210831642151,0.22027696669101715,-0.20047062635421753,0.3752334713935852,-0.2303946614265442,0.4783666729927063,-0.13562381267547607,0.25548893213272095,-0.16120660305023193,0.4549292325973511,-0.16653919219970703,0.5708638429641724,-0.16872268915176392,0.6546009182929993,-0.03993600606918335,0.28692641854286194,-0.039941608905792236,0.5062997341156006,-0.07632029056549072,0.5479986667633057,-0.10700827836990356,0.5247399210929871,0.03453940153121948,0.29955747723579407,0.013451576232910156,0.47499987483024597,-0.045626938343048096,0.4875332713127136,-0.08399432897567749,0.4508865177631378,0.08584457635879517,0.3005746006965637,0.05213648080825806,0.40940558910369873,0.007052779197692871,0.42058074474334717,-0.025303006172180176,0.402091383934021,0.0,0.0,0.0,0.0,0.0,0.0,0.0,0.0,0.0,0.0,0.0,0.0,0.0,0.0,0.0,0.0,0.0,0.0,0.0,0.0,0.0,0.0,0.0,0.0,0.0,0.0,0.0,0.0,0.0,0.0,0.0,0.0,0.0,0.0,0.0,0.0,0.0,0.0,0.0,0.0,0.0,0.0
0.0,0.0,-0.11710774898529053,0.06914296746253967,-0.17767685651779175,0.22364512085914612,-0.20157265663146973,0.37641486525535583,-0.22830969095230103,0.4802435338497162,-0.13546878099441528,0.25848671793937683,-0.15974503755569458,0.4568154215812683,-0.16453510522842407,0.5723478496074677,-0.16628581285476685,0.6562207043170929,-0.03860974311828613,0.2887466251850128,-0.03662919998168945,0.5032064020633698,-0.07382440567016602,0.5465627610683441,-0.10643953084945679,0.5268039405345917,0.03728330135345459,0.2998759150505066,0.017291128635406494,0.47091206908226013,-0.04284554719924927,0.4839942753314972,-0.08308196067810059,0.4479890763759613,0.08991950750350952,0.29967325925827026,0.05683135986328125,0.4051339030265808,0.01173543930053711,0.41695377230644226,-0.021303117275238037,0.3996942937374115,0.0,0.0,0.0,0.0,0.0,0.0,0.0,0.0,0.0,0.0,0.0,0.0,0.0,0.0,0.0,0.0,0.0,0.0,0.0,0.0,0.0,0.0,0.0,0.0,0.0,0.0,0.0,0.0,0.0,0.0,0.0,0.0,0.0,0.0,0.0,0.0,0.0,0.0,0.0,0.0,0.0,0.0
0.0,0.0,-0.11458796262741089,0.06965988874435425,-0.17419207096099854,0.22646066546440125,-0.19594436883926392,0.38273611664772034,-0.22559994459152222,0.4869990646839142,-0.1335747241973877,0.26114240288734436,-0.1543225646018982,0.4612959623336792,-0.15980732440948486,0.5750614702701569,-0.16314899921417236,0.6599487960338593,-0.03733557462692261,0.2937380373477936,-0.037578284740448,0.5107214748859406,-0.0745769739151001,0.5520537793636322,-0.1067352294921875,0.5303212702274323,0.037396907806396484,0.306519091129303,0.012790977954864502,0.47808364033699036,-0.04515892267227173,0.4874543845653534,-0.08292388916015625,0.4503929913043976,0.08897644281387329,0.308841347694397,0.04920971393585205,0.4145955741405487,0.004411935806274414,0.4234042763710022,-0.0272788405418396,0.4063577353954315,0.0,0.0,0.0,0.0,0.0,0.0,0.0,0.0,0.0,0.0,0.0,0.0,0.0,0.0,0.0,0.0,0.0,0.0,0.0,0.0,0.0,0.0,0.0,0.0,0.0,0.0,0.0,0.0,0.0,0.0,0.0,0.0,0.0,0.0,0.0,0.0,0.0,0.0,0.0,0.0,0.0,0.0
0.0,0.0,-0.1172255277633667,0.07140378654003143,-0.17793291807174683,0.2285115122795105,-0.1997278928756714,0.38399484753608704,-0.22613859176635742,0.48991507291793823,-0.13778209686279297,0.2648085653781891,-0.1591678261756897,0.4631202220916748,-0.16334128379821777,0.5783270001411438,-0.1657389998435974,0.6647272706031799,-0.0401310920715332,0.2968488335609436,-0.040681421756744385,0.5123602151870728,-0.0778149962425232,0.5540880560874939,-0.11093735694885254,0.5330560207366943,0.0359494686126709,0.309507817029953,0.008918344974517822,0.4760185182094574,-0.049270033836364746,0.48289480805397034,-0.08703964948654175,0.44447094202041626,0.08885592222213745,0.31195640563964844,0.04670602083206177,0.4131600260734558,0.0020943880081176758,0.42022043466567993,-0.02918475866317749,0.40233543515205383,0.0,0.0,0.0,0.0,0.0,0.0,0.0,0.0,0.0,0.0,0.0,0.0,0.0,0.0,0.0,0.0,0.0,0.0,0.0,0.0,0.0,0.0,0.0,0.0,0.0,0.0,0.0,0.0,0.0,0.0,0.0,0.0,0.0,0.0,0.0,0.0,0.0,0.0,0.0,0.0,0.0,0.0
0.0,0.0,-0.11480283737182617,0.072289377450943,-0.17407327890396118,0.23207132518291473,-0.1958022117614746,0.3905828893184662,-0.22229039669036865,0.4932425320148468,-0.14234018325805664,0.26294195652008057,-0.15942680835723877,0.466151624917984,-0.1614682674407959,0.5805483758449554,-0.16214841604232788,0.667271226644516,-0.0446397066116333,0.2932489514350891,-0.04251033067703247,0.5156812369823456,-0.07383954524993896,0.5575849115848541,-0.10260051488876343,0.5392355620861053,0.03145653009414673,0.3062902092933655,0.007961094379425049,0.4776001274585724,-0.043186724185943604,0.48506686091423035,-0.07672703266143799,0.45140424370765686,0.08536255359649658,0.3120494484901428,0.04432404041290283,0.4172486662864685,0.004733681678771973,0.42186346650123596,-0.023923099040985107,0.4052540361881256,0.0,0.0,0.0,0.0,0.0,0.0,0.0,0.0,0.0,0.0,0.0,0.0,0.0,0.0,0.0,0.0,0.0,0.0,0.0,0.0,0.0,0.0,0.0,0.0,0.0,0.0,0.0,0.0,0.0,0.0,0.0,0.0,0.0,0.0,0.0,0.0,0.0,0.0,0.0,0.0,0.0,0.0
0.0,0.0,-0.11303859949111938,0.07676862180233002,-0.17504799365997314,0.23542596399784088,-0.19865632057189941,0.39158642292022705,-0.2224792242050171,0.5019680261611938,-0.1376466155052185,0.27358147501945496,-0.15677160024642944,0.4722157418727875,-0.15912377834320068,0.5885085463523865,-0.158946692943573,0.6747819781303406,-0.040601372718811035,0.295600563287735,-0.03800147771835327,0.519986629486084,-0.07254171371459961,0.5610767006874084,-0.10320115089416504,0.5383965969085693,0.03873014450073242,0.3003356158733368,0.023300766944885254,0.47989246249198914,-0.032017409801483154,0.49108386039733887,-0.07081860303878784,0.4575761556625366,0.09775322675704956,0.29769110679626465,0.06964731216430664,0.4180305600166321,0.027668893337249756,0.42806869745254517,-0.005174994468688965,0.41178083419799805,0.0,0.0,0.0,0.0,0.0,0.0,0.0,0.0,0.0,0.0,0.0,0.0,0.0,0.0,0.0,0.0,0.0,0.0,0.0,0.0,0.0,0.0,0.0,0.0,0.0,0.0,0.0,0.0,0.0,0.0,0.0,0.0,0.0,0.0,0.0,0.0,0.0,0.0,0.0,0.0,0.0,0.0
0.0,0.0,-0.11148816347122192,0.07953159511089325,-0.16927140951156616,0.2395043671131134,-0.1923028826713562,0.39606133103370667,-0.2144281268119812,0.5021190941333771,-0.13390111923217773,0.2735832631587982,-0.15312665700912476,0.4725686013698578,-0.1545848846435547,0.5886179506778717,-0.15371477603912354,0.6749554574489594,-0.03732573986053467,0.298007071018219,-0.03287845849990845,0.523635059595108,-0.0654180645942688,0.5639245808124542,-0.09540992975234985,0.5395994484424591,0.03983497619628906,0.3051992356777191,0.02487391233444214,0.48481106758117676,-0.028330445289611816,0.4962514340877533,-0.06454956531524658,0.4609065055847168,0.09575098752975464,0.30519846081733704,0.06696665287017822,0.4225327670574188,0.026473939418792725,0.432393878698349,-0.004483222961425781,0.4144933819770813,0.0,0.0,0.0,0.0,0.0,0.0,0.0,0.0,0.0,0.0,0.0,0.0,0.0,0.0,0.0,0.0,0.0,0.0,0.0,0.0,0.0,0.0,0.0,0.0,0.0,0.0,0.0,0.0,0.0,0.0,0.0,0.0,0.0,0.0,0.0,0.0,0.0,0.0,0.0,0.0,0.0,0.0
0.0,0.0,-0.11542177200317383,0.07656534016132355,-0.1795804500579834,0.23517173528671265,-0.20218539237976074,0.39264336228370667,-0.2215086817741394,0.504449874162674,-0.13737422227859497,0.27780795097351074,-0.15690159797668457,0.47487086057662964,-0.15733730792999268,0.5892753601074219,-0.1553061604499817,0.674138605594635,-0.0403103232383728,0.2999970018863678,-0.03557705879211426,0.519483208656311,-0.07010018825531006,0.5610350966453552,-0.10279446840286255,0.5407856106758118,0.03680318593978882,0.3054729104042053,0.02040421962738037,0.4797644019126892,-0.0335424542427063,0.4931817650794983,-0.07098966836929321,0.46138906478881836,0.09243214130401611,0.3048856556415558,0.06310772895812988,0.4203254282474518,0.022871434688568115,0.43241217732429504,-0.008127093315124512,0.4176862835884094,0.0,0.0,0.0,0.0,0.0,0.0,0.0,0.0,0.0,0.0,0.0,0.0,0.0,0.0,0.0,0.0,0.0,0.0,0.0,0.0,0.0,0.0,0.0,0.0,0.0,0.0,0.0,0.0,0.0,0.0,0.0,0.0,0.0,0.0,0.0,0.0,0.0,0.0,0.0,0.0,0.0,0.0
0.0,0.0,-0.11447340250015259,0.07749691605567932,-0.17598360776901245,0.23607200384140015,-0.19976741075515747,0.3907126188278198,-0.21974986791610718,0.5029817521572113,-0.1330696940422058,0.2766134440898895,-0.1515800952911377,0.4730949103832245,-0.15399086475372314,0.5901179015636444,-0.1532713770866394,0.6765561997890472,-0.03637295961380005,0.300179660320282,-0.03332465887069702,0.5197453200817108,-0.06823951005935669,0.5618830621242523,-0.09969258308410645,0.540386825799942,0.04099839925765991,0.30716270208358765,0.023295700550079346,0.485119491815567,-0.032271385192871094,0.5029352307319641,-0.07170271873474121,0.4743485152721405,0.09637987613677979,0.30637404322624207,0.06670540571212769,0.42745792865753174,0.024113953113555908,0.443760484457016,-0.009205222129821777,0.4317413866519928,0.0,0.0,0.0,0.0,0.0,0.0,0.0,0.0,0.0,0.0,0.0,0.0,0.0,0.0,0.0,0.0,0.0,0.0,0.0,0.0,0.0,0.0,0.0,0.0,0.0,0.0,0.0,0.0,0.0,0.0,0.0,0.0,0.0,0.0,0.0,0.0,0.0,0.0,0.0,0.0,0.0,0.0
0.0,0.0,-0.11387842893600464,0.076377734541893,-0.17749816179275513,0.2322273850440979,-0.2008887529373169,0.38921940326690674,-0.2188483476638794,0.5039683282375336,-0.1345432996749878,0.28323760628700256,-0.15178489685058594,0.47957009077072144,-0.15381109714508057,0.5941507816314697,-0.1537531614303589,0.6788139939308167,-0.037172019481658936,0.3037808835506439,-0.031538188457489014,0.5143663287162781,-0.06608980894088745,0.5616816878318787,-0.09914630651473999,0.5486066937446594,0.040339112281799316,0.3078513741493225,0.02424997091293335,0.4780968129634857,-0.030975937843322754,0.4996565878391266,-0.07171255350112915,0.47637128829956055,0.0952446460723877,0.30535241961479187,0.06477516889572144,0.42249947786331177,0.02295684814453125,0.4398021697998047,-0.011059999465942383,0.42998218536376953,0.0,0.0,0.0,0.0,0.0,0.0,0.0,0.0,0.0,0.0,0.0,0.0,0.0,0.0,0.0,0.0,0.0,0.0,0.0,0.0,0.0,0.0,0.0,0.0,0.0,0.0,0.0,0.0,0.0,0.0,0.0,0.0,0.0,0.0,0.0,0.0,0.0,0.0,0.0,0.0,0.0,0.0
0.0,0.0,-0.11222225427627563,0.07932323217391968,-0.17053157091140747,0.23677107691764832,-0.19356173276901245,0.38887089490890503,-0.21286118030548096,0.5002975761890411,-0.12773460149765015,0.28371816873550415,-0.14631837606430054,0.4779108464717865,-0.14932221174240112,0.5916881263256073,-0.14906370639801025,0.6739387214183807,-0.032743752002716064,0.30508777499198914,-0.027944207191467285,0.5194615423679352,-0.064799964427948,0.5656903684139252,-0.09806358814239502,0.546225517988205,0.04242342710494995,0.3063310384750366,0.02841782569885254,0.4821835458278656,-0.029840290546417236,0.5076565444469452,-0.07244366407394409,0.4821176826953888,0.09479260444641113,0.2986639440059662,0.06750601530075073,0.4183371067047119,0.02272820472717285,0.4398769736289978,-0.01378786563873291,0.42897504568099976,0.0,0.0,0.0,0.0,0.0,0.0,0.0,0.0,0.0,0.0,0.0,0.0,0.0,0.0,0.0,0.0,0.0,0.0,0.0,0.0,0.0,0.0,0.0,0.0,0.0,0.0,0.0,0.0,0.0,0.0,0.0,0.0,0.0,0.0,0.0,0.0,0.0,0.0,0.0,0.0,0.0,0.0
0.0,0.0,-0.11277437210083008,0.08093070983886719,-0.1733180284500122,0.23671962320804596,-0.1951206922531128,0.3926779329776764,-0.2120411992073059,0.5057628750801086,-0.13046884536743164,0.2828034460544586,-0.14827454090118408,0.48073604702949524,-0.1499454379081726,0.5945696234703064,-0.14905983209609985,0.6792144179344177,-0.03393912315368652,0.3033665716648102,-0.028947174549102783,0.518406093120575,-0.06589168310165405,0.5644586086273193,-0.10125279426574707,0.5484673976898193,0.041400134563446045,0.30580934882164,0.026238203048706055,0.4793386459350586,-0.031142711639404297,0.5017302632331848,-0.07311445474624634,0.47670117020606995,0.09340566396713257,0.3003976047039032,0.06337076425552368,0.41652506589889526,0.020345628261566162,0.4335389733314514,-0.014562845230102539,0.4215795695781708,0.0,0.0,0.0,0.0,0.0,0.0,0.0,0.0,0.0,0.0,0.0,0.0,0.0,0.0,0.0,0.0,0.0,0.0,0.0,0.0,0.0,0.0,0.0,0.0,0.0,0.0,0.0,0.0,0.0,0.0,0.0,0.0,0.0,0.0,0.0,0.0,0.0,0.0,0.0,0.0,0.0,0.0
0.0,0.0,-0.11348646879196167,0.0799172967672348,-0.17361050844192505,0.23470620810985565,-0.1980038285255432,0.3903779983520508,-0.21332192420959473,0.5079255104064941,-0.13165807723999023,0.2844526767730713,-0.14936095476150513,0.4821842610836029,-0.15187519788742065,0.5958208739757538,-0.15113979578018188,0.6790601909160614,-0.037345170974731445,0.30384349822998047,-0.029761791229248047,0.5168291628360748,-0.06529194116592407,0.5679657161235809,-0.0983353853225708,0.5560571849346161,0.03767579793930054,0.3062191903591156,0.026163160800933838,0.48294928669929504,-0.03130441904067993,0.5128878653049469,-0.07390928268432617,0.4935499131679535,0.08920955657958984,0.30075234174728394,0.062286376953125,0.42150214314460754,0.01898026466369629,0.4442114531993866,-0.01643383502960205,0.43610355257987976,0.0,0.0,0.0,0.0,0.0,0.0,0.0,0.0,0.0,0.0,0.0,0.0,0.0,0.0,0.0,0.0,0.0,0.0,0.0,0.0,0.0,0.0,0.0,0.0,0.0,0.0,0.0,0.0,0.0,0.0,0.0,0.0,0.0,0.0,0.0,0.0,0.0,0.0,0.0,0.0,0.0,0.0
0.0,0.0,-0.1135292649269104,0.0802537351846695,-0.17147374153137207,0.23544380068778992,-0.19611722230911255,0.3903309404850006,-0.21064937114715576,0.5088665783405304,-0.1338590383529663,0.2887984812259674,-0.1488630175590515,0.4856490194797516,-0.1510193943977356,0.5989826023578644,-0.15015065670013428,0.6808630526065826,-0.04054051637649536,0.30783429741859436,-0.03273427486419678,0.5198545157909393,-0.06899917125701904,0.5721952021121979,-0.10181576013565063,0.5576018989086151,0.03480422496795654,0.30863156914711,0.024663686752319336,0.48379263281822205,-0.03316086530685425,0.5139813125133514,-0.07592660188674927,0.4913191795349121,0.08724075555801392,0.30127719044685364,0.06213521957397461,0.42122045159339905,0.01784229278564453,0.4450623691082001,-0.01899021863937378,0.4348902404308319,0.0,0.0,0.0,0.0,0.0,0.0,0.0,0.0,0.0,0.0,0.0,0.0,0.0,0.0,0.0,0.0,0.0,0.0,0.0,0.0,0.0,0.0,0.0,0.0,0.0,0.0,0.0,0.0,0.0,0.0,0.0,0.0,0.0,0.0,0.0,0.0,0.0,0.0,0.0,0.0,0.0,0.0
0.0,0.0,-0.11374187469482422,0.08004279434680939,-0.16867709159851074,0.23456507921218872,-0.19177383184432983,0.3902111351490021,-0.20248550176620483,0.5041454136371613,-0.1345658302307129,0.2815980017185211,-0.152695894241333,0.4807491600513458,-0.15455752611160278,0.5944612920284271,-0.1533082127571106,0.6771925389766693,-0.04071563482284546,0.3044378161430359,-0.032277464866638184,0.5155135691165924,-0.06599903106689453,0.5667738020420074,-0.09838855266571045,0.5548300445079803,0.03463923931121826,0.3094102144241333,0.022790491580963135,0.4827587306499481,-0.0332377552986145,0.5110859572887421,-0.07434272766113281,0.48830559849739075,0.08664971590042114,0.30515480041503906,0.059697747230529785,0.4215642511844635,0.0171625018119812,0.4440026581287384,-0.017796576023101807,0.43340325355529785,0.0,0.0,0.0,0.0,0.0,0.0,0.0,0.0,0.0,0.0,0.0,0.0,0.0,0.0,0.0,0.0,0.0,0.0,0.0,0.0,0.0,0.0,0.0,0.0,0.0,0.0,0.0,0.0,0.0,0.0,0.0,0.0,0.0,0.0,0.0,0.0,0.0,0.0,0.0,0.0,0.0,0.0
0.0,0.0,-0.1121058464050293,0.07949414849281311,-0.16711574792861938,0.23207183182239532,-0.189905047416687,0.3857612609863281,-0.198741614818573,0.49944236874580383,-0.12998634576797485,0.28051093220710754,-0.14929813146591187,0.47773057222366333,-0.1516316533088684,0.591538816690445,-0.15032464265823364,0.6737322509288788,-0.036187171936035156,0.30258145928382874,-0.026779472827911377,0.5139378607273102,-0.061739444732666016,0.5630589425563812,-0.09524953365325928,0.5488395392894745,0.03917473554611206,0.30621474981307983,0.02750372886657715,0.47948434948921204,-0.029688894748687744,0.5043320059776306,-0.07165610790252686,0.4779001772403717,0.09121102094650269,0.3007550835609436,0.0649917721748352,0.41770797967910767,0.021718621253967285,0.43811437487602234,-0.01354140043258667,0.4252419173717499,0.0,0.0,0.0,0.0,0.0,0.0,0.0,0.0,0.0,0.0,0.0,0.0,0.0,0.0,0.0,0.0,0.0,0.0,0.0,0.0,0.0,0.0,0.0,0.0,0.0,0.0,0.0,0.0,0.0,0.0,0.0,0.0,0.0,0.0,0.0,0.0,0.0,0.0,0.0,0.0,0.0,0.0
0.0,0.0,-0.11098623275756836,0.0796099603176117,-0.16575509309768677,0.23232969641685486,-0.18897414207458496,0.3866114616394043,-0.20230698585510254,0.498053640127182,-0.12641310691833496,0.2759956419467926,-0.14665526151657104,0.4744488298892975,-0.14867520332336426,0.5866391360759735,-0.1476079821586609,0.6693325340747833,-0.032676637172698975,0.29960525035858154,-0.026196181774139404,0.5086283087730408,-0.062855064868927,0.5559996068477631,-0.09803193807601929,0.5420931279659271,0.04064077138900757,0.30533966422080994,0.023579180240631104,0.4760148227214813,-0.034996867179870605,0.4967128336429596,-0.07670331001281738,0.4689764678478241,0.08980482816696167,0.3030719757080078,0.05570340156555176,0.4136740267276764,0.011996448040008545,0.4307990074157715,-0.021689116954803467,0.4179985821247101,0.0,0.0,0.0,0.0,0.0,0.0,0.0,0.0,0.0,0.0,0.0,0.0,0.0,0.0,0.0,0.0,0.0,0.0,0.0,0.0,0.0,0.0,0.0,0.0,0.0,0.0,0.0,0.0,0.0,0.0,0.0,0.0,0.0,0.0,0.0,0.0,0.0,0.0,0.0,0.0,0.0,0.0
0.0,0.0,-0.11169594526290894,0.07934053242206573,-0.16626590490341187,0.23223236203193665,-0.1876131296157837,0.38669121265411377,-0.1989787220954895,0.500557541847229,-0.12737733125686646,0.27609673142433167,-0.14505702257156372,0.47018539905548096,-0.14568454027175903,0.5838080048561096,-0.1429782509803772,0.6665822267532349,-0.0330815315246582,0.29880112409591675,-0.023993074893951416,0.5067006349563599,-0.05956828594207764,0.5542784333229065,-0.09352195262908936,0.5387270450592041,0.04127192497253418,0.3035811185836792,0.029348134994506836,0.4752655029296875,-0.027806222438812256,0.5009721517562866,-0.06967377662658691,0.47627556324005127,0.09150820970535278,0.2996806800365448,0.06305825710296631,0.4138391315937042,0.02034890651702881,0.433025062084198,-0.013496339321136475,0.4211205244064331,0.0,0.0,0.0,0.0,0.0,0.0,0.0,0.0,0.0,0.0,0.0,0.0,0.0,0.0,0.0,0.0,0.0,0.0,0.0,0.0,0.0,0.0,0.0,0.0,0.0,0.0,0.0,0.0,0.0,0.0,0.0,0.0,0.0,0.0,0.0,0.0,0.0,0.0,0.0,0.0,0.0,0.0
0.0,0.0,-0.10999667644500732,0.07763749361038208,-0.16505581140518188,0.22995001077651978,-0.1856698989868164,0.38431432843208313,-0.194216787815094,0.4963284730911255,-0.12732630968093872,0.27151715755462646,-0.14778751134872437,0.4684131443500519,-0.14830923080444336,0.5817835032939911,-0.14611661434173584,0.6647985279560089,-0.03360050916671753,0.295481413602829,-0.02569502592086792,0.5040736496448517,-0.058578670024871826,0.5521020591259003,-0.09104299545288086,0.5368427932262421,0.041268229484558105,0.30206063389778137,0.027685225009918213,0.4736076295375824,-0.028894126415252686,0.4935150146484375,-0.07022672891616821,0.46317821741104126,0.09270447492599487,0.2995423972606659,0.06238746643066406,0.4109596908092499,0.0197485089302063,0.4263838231563568,-0.013532459735870361,0.4110998809337616,0.0,0.0,0.0,0.0,0.0,0.0,0.0,0.0,0.0,0.0,0.0,0.0,0.0,0.0,0.0,0.0,0.0,0.0,0.0,0.0,0.0,0.0,0.0,0.0,0.0,0.0,0.0,0.0,0.0,0.0,0.0,0.0,0.0,0.0,0.0,0.0,0.0,0.0,0.0,0.0,0.0,0.0
0.0,0.0,-0.1077224612236023,0.07920852303504944,-0.15932011604309082,0.23213334381580353,-0.17701274156570435,0.38630375266075134,-0.179371178150177,0.49553993344306946,-0.1253279447555542,0.2717762291431427,-0.14450103044509888,0.4707300364971161,-0.14514100551605225,0.5837381780147552,-0.14344042539596558,0.6660011112689972,-0.03279751539230347,0.29567694664001465,-0.022927939891815186,0.506193071603775,-0.05623888969421387,0.5525875985622406,-0.089527428150177,0.5356931388378143,0.041188180446624756,0.3028293251991272,0.03009974956512451,0.4747593402862549,-0.024910390377044678,0.4945029318332672,-0.06485414505004883,0.464009553194046,0.09235882759094238,0.2996193468570709,0.06415730714797974,0.4086568057537079,0.02277839183807373,0.42179974913597107,-0.009244978427886963,0.4031582474708557,0.0,0.0,0.0,0.0,0.0,0.0,0.0,0.0,0.0,0.0,0.0,0.0,0.0,0.0,0.0,0.0,0.0,0.0,0.0,0.0,0.0,0.0,0.0,0.0,0.0,0.0,0.0,0.0,0.0,0.0,0.0,0.0,0.0,0.0,0.0,0.0,0.0,0.0,0.0,0.0,0.0,0.0
0.0,0.0,-0.1075478196144104,0.08030721545219421,-0.1578015685081482,0.23346662521362305,-0.17300456762313843,0.3880966901779175,-0.17327553033828735,0.49561020731925964,-0.12703824043273926,0.26908454298973083,-0.14645922183990479,0.4685269892215729,-0.14602619409561157,0.5816707611083984,-0.1435224413871765,0.6659529805183411,-0.03460460901260376,0.29500260949134827,-0.02614724636077881,0.5058006644248962,-0.056896984577178955,0.5530753135681152,-0.08825409412384033,0.5382313132286072,0.0402793288230896,0.30369001626968384,0.02785545587539673,0.47449547052383423,-0.026145219802856445,0.48887574672698975,-0.06533563137054443,0.45325350761413574,0.09271383285522461,0.3019379675388336,0.062373220920562744,0.41062116622924805,0.02161705493927002,0.4212353527545929,-0.00957024097442627,0.4009985029697418,0.0,0.0,0.0,0.0,0.0,0.0,0.0,0.0,0.0,0.0,0.0,0.0,0.0,0.0,0.0,0.0,0.0,0.0,0.0,0.0,0.0,0.0,0.0,0.0,0.0,0.0,0.0,0.0,0.0,0.0,0.0,0.0,0.0,0.0,0.0,0.0,0.0,0.0,0.0,0.0,0.0,0.0
0.0,0.0,-0.10757070779800415,0.08107820153236389,-0.15751659870147705,0.23361238837242126,-0.17263662815093994,0.3870353698730469,-0.17338430881500244,0.49347957968711853,-0.12879931926727295,0.2687065601348877,-0.14687949419021606,0.46894124150276184,-0.1455337405204773,0.5831592977046967,-0.1420796513557434,0.6673986613750458,-0.035969316959381104,0.29393282532691956,-0.02666771411895752,0.5065954923629761,-0.05640566349029541,0.552606850862503,-0.08722525835037231,0.5354642570018768,0.03900402784347534,0.3025965392589569,0.027952134609222412,0.474807471036911,-0.02542012929916382,0.4913223087787628,-0.06448966264724731,0.457638144493103,0.09164261817932129,0.30065372586250305,0.06337738037109375,0.40988126397132874,0.02271491289138794,0.4220986068248749,-0.009215712547302246,0.4031597077846527,0.0,0.0,0.0,0.0,0.0,0.0,0.0,0.0,0.0,0.0,0.0,0.0,0.0,0.0,0.0,0.0,0.0,0.0,0.0,0.0,0.0,0.0,0.0,0.0,0.0,0.0,0.0,0.0,0.0,0.0,0.0,0.0,0.0,0.0,0.0,0.0,0.0,0.0,0.0,0.0,0.0,0.0
0.0,0.0,-0.10806804895401001,0.08037678897380829,-0.1588679552078247,0.23166608810424805,-0.1738450527191162,0.3844289183616638,-0.17342102527618408,0.48996689915657043,-0.13073915243148804,0.2701159417629242,-0.1493523120880127,0.47074243426322937,-0.14828109741210938,0.5849472880363464,-0.14548391103744507,0.6686936020851135,-0.038017868995666504,0.29461050033569336,-0.02776092290878296,0.5050834119319916,-0.05726045370101929,0.5543857216835022,-0.08853155374526978,0.5414950847625732,0.03643810749053955,0.30269449949264526,0.026436269283294678,0.4733969569206238,-0.02595829963684082,0.49379298090934753,-0.0648459792137146,0.4648246765136719,0.08862388134002686,0.30042579770088196,0.061722755432128906,0.4088359475135803,0.022779881954193115,0.4219314754009247,-0.00861591100692749,0.40417158603668213,0.0,0.0,0.0,0.0,0.0,0.0,0.0,0.0,0.0,0.0,0.0,0.0,0.0,0.0,0.0,0.0,0.0,0.0,0.0,0.0,0.0,0.0,0.0,0.0,0.0,0.0,0.0,0.0,0.0,0.0,0.0,0.0,0.0,0.0,0.0,0.0,0.0,0.0,0.0,0.0,0.0,0.0
0.0,0.0,-0.10866719484329224,0.07901756465435028,-0.15791386365890503,0.22888973355293274,-0.1743674874305725,0.3805878758430481,-0.17712974548339844,0.48730218410491943,-0.12891948223114014,0.2677954435348511,-0.14698702096939087,0.4702455401420593,-0.14742350578308105,0.5841597318649292,-0.14479559659957886,0.6651367545127869,-0.03553140163421631,0.2902699410915375,-0.02347511053085327,0.5025035738945007,-0.057272374629974365,0.5526057481765747,-0.09084302186965942,0.5390130281448364,0.039949893951416016,0.2972638010978699,0.031122982501983643,0.4709773659706116,-0.02480447292327881,0.49489766359329224,-0.06564527750015259,0.46761709451675415,0.09293991327285767,0.2939865291118622,0.06762629747390747,0.4064463973045349,0.025361478328704834,0.4235178530216217,-0.008203506469726562,0.4070678949356079,0.0,0.0,0.0,0.0,0.0,0.0,0.0,0.0,0.0,0.0,0.0,0.0,0.0,0.0,0.0,0.0,0.0,0.0,0.0,0.0,0.0,0.0,0.0,0.0,0.0,0.0,0.0,0.0,0.0,0.0,0.0,0.0,0.0,0.0,0.0,0.0,0.0,0.0,0.0,0.0,0.0,0.0
0.0,0.0,-0.1047292947769165,0.08018963038921356,-0.15275609493255615,0.23244735598564148,-0.16733455657958984,0.3855944871902466,-0.17035096883773804,0.49313995242118835,-0.12273657321929932,0.2630186378955841,-0.1383676528930664,0.4633331000804901,-0.1379498839378357,0.5778924524784088,-0.13532882928848267,0.6623105108737946,-0.028932631015777588,0.2874361574649811,-0.019476234912872314,0.5032019913196564,-0.051567792892456055,0.5419333875179291,-0.08260762691497803,0.518611878156662,0.04550522565841675,0.2960112988948822,0.03484618663787842,0.47060278058052063,-0.018439531326293945,0.484551340341568,-0.056453168392181396,0.4521513879299164,0.09734928607940674,0.2949873208999634,0.07059013843536377,0.40828192234039307,0.029430031776428223,0.41802412271499634,-0.0011909008026123047,0.3982970416545868,0.0,0.0,0.0,0.0,0.0,0.0,0.0,0.0,0.0,0.0,0.0,0.0,0.0,0.0,0.0,0.0,0.0,0.0,0.0,0.0,0.0,0.0,0.0,0.0,0.0,0.0,0.0,0.0,0.0,0.0,0.0,0.0,0.0,0.0,0.0,0.0,0.0,0.0,0.0,0.0,0.0,0.0
0.0,0.0,-0.10740190744400024,0.07623712718486786,-0.15679669380187988,0.22627824544906616,-0.17239749431610107,0.3817918002605438,-0.17523044347763062,0.49102845788002014,-0.12129735946655273,0.26194262504577637,-0.14324069023132324,0.46244490146636963,-0.1434708833694458,0.5756259262561798,-0.14163535833358765,0.6593197882175446,-0.02785545587539673,0.2896173894405365,-0.02560657262802124,0.5019962191581726,-0.05801522731781006,0.5421934425830841,-0.08960318565368652,0.5206955969333649,0.045704185962677,0.2995595932006836,0.027286231517791748,0.4633992612361908,-0.026420652866363525,0.47357049584388733,-0.0638076663017273,0.43771126866340637,0.09597229957580566,0.2979445159435272,0.060218095779418945,0.39893606305122375,0.01881229877471924,0.40517184138298035,-0.010572433471679688,0.38217970728874207,0.0,0.0,0.0,0.0,0.0,0.0,0.0,0.0,0.0,0.0,0.0,0.0,0.0,0.0,0.0,0.0,0.0,0.0,0.0,0.0,0.0,0.0,0.0,0.0,0.0,0.0,0.0,0.0,0.0,0.0,0.0,0.0,0.0,0.0,0.0,0.0,0.0,0.0,0.0,0.0,0.0,0.0
0.0,0.0,-0.10228908061981201,0.08064661920070648,-0.15053397417068481,0.22881460189819336,-0.15777409076690674,0.37898385524749756,-0.15183788537979126,0.48205646872520447,-0.12921953201293945,0.26294463872909546,-0.14140450954437256,0.46362000703811646,-0.1406967043876648,0.5769718289375305,-0.1396368145942688,0.6622955799102783,-0.037005603313446045,0.287635862827301,-0.024582266807556152,0.5045985579490662,-0.05227535963058472,0.5485284924507141,-0.08177351951599121,0.5298271179199219,0.03953069448471069,0.2945358157157898,0.035277605056762695,0.46778440475463867,-0.014232873916625977,0.4769532084465027,-0.05075109004974365,0.43700921535491943,0.09566998481750488,0.2895818054676056,0.07583314180374146,0.4038751423358917,0.03762459754943848,0.407945454120636,0.00883948802947998,0.38023078441619873,0.0,0.0,0.0,0.0,0.0,0.0,0.0,0.0,0.0,0.0,0.0,0.0,0.0,0.0,0.0,0.0,0.0,0.0,0.0,0.0,0.0,0.0,0.0,0.0,0.0,0.0,0.0,0.0,0.0,0.0,0.0,0.0,0.0,0.0,0.0,0.0,0.0,0.0,0.0,0.0,0.0,0.0
0.0,0.0,-0.1020500659942627,0.08350537717342377,-0.14884263277053833,0.23154248297214508,-0.15814155340194702,0.38052791357040405,-0.1534711718559265,0.48047518730163574,-0.12128311395645142,0.2638854384422302,-0.1376640796661377,0.46553295850753784,-0.13662993907928467,0.5798041820526123,-0.1341748833656311,0.6646794676780701,-0.028260648250579834,0.2896081805229187,-0.021064281463623047,0.5106817483901978,-0.05287832021713257,0.5465898513793945,-0.0846855640411377,0.5199775695800781,0.0462416410446167,0.2975322902202606,0.0353161096572876,0.4692276120185852,-0.015800058841705322,0.476360559463501,-0.05229073762893677,0.4387456178665161,0.09946674108505249,0.2936585247516632,0.07328933477401733,0.4025176465511322,0.034156620502471924,0.40473949909210205,0.004767298698425293,0.3789936900138855,0.0,0.0,0.0,0.0,0.0,0.0,0.0,0.0,0.0,0.0,0.0,0.0,0.0,0.0,0.0,0.0,0.0,0.0,0.0,0.0,0.0,0.0,0.0,0.0,0.0,0.0,0.0,0.0,0.0,0.0,0.0,0.0,0.0,0.0,0.0,0.0,0.0,0.0,0.0,0.0,0.0,0.0
0.0,0.0,-0.10696101188659668,0.08126920461654663,-0.1516161561012268,0.23038797080516815,-0.1428402066230774,0.37918731570243835,-0.11735737323760986,0.4757039546966553,-0.13579487800598145,0.26284074783325195,-0.1465553641319275,0.4673146903514862,-0.14279234409332275,0.5803311467170715,-0.13966792821884155,0.6684584021568298,-0.04282289743423462,0.2903403639793396,-0.029675841331481934,0.49660825729370117,-0.0541568398475647,0.5488086938858032,-0.08168166875839233,0.5436508059501648,0.03493022918701172,0.30140307545661926,0.02826613187789917,0.46698153018951416,-0.019014477729797363,0.47510215640068054,-0.054023146629333496,0.43507659435272217,0.09217536449432373,0.30257555842399597,0.06736278533935547,0.4110012650489807,0.032416343688964844,0.41374602913856506,0.007136881351470947,0.3871122896671295,0.0,0.0,0.0,0.0,0.0,0.0,0.0,0.0,0.0,0.0,0.0,0.0,0.0,0.0,0.0,0.0,0.0,0.0,0.0,0.0,0.0,0.0,0.0,0.0,0.0,0.0,0.0,0.0,0.0,0.0,0.0,0.0,0.0,0.0,0.0,0.0,0.0,0.0,0.0,0.0,0.0,0.0
0.0,0.0,-0.10492545366287231,0.08766999840736389,-0.14096879959106445,0.23711812496185303,-0.12732505798339844,0.38058170676231384,-0.1001279354095459,0.47326013445854187,-0.1234937310218811,0.26530033349990845,-0.132754385471344,0.4654412865638733,-0.1276949644088745,0.5812914669513702,-0.12355083227157593,0.6696612536907196,-0.02986729145050049,0.2884352505207062,-0.019085824489593506,0.4922238886356354,-0.0441012978553772,0.5468202531337738,-0.07198411226272583,0.5423653423786163,0.04615908861160278,0.299659788608551,0.03485327959060669,0.46738168597221375,-0.01136171817779541,0.49082913994789124,-0.04587745666503906,0.4673478305339813,0.09873086214065552,0.3029533326625824,0.06922304630279541,0.41520506143569946,0.03147482872009277,0.4286130666732788,0.0020645856857299805,0.41373738646507263,0.0,0.0,0.0,0.0,0.0,0.0,0.0,0.0,0.0,0.0,0.0,0.0,0.0,0.0,0.0,0.0,0.0,0.0,0.0,0.0,0.0,0.0,0.0,0.0,0.0,0.0,0.0,0.0,0.0,0.0,0.0,0.0,0.0,0.0,0.0,0.0,0.0,0.0,0.0,0.0,0.0,0.0
0.0,0.0,-0.10716444253921509,0.08548541367053986,-0.14339566230773926,0.23707237839698792,-0.1274699568748474,0.3828028440475464,-0.09737259149551392,0.4723517894744873,-0.12408363819122314,0.2620512843132019,-0.12824296951293945,0.4603564739227295,-0.12095439434051514,0.5751883387565613,-0.11457085609436035,0.6626920104026794,-0.030133545398712158,0.2858004868030548,-0.017046749591827393,0.48608943819999695,-0.04142320156097412,0.5419257283210754,-0.06757915019989014,0.5393509268760681,0.046588003635406494,0.29747462272644043,0.03400617837905884,0.46479710936546326,-0.011624336242675781,0.49049556255340576,-0.04466581344604492,0.467909038066864,0.09924006462097168,0.30128616094589233,0.06567811965942383,0.415489137172699,0.026949763298034668,0.431728720664978,-0.0011299848556518555,0.41776376962661743,0.0,0.0,0.0,0.0,0.0,0.0,0.0,0.0,0.0,0.0,0.0,0.0,0.0,0.0,0.0,0.0,0.0,0.0,0.0,0.0,0.0,0.0,0.0,0.0,0.0,0.0,0.0,0.0,0.0,0.0,0.0,0.0,0.0,0.0,0.0,0.0,0.0,0.0,0.0,0.0,0.0,0.0
0.0,0.0,-0.10424357652664185,0.0873410552740097,-0.14011484384536743,0.24036884307861328,-0.1247168779373169,0.3831082880496979,-0.09531599283218384,0.47183912992477417,-0.12242996692657471,0.2639550268650055,-0.1257878541946411,0.46053436398506165,-0.11934959888458252,0.575659453868866,-0.11286824941635132,0.6651512980461121,-0.03101980686187744,0.28347206115722656,-0.015254616737365723,0.48695534467697144,-0.04057276248931885,0.5377179980278015,-0.06756621599197388,0.5312754511833191,0.045850157737731934,0.2903631031513214,0.04352688789367676,0.46555954217910767,-0.005227804183959961,0.49006152153015137,-0.04308164119720459,0.4642012119293213,0.10064166784286499,0.2901333272457123,0.07896322011947632,0.41770437359809875,0.03842794895172119,0.43537721037864685,0.006095588207244873,0.4211224317550659,0.0,0.0,0.0,0.0,0.0,0.0,0.0,0.0,0.0,0.0,0.0,0.0,0.0,0.0,0.0,0.0,0.0,0.0,0.0,0.0,0.0,0.0,0.0,0.0,0.0,0.0,0.0,0.0,0.0,0.0,0.0,0.0,0.0,0.0,0.0,0.0,0.0,0.0,0.0,0.0,0.0,0.0
0.0,0.0,-0.10720419883728027,0.08815373480319977,-0.14250576496124268,0.24727082252502441,-0.12344563007354736,0.39511051774024963,-0.09139341115951538,0.4818723499774933,-0.12660950422286987,0.2696010172367096,-0.1254197359085083,0.4626098871231079,-0.11738324165344238,0.5751586258411407,-0.11156725883483887,0.6615958511829376,-0.034451186656951904,0.28671619296073914,-0.014035403728485107,0.48472222685813904,-0.037512779235839844,0.5395243465900421,-0.06349116563796997,0.5337928235530853,0.04329150915145874,0.2927873432636261,0.04243969917297363,0.4644148647785187,-0.002947509288787842,0.48795440793037415,-0.03735363483428955,0.4575670659542084,0.09880661964416504,0.2929352819919586,0.07656675577163696,0.4189777970314026,0.037544965744018555,0.4367577135562897,0.00702279806137085,0.42070654034614563,0.0,0.0,0.0,0.0,0.0,0.0,0.0,0.0,0.0,0.0,0.0,0.0,0.0,0.0,0.0,0.0,0.0,0.0,0.0,0.0,0.0,0.0,0.0,0.0,0.0,0.0,0.0,0.0,0.0,0.0,0.0,0.0,0.0,0.0,0.0,0.0,0.0,0.0,0.0,0.0,0.0,0.0
0.0,0.0,-0.1051669716835022,0.09606324136257172,-0.13776713609695435,0.2507939040660858,-0.11510199308395386,0.3892202377319336,-0.08310478925704956,0.4799535870552063,-0.12124675512313843,0.25539976358413696,-0.11284297704696655,0.45530983805656433,-0.10128587484359741,0.5738664865493774,-0.090212881565094,0.6635884642601013,-0.029136240482330322,0.2598995566368103,-0.004679203033447266,0.47509998083114624,-0.029244422912597656,0.5347654819488525,-0.053707778453826904,0.5264946818351746,0.04981356859207153,0.2625744640827179,0.057904720306396484,0.4640147089958191,0.010430872440338135,0.4974464178085327,-0.02575826644897461,0.4707103371620178,0.10778206586837769,0.2630435824394226,0.09861207008361816,0.4192168116569519,0.05387347936630249,0.44515663385391235,0.018243134021759033,0.4284505248069763,0.0,0.0,0.0,0.0,0.0,0.0,0.0,0.0,0.0,0.0,0.0,0.0,0.0,0.0,0.0,0.0,0.0,0.0,0.0,0.0,0.0,0.0,0.0,0.0,0.0,0.0,0.0,0.0,0.0,0.0,0.0,0.0,0.0,0.0,0.0,0.0,0.0,0.0,0.0,0.0,0.0,0.0
0.0,0.0,-0.1019127368927002,0.09599120914936066,-0.13127082586288452,0.246957466006279,-0.11073851585388184,0.3824600279331207,-0.07840359210968018,0.47131064534187317,-0.11952048540115356,0.254980206489563,-0.11093515157699585,0.4542446732521057,-0.09908407926559448,0.5724111497402191,-0.08678966760635376,0.6608968675136566,-0.02931445837020874,0.25903984904289246,-0.004121243953704834,0.476399689912796,-0.02812778949737549,0.5333662927150726,-0.05165952444076538,0.5188129246234894,0.04891002178192139,0.2607656717300415,0.05610233545303345,0.4622276723384857,0.008803486824035645,0.494066447019577,-0.026195168495178223,0.46243080496788025,0.1069420576095581,0.2603413760662079,0.09865337610244751,0.41524431109428406,0.05588710308074951,0.4397655129432678,0.02250230312347412,0.42051127552986145,0.0,0.0,0.0,0.0,0.0,0.0,0.0,0.0,0.0,0.0,0.0,0.0,0.0,0.0,0.0,0.0,0.0,0.0,0.0,0.0,0.0,0.0,0.0,0.0,0.0,0.0,0.0,0.0,0.0,0.0,0.0,0.0,0.0,0.0,0.0,0.0,0.0,0.0,0.0,0.0,0.0,0.0
0.0,0.0,-0.1005702018737793,0.09453491866588593,-0.1367177963256836,0.2567668855190277,-0.10698264837265015,0.4000386893749237,-0.06705665588378906,0.48903656005859375,-0.12350553274154663,0.23921501636505127,-0.1107146143913269,0.4404733180999756,-0.09474408626556396,0.553335428237915,-0.07891440391540527,0.6386827826499939,-0.029703140258789062,0.23951002955436707,-0.019283294677734375,0.45364516973495483,-0.04403871297836304,0.5033562481403351,-0.06259924173355103,0.4904637932777405,0.05009019374847412,0.240288645029068,0.041821181774139404,0.44863101840019226,-0.0038660764694213867,0.46905550360679626,-0.033054471015930176,0.4294058680534363,0.10977035760879517,0.24402950704097748,0.09047955274581909,0.40811216831207275,0.04472517967224121,0.4258846938610077,0.013771414756774902,0.400010347366333,0.0,0.0,0.0,0.0,0.0,0.0,0.0,0.0,0.0,0.0,0.0,0.0,0.0,0.0,0.0,0.0,0.0,0.0,0.0,0.0,0.0,0.0,0.0,0.0,0.0,0.0,0.0,0.0,0.0,0.0,0.0,0.0,0.0,0.0,0.0,0.0,0.0,0.0,0.0,0.0,0.0,0.0
0.0,0.0,-0.10241103172302246,0.09449800848960876,-0.13656920194625854,0.2557431012392044,-0.10651355981826782,0.39867228269577026,-0.06315106153488159,0.48928576707839966,-0.12076610326766968,0.23271086812019348,-0.1019706130027771,0.4314267039299011,-0.08455628156661987,0.5430576205253601,-0.06522953510284424,0.6269243955612183,-0.02633655071258545,0.2315380871295929,-0.013017237186431885,0.44330698251724243,-0.03915280103683472,0.493225634098053,-0.058400869369506836,0.4822021722793579,0.051618754863739014,0.23433437943458557,0.041772544384002686,0.44433116912841797,-0.0031938552856445312,0.4661811590194702,-0.03132927417755127,0.4330616593360901,0.10733503103256226,0.24309590458869934,0.08318954706192017,0.40254640579223633,0.038395047187805176,0.41930079460144043,0.009136378765106201,0.39894288778305054,0.0,0.0,0.0,0.0,0.0,0.0,0.0,0.0,0.0,0.0,0.0,0.0,0.0,0.0,0.0,0.0,0.0,0.0,0.0,0.0,0.0,0.0,0.0,0.0,0.0,0.0,0.0,0.0,0.0,0.0,0.0,0.0,0.0,0.0,0.0,0.0,0.0,0.0,0.0,0.0,0.0,0.0
0.0,0.0,-0.10107243061065674,0.09374088048934937,-0.13883519172668457,0.26173752546310425,-0.10666072368621826,0.4094143509864807,-0.058430254459381104,0.4997282326221466,-0.12092256546020508,0.22629331052303314,-0.09925079345703125,0.42302125692367554,-0.08067512512207031,0.5335145592689514,-0.061185359954833984,0.6179361939430237,-0.02604079246520996,0.22239616513252258,-0.012006640434265137,0.43950802087783813,-0.03624582290649414,0.48635631799697876,-0.053920209407806396,0.47140663862228394,0.05213582515716553,0.22325332462787628,0.044727861881256104,0.4369080662727356,0.0012459754943847656,0.4591875970363617,-0.02631819248199463,0.42698073387145996,0.10986709594726562,0.2322031557559967,0.08770710229873657,0.3918965756893158,0.042822957038879395,0.4077433943748474,0.013780176639556885,0.38863447308540344,0.0,0.0,0.0,0.0,0.0,0.0,0.0,0.0,0.0,0.0,0.0,0.0,0.0,0.0,0.0,0.0,0.0,0.0,0.0,0.0,0.0,0.0,0.0,0.0,0.0,0.0,0.0,0.0,0.0,0.0,0.0,0.0,0.0,0.0,0.0,0.0,0.0,0.0,0.0,0.0,0.0,0.0
0.0,0.0,-0.09897303581237793,0.09763260185718536,-0.13144320249557495,0.26431846618652344,-0.09493470191955566,0.40707796812057495,-0.047344744205474854,0.4935748279094696,-0.12046396732330322,0.23132705688476562,-0.09760695695877075,0.4261481463909149,-0.07688874006271362,0.5361214578151703,-0.056322574615478516,0.6210050880908966,-0.025813519954681396,0.2250528186559677,-0.008006632328033447,0.43371275067329407,-0.02779984474182129,0.48700299859046936,-0.044091641902923584,0.4836790859699249,0.053716838359832764,0.2235790193080902,0.05111747980117798,0.43332040309906006,0.008164405822753906,0.4520740807056427,-0.021165549755096436,0.41782745718955994,0.11389553546905518,0.228722482919693,0.09298968315124512,0.386292964220047,0.04870736598968506,0.39833346009254456,0.01926732063293457,0.37650060653686523,0.0,0.0,0.0,0.0,0.0,0.0,0.0,0.0,0.0,0.0,0.0,0.0,0.0,0.0,0.0,0.0,0.0,0.0,0.0,0.0,0.0,0.0,0.0,0.0,0.0,0.0,0.0,0.0,0.0,0.0,0.0,0.0,0.0,0.0,0.0,0.0,0.0,0.0,0.0,0.0,0.0,0.0
0.0,0.0,-0.09648394584655762,0.09606380760669708,-0.12868773937225342,0.2625623047351837,-0.08985269069671631,0.4024447798728943,-0.04359781742095947,0.4849933981895447,-0.12392699718475342,0.23196502029895782,-0.09791982173919678,0.42248302698135376,-0.0773392915725708,0.5313897728919983,-0.055645883083343506,0.6143776178359985,-0.03084510564804077,0.22282107174396515,-0.011397063732147217,0.43789154291152954,-0.03558093309402466,0.47260987758636475,-0.05161881446838379,0.44851475954055786,0.04953432083129883,0.21720989048480988,0.05342221260070801,0.42900025844573975,0.01442486047744751,0.43533003330230713,-0.008004248142242432,0.3888742923736572,0.11302059888839722,0.21846652030944824,0.09866702556610107,0.38338160514831543,0.05948525667190552,0.38290876150131226,0.03907167911529541,0.3464322090148926,0.0,0.0,0.0,0.0,0.0,0.0,0.0,0.0,0.0,0.0,0.0,0.0,0.0,0.0,0.0,0.0,0.0,0.0,0.0,0.0,0.0,0.0,0.0,0.0,0.0,0.0,0.0,0.0,0.0,0.0,0.0,0.0,0.0,0.0,0.0,0.0,0.0,0.0,0.0,0.0,0.0,0.0
0.0,0.0,-0.09574657678604126,0.0950022041797638,-0.12625831365585327,0.2636454701423645,-0.08527964353561401,0.4048430323600769,-0.04134714603424072,0.4927230477333069,-0.11911588907241821,0.22903379797935486,-0.09196364879608154,0.42279642820358276,-0.07391190528869629,0.5279176831245422,-0.05194574594497681,0.6066957116127014,-0.02641761302947998,0.21810926496982574,-0.00908583402633667,0.444696307182312,-0.04096555709838867,0.467022567987442,-0.059574663639068604,0.4273217022418976,0.05201190710067749,0.21053382754325867,0.05462312698364258,0.42896226048469543,0.011826872825622559,0.42623233795166016,-0.009955525398254395,0.372142493724823,0.11348515748977661,0.20918600261211395,0.1015734076499939,0.37893787026405334,0.060231685638427734,0.3764687776565552,0.040007710456848145,0.3387742340564728,0.0,0.0,0.0,0.0,0.0,0.0,0.0,0.0,0.0,0.0,0.0,0.0,0.0,0.0,0.0,0.0,0.0,0.0,0.0,0.0,0.0,0.0,0.0,0.0,0.0,0.0,0.0,0.0,0.0,0.0,0.0,0.0,0.0,0.0,0.0,0.0,0.0,0.0,0.0,0.0,0.0,0.0
0.0,0.0,-0.08799606561660767,0.0933632105588913,-0.11514544486999512,0.2502565383911133,-0.07889091968536377,0.3793393671512604,-0.03185027837753296,0.4536166787147522,-0.12137871980667114,0.24296323955059052,-0.09759014844894409,0.43332868814468384,-0.07561206817626953,0.5400888919830322,-0.052759528160095215,0.6230424642562866,-0.03786158561706543,0.22853171825408936,-0.022063910961151123,0.43657511472702026,-0.043469786643981934,0.4764031767845154,-0.05652618408203125,0.4625083804130554,0.03754979372024536,0.2141050100326538,0.04395925998687744,0.4191525876522064,0.00700908899307251,0.41063112020492554,-0.013299942016601562,0.3529425263404846,0.09789860248565674,0.2026134729385376,0.08318448066711426,0.3636336028575897,0.047867655754089355,0.3538901209831238,0.029888808727264404,0.30987003445625305,0.0,0.0,0.0,0.0,0.0,0.0,0.0,0.0,0.0,0.0,0.0,0.0,0.0,0.0,0.0,0.0,0.0,0.0,0.0,0.0,0.0,0.0,0.0,0.0,0.0,0.0,0.0,0.0,0.0,0.0,0.0,0.0,0.0,0.0,0.0,0.0,0.0,0.0,0.0,0.0,0.0,0.0
0.0,0.0,-0.08439236879348755,0.08538906276226044,-0.11118859052658081,0.2371845245361328,-0.06495010852813721,0.3601703941822052,-0.019825220108032227,0.4330596327781677,-0.12856972217559814,0.24525177478790283,-0.09874647855758667,0.43752461671829224,-0.07773208618164062,0.5424171984195709,-0.054654479026794434,0.6252471506595612,-0.04637867212295532,0.23101721704006195,-0.031430840492248535,0.4516022503376007,-0.049850404262542725,0.46468091011047363,-0.05821889638900757,0.4279209077358246,0.028872787952423096,0.21598920226097107,0.042821645736694336,0.41249939799308777,0.013781130313873291,0.38543474674224854,-0.00067138671875,0.3262118101119995,0.09183704853057861,0.20255674421787262,0.08248120546340942,0.35715633630752563,0.05102729797363281,0.33136633038520813,0.03603565692901611,0.2841781675815582,0.0,0.0,0.0,0.0,0.0,0.0,0.0,0.0,0.0,0.0,0.0,0.0,0.0,0.0,0.0,0.0,0.0,0.0,0.0,0.0,0.0,0.0,0.0,0.0,0.0,0.0,0.0,0.0,0.0,0.0,0.0,0.0,0.0,0.0,0.0,0.0,0.0,0.0,0.0,0.0,0.0,0.0
0.0,0.0,-0.0854412317276001,0.08702324330806732,-0.11781007051467896,0.2430163472890854,-0.07837170362472534,0.37152957916259766,-0.033306896686553955,0.44422775506973267,-0.12532883882522583,0.24669195711612701,-0.10130029916763306,0.43819060921669006,-0.08132278919219971,0.5450674295425415,-0.0570683479309082,0.6283453106880188,-0.04473692178726196,0.23349536955356598,-0.03149259090423584,0.45822709798812866,-0.05796194076538086,0.4709237813949585,-0.07237899303436279,0.43462565541267395,0.02813929319381714,0.218022882938385,0.0404168963432312,0.4187818765640259,0.005426883697509766,0.39455506205558777,-0.012982487678527832,0.33652564883232117,0.09008938074111938,0.20279057323932648,0.08276575803756714,0.3610554337501526,0.04853034019470215,0.3408523499965668,0.031163454055786133,0.29700958728790283,0.0,0.0,0.0,0.0,0.0,0.0,0.0,0.0,0.0,0.0,0.0,0.0,0.0,0.0,0.0,0.0,0.0,0.0,0.0,0.0,0.0,0.0,0.0,0.0,0.0,0.0,0.0,0.0,0.0,0.0,0.0,0.0,0.0,0.0,0.0,0.0,0.0,0.0,0.0,0.0,0.0,0.0
0.0,0.0,-0.08406811952590942,0.08935268223285675,-0.11247396469116211,0.24559500813484192,-0.06626999378204346,0.3703661561012268,-0.022177040576934814,0.44538572430610657,-0.13310843706130981,0.25150197744369507,-0.10590380430221558,0.4422008991241455,-0.08121436834335327,0.5471267104148865,-0.05394291877746582,0.6275425553321838,-0.05221235752105713,0.23494654893875122,-0.0368768572807312,0.4635823965072632,-0.05669921636581421,0.4726279675960541,-0.06671798229217529,0.43118345737457275,0.023660242557525635,0.21777495741844177,0.03897440433502197,0.4238120913505554,0.008316278457641602,0.3923425078392029,-0.007509171962738037,0.3292766213417053,0.08958864212036133,0.20143041014671326,0.08383500576019287,0.3693459630012512,0.05395066738128662,0.33986198902130127,0.04083818197250366,0.287030965089798,0.0,0.0,0.0,0.0,0.0,0.0,0.0,0.0,0.0,0.0,0.0,0.0,0.0,0.0,0.0,0.0,0.0,0.0,0.0,0.0,0.0,0.0,0.0,0.0,0.0,0.0,0.0,0.0,0.0,0.0,0.0,0.0,0.0,0.0,0.0,0.0,0.0,0.0,0.0,0.0,0.0,0.0
0.0,0.0,-0.08257365226745605,0.09273584187030792,-0.1084548830986023,0.24489466845989227,-0.058916449546813965,0.3653937578201294,-0.014299988746643066,0.4367758333683014,-0.1325664520263672,0.2560344487428665,-0.10465514659881592,0.44912955164909363,-0.07853186130523682,0.5536942183971405,-0.0518990159034729,0.6326150596141815,-0.053172290325164795,0.23624393343925476,-0.03773623704910278,0.4632278084754944,-0.050796449184417725,0.47503259778022766,-0.058136582374572754,0.4378144443035126,0.022754788398742676,0.2170409858226776,0.03851461410522461,0.42156490683555603,0.011807501316070557,0.3894279897212982,-0.003453850746154785,0.3263918459415436,0.09061884880065918,0.19662000238895416,0.08728218078613281,0.36496010422706604,0.05927842855453491,0.3374950587749481,0.04509514570236206,0.286410927772522,0.0,0.0,0.0,0.0,0.0,0.0,0.0,0.0,0.0,0.0,0.0,0.0,0.0,0.0,0.0,0.0,0.0,0.0,0.0,0.0,0.0,0.0,0.0,0.0,0.0,0.0,0.0,0.0,0.0,0.0,0.0,0.0,0.0,0.0,0.0,0.0,0.0,0.0,0.0,0.0,0.0,0.0
