0.0,0.0,-0.1011267900466919,0.09736593067646027,-0.1209293007850647,0.24109262228012085,-0.07909637689590454,0.3612399399280548,-0.03325998783111572,0.4383218288421631,-0.13664060831069946,0.28370505571365356,-0.1675085425376892,0.4739413261413574,-0.17727619409561157,0.5715410709381104,-0.18108123540878296,0.6491584777832031,-0.0570065975189209,0.29493314027786255,-0.07182276248931885,0.5102288722991943,-0.07630032300949097,0.629676103591919,-0.07619112730026245,0.7198522090911865,0.01770704984664917,0.29399940371513367,0.03017181158065796,0.48269301652908325,0.035040438175201416,0.5820397138595581,0.04455357789993286,0.6488206386566162,0.07166057825088501,0.27919501066207886,0.0475078821182251,0.4138197898864746,0.02018076181411743,0.4127841591835022,0.0017899870872497559,0.38970667123794556,0.0,0.0,0.0,0.0,0.0,0.0,0.0,0.0,0.0,0.0,0.0,0.0,0.0,0.0,0.0,0.0,0.0,0.0,0.0,0.0,0.0,0.0,0.0,0.0,0.0,0.0,0.0,0.0,0.0,0.0,0.0,0.0,0.0,0.0,0.0,0.0,0.0,0.0,0.0,0.0,0.0,0.0
0.0,0.0,-0.1023414134979248,0.09637874364852905,-0.1271343231201172,0.23501941561698914,-0.09270888566970825,0.35124436020851135,-0.04961484670639038,0.42373883724212646,-0.13452202081680298,0.2850666046142578,-0.16596060991287231,0.47515159845352173,-0.17745578289031982,0.5751179456710815,-0.18231672048568726,0.6553468704223633,-0.05694657564163208,0.2983318865299225,-0.07299292087554932,0.5120182037353516,-0.07904058694839478,0.6350927352905273,-0.07963967323303223,0.7278774976730347,0.016734421253204346,0.2977182865142822,0.02618122100830078,0.485956609249115,0.029241561889648438,0.5863291621208191,0.03601807355880737,0.6560429334640503,0.07251888513565063,0.27976319193840027,0.05588799715042114,0.42202770709991455,0.0352555513381958,0.4221046566963196,0.020701944828033447,0.3966536521911621,0.0,0.0,0.0,0.0,0.0,0.0,0.0,0.0,0.0,0.0,0.0,0.0,0.0,0.0,0.0,0.0,0.0,0.0,0.0,0.0,0.0,0.0,0.0,0.0,0.0,0.0,0.0,0.0,0.0,0.0,0.0,0.0,0.0,0.0,0.0,0.0,0.0,0.0,0.0,0.0,0.0,0.0
0.0,0.0,-0.10270261764526367,0.0952560305595398,-0.12403905391693115,0.2344570755958557,-0.08512496948242188,0.34862020611763,-0.03919178247451782,0.418111115694046,-0.1311424970626831,0.2855391800403595,-0.164070725440979,0.4743872582912445,-0.1762920618057251,0.5723402202129364,-0.18179094791412354,0.6521730124950409,-0.05271691083908081,0.29603898525238037,-0.06787484884262085,0.5067087113857269,-0.07382947206497192,0.6284703314304352,-0.0741889476776123,0.7217630445957184,0.020374000072479248,0.29197773337364197,0.0328635573387146,0.47817036509513855,0.03640788793563843,0.5822226703166962,0.04350930452346802,0.6545662581920624,0.07341009378433228,0.2734188139438629,0.05332982540130615,0.4077070653438568,0.02722269296646118,0.4133192002773285,0.007857441902160645,0.396168977022171,0.0,0.0,0.0,0.0,0.0,0.0,0.0,0.0,0.0,0.0,0.0,0.0,0.0,0.0,0.0,0.0,0.0,0.0,0.0,0.0,0.0,0.0,0.0,0.0,0.0,0.0,0.0,0.0,0.0,0.0,0.0,0.0,0.0,0.0,0.0,0.0,0.0,0.0,0.0,0.0,0.0,0.0
0.0,0.0,-0.09757649898529053,0.09616944193840027,-0.11821091175079346,0.2400606870651245,-0.07764184474945068,0.35875827074050903,-0.03361326456069946,0.4357174038887024,-0.1330614686012268,0.28679364919662476,-0.1663956642150879,0.4762652516365051,-0.1788845658302307,0.5743117928504944,-0.1839391589164734,0.6544499397277832,-0.0555570125579834,0.29550865292549133,-0.07098817825317383,0.5088037252426147,-0.07671838998794556,0.6288245916366577,-0.07667440176010132,0.7218870520591736,0.018702328205108643,0.2910500168800354,0.02965599298477173,0.4816315174102783,0.032217204570770264,0.5833646655082703,0.03933364152908325,0.6563441157341003,0.07585549354553223,0.2711985111236572,0.05836361646652222,0.4155517518520355,0.033670246601104736,0.4120764136314392,0.01731288433074951,0.3848614990711212,0.0,0.0,0.0,0.0,0.0,0.0,0.0,0.0,0.0,0.0,0.0,0.0,0.0,0.0,0.0,0.0,0.0,0.0,0.0,0.0,0.0,0.0,0.0,0.0,0.0,0.0,0.0,0.0,0.0,0.0,0.0,0.0,0.0,0.0,0.0,0.0,0.0,0.0,0.0,0.0,0.0,0.0
0.0,0.0,-0.10028451681137085,0.09800849854946136,-0.11833679676055908,0.24447208642959595,-0.07496875524520874,0.36475276947021484,-0.027416586875915527,0.4413348436355591,-0.13432085514068604,0.28260016441345215,-0.1646726131439209,0.4742138385772705,-0.17475461959838867,0.5715072154998779,-0.179066002368927,0.6500212550163269,-0.054974377155303955,0.29244086146354675,-0.06869763135910034,0.5091426968574524,-0.07330656051635742,0.6287597417831421,-0.07316172122955322,0.7198541164398193,0.01941394805908203,0.2921696901321411,0.034131407737731934,0.48372650146484375,0.03882324695587158,0.584549069404602,0.048149943351745605,0.6527491807937622,0.07284080982208252,0.27912527322769165,0.049121737480163574,0.4139600396156311,0.022057056427001953,0.408757746219635,0.004273056983947754,0.38117289543151855,0.0,0.0,0.0,0.0,0.0,0.0,0.0,0.0,0.0,0.0,0.0,0.0,0.0,0.0,0.0,0.0,0.0,0.0,0.0,0.0,0.0,0.0,0.0,0.0,0.0,0.0,0.0,0.0,0.0,0.0,0.0,0.0,0.0,0.0,0.0,0.0,0.0,0.0,0.0,0.0,0.0,0.0
0.0,0.0,-0.10236138105392456,0.09405992925167084,-0.1262373924255371,0.23210230469703674,-0.09334474802017212,0.34890830516815186,-0.052372753620147705,0.4243867099285126,-0.133872389793396,0.2871170938014984,-0.1651638150215149,0.4808831214904785,-0.17693400382995605,0.5821453332901001,-0.18125736713409424,0.6620528101921082,-0.05648660659790039,0.29781943559646606,-0.07185578346252441,0.5131500959396362,-0.07739955186843872,0.6359299421310425,-0.0769227147102356,0.7284724712371826,0.017729878425598145,0.2958367168903351,0.027456164360046387,0.4866364002227783,0.02934211492538452,0.587679386138916,0.03562194108963013,0.6583386659622192,0.07499021291732788,0.2765013575553894,0.05789077281951904,0.4254634380340576,0.03573894500732422,0.4265744090080261,0.02032315731048584,0.4009523391723633,0.0,0.0,0.0,0.0,0.0,0.0,0.0,0.0,0.0,0.0,0.0,0.0,0.0,0.0,0.0,0.0,0.0,0.0,0.0,0.0,0.0,0.0,0.0,0.0,0.0,0.0,0.0,0.0,0.0,0.0,0.0,0.0,0.0,0.0,0.0,0.0,0.0,0.0,0.0,0.0,0.0,0.0
0.0,0.0,-0.10103088617324829,0.09437282383441925,-0.118305504322052,0.23935475945472717,-0.07710921764373779,0.35807928442955017,-0.030960559844970703,0.43190237879753113,-0.131963849067688,0.28750255703926086,-0.16189676523208618,0.47985175251960754,-0.17280548810958862,0.5769943296909332,-0.17694145441055298,0.654947429895401,-0.05322921276092529,0.29616668820381165,-0.06616580486297607,0.5100434124469757,-0.07088172435760498,0.6302073895931244,-0.0698310136795044,0.7213082015514374,0.020157337188720703,0.29206088185310364,0.03555577993392944,0.4791993200778961,0.040338218212127686,0.582265168428421,0.049387574195861816,0.6530396044254303,0.07316863536834717,0.274800181388855,0.05150073766708374,0.4079008400440216,0.02393442392349243,0.4122629761695862,0.0036503076553344727,0.3938656747341156,0.0,0.0,0.0,0.0,0.0,0.0,0.0,0.0,0.0,0.0,0.0,0.0,0.0,0.0,0.0,0.0,0.0,0.0,0.0,0.0,0.0,0.0,0.0,0.0,0.0,0.0,0.0,0.0,0.0,0.0,0.0,0.0,0.0,0.0,0.0,0.0,0.0,0.0,0.0,0.0,0.0,0.0
0.0,0.0,-0.09990441799163818,0.0966673195362091,-0.12355214357376099,0.2333868145942688,-0.09140384197235107,0.34920522570610046,-0.05050438642501831,0.42277792096138,-0.13310492038726807,0.2855711281299591,-0.16432613134384155,0.4798261225223541,-0.17584282159805298,0.580453485250473,-0.1805434226989746,0.6599101722240448,-0.05556982755661011,0.29522809386253357,-0.07040750980377197,0.5127905309200287,-0.07566511631011963,0.6359138190746307,-0.07556033134460449,0.7290752828121185,0.018485844135284424,0.29267317056655884,0.028275489807128906,0.48489394783973694,0.030078589916229248,0.5859884917736053,0.03612905740737915,0.6568955481052399,0.07565933465957642,0.2728920876979828,0.059418559074401855,0.4244562089443207,0.03694695234298706,0.42794057726860046,0.02118086814880371,0.40508005023002625,0.0,0.0,0.0,0.0,0.0,0.0,0.0,0.0,0.0,0.0,0.0,0.0,0.0,0.0,0.0,0.0,0.0,0.0,0.0,0.0,0.0,0.0,0.0,0.0,0.0,0.0,0.0,0.0,0.0,0.0,0.0,0.0,0.0,0.0,0.0,0.0,0.0,0.0,0.0,0.0,0.0,0.0
0.0,0.0,-0.10285365581512451,0.0931837260723114,-0.12535423040390015,0.23367086052894592,-0.09201878309249878,0.3506777882575989,-0.047767579555511475,0.4214668273925781,-0.13299697637557983,0.284557580947876,-0.16374540328979492,0.47757038474082947,-0.17505645751953125,0.5763917863368988,-0.17940044403076172,0.6564532220363617,-0.053675055503845215,0.29371196031570435,-0.06730777025222778,0.5090576112270355,-0.0727236270904541,0.6307177245616913,-0.07216894626617432,0.7227149903774261,0.020019590854644775,0.29073643684387207,0.034001290798187256,0.4803828299045563,0.03737062215805054,0.5845036208629608,0.04525792598724365,0.6547426879405975,0.07303422689437866,0.2742851972579956,0.049523890018463135,0.41204535961151123,0.021735012531280518,0.41569983959198,0.0016543269157409668,0.39615508913993835,0.0,0.0,0.0,0.0,0.0,0.0,0.0,0.0,0.0,0.0,0.0,0.0,0.0,0.0,0.0,0.0,0.0,0.0,0.0,0.0,0.0,0.0,0.0,0.0,0.0,0.0,0.0,0.0,0.0,0.0,0.0,0.0,0.0,0.0,0.0,0.0,0.0,0.0,0.0,0.0,0.0,0.0
0.0,0.0,-0.1021580696105957,0.09348835051059723,-0.12695306539535522,0.23100951313972473,-0.09639996290206909,0.3476739823818207,-0.057466864585876465,0.42186567187309265,-0.13317197561264038,0.2844388484954834,-0.1639266014099121,0.4793395698070526,-0.1764804720878601,0.5803997814655304,-0.1819065809249878,0.6599695980548859,-0.055994391441345215,0.2949531674385071,-0.07071447372436523,0.5113296210765839,-0.07624655961990356,0.6340995132923126,-0.076149582862854,0.7263398468494415,0.017576396465301514,0.29322630167007446,0.027288377285003662,0.4842412769794464,0.02910017967224121,0.5857070982456207,0.035053789615631104,0.6560419499874115,0.07453715801239014,0.27435043454170227,0.05821484327316284,0.4232634902000427,0.03534883260726929,0.4272081255912781,0.019092142581939697,0.404403954744339,0.0,0.0,0.0,0.0,0.0,0.0,0.0,0.0,0.0,0.0,0.0,0.0,0.0,0.0,0.0,0.0,0.0,0.0,0.0,0.0,0.0,0.0,0.0,0.0,0.0,0.0,0.0,0.0,0.0,0.0,0.0,0.0,0.0,0.0,0.0,0.0,0.0,0.0,0.0,0.0,0.0,0.0
0.0,0.0,-0.1035386323928833,0.09529657661914825,-0.12397801876068115,0.23663300275802612,-0.08525335788726807,0.35206398367881775,-0.04122424125671387,0.4222460687160492,-0.13204431533813477,0.28694719076156616,-0.16274642944335938,0.4770694375038147,-0.1739877462387085,0.5742787718772888,-0.1787431240081787,0.6529406905174255,-0.05277317762374878,0.29603156447410583,-0.06492215394973755,0.5062769651412964,-0.07020401954650879,0.6273595690727234,-0.07007455825805664,0.720186710357666,0.021038532257080078,0.2912764251232147,0.03696233034133911,0.47883641719818115,0.04163920879364014,0.5812283158302307,0.04961812496185303,0.652083694934845,0.07490485906600952,0.27303674817085266,0.05657094717025757,0.41347235441207886,0.030864477157592773,0.4201882481575012,0.011350810527801514,0.40305474400520325,0.0,0.0,0.0,0.0,0.0,0.0,0.0,0.0,0.0,0.0,0.0,0.0,0.0,0.0,0.0,0.0,0.0,0.0,0.0,0.0,0.0,0.0,0.0,0.0,0.0,0.0,0.0,0.0,0.0,0.0,0.0,0.0,0.0,0.0,0.0,0.0,0.0,0.0,0.0,0.0,0.0,0.0
0.0,0.0,-0.10232138633728027,0.09559397399425507,-0.1241602897644043,0.2344091534614563,-0.09076118469238281,0.35057640075683594,-0.05284970998764038,0.4254218637943268,-0.13270199298858643,0.28693535923957825,-0.16351979970932007,0.47872161865234375,-0.17524194717407227,0.5769879817962646,-0.18029677867889404,0.6557387113571167,-0.05434119701385498,0.2965916395187378,-0.0667983889579773,0.5107098817825317,-0.07138341665267944,0.6322643756866455,-0.0712774395942688,0.723638117313385,0.019008219242095947,0.291744589805603,0.03324705362319946,0.47913092374801636,0.0380973219871521,0.5820140838623047,0.045323073863983154,0.652712345123291,0.07326704263687134,0.2712266147136688,0.057579100131988525,0.4140194058418274,0.034076035022735596,0.42361921072006226,0.015240013599395752,0.40852639079093933,0.0,0.0,0.0,0.0,0.0,0.0,0.0,0.0,0.0,0.0,0.0,0.0,0.0,0.0,0.0,0.0,0.0,0.0,0.0,0.0,0.0,0.0,0.0,0.0,0.0,0.0,0.0,0.0,0.0,0.0,0.0,0.0,0.0,0.0,0.0,0.0,0.0,0.0,0.0,0.0,0.0,0.0
0.0,0.0,-0.10488450527191162,0.09445135295391083,-0.12629717588424683,0.23655354976654053,-0.09075605869293213,0.35281065106391907,-0.04955846071243286,0.4248638153076172,-0.13221502304077148,0.2881001830101013,-0.16362184286117554,0.47860243916511536,-0.17578011751174927,0.5760296881198883,-0.18114590644836426,0.6554951965808868,-0.05257761478424072,0.298641562461853,-0.06617897748947144,0.510484904050827,-0.07163846492767334,0.631566733121872,-0.07126617431640625,0.7234209477901459,0.02082657814025879,0.29488781094551086,0.03489035367965698,0.4800468385219574,0.03900390863418579,0.5835867822170258,0.04716616868972778,0.6542786657810211,0.07331615686416626,0.27732786536216736,0.052187561988830566,0.4181451201438904,0.025683343410491943,0.42848652601242065,0.005559265613555908,0.4150646924972534,0.0,0.0,0.0,0.0,0.0,0.0,0.0,0.0,0.0,0.0,0.0,0.0,0.0,0.0,0.0,0.0,0.0,0.0,0.0,0.0,0.0,0.0,0.0,0.0,0.0,0.0,0.0,0.0,0.0,0.0,0.0,0.0,0.0,0.0,0.0,0.0,0.0,0.0,0.0,0.0,0.0,0.0
0.0,0.0,-0.10423332452774048,0.09495463967323303,-0.12748146057128906,0.23164480924606323,-0.09322112798690796,0.3455944359302521,-0.05461537837982178,0.41730427742004395,-0.1345556378364563,0.2841827869415283,-0.1650373935699463,0.47639378905296326,-0.17713165283203125,0.5752996504306793,-0.1822548508644104,0.6545828878879547,-0.055452823638916016,0.29672613739967346,-0.0686255693435669,0.5088909566402435,-0.07351690530776978,0.6299543678760529,-0.07323849201202393,0.7209613621234894,0.018085241317749023,0.29469868540763855,0.03143417835235596,0.4801989495754242,0.0363694429397583,0.5808745920658112,0.04404807090759277,0.6498052179813385,0.07209044694900513,0.2782292068004608,0.05559724569320679,0.4185609221458435,0.031466543674468994,0.42910611629486084,0.01233208179473877,0.41559314727783203,0.0,0.0,0.0,0.0,0.0,0.0,0.0,0.0,0.0,0.0,0.0,0.0,0.0,0.0,0.0,0.0,0.0,0.0,0.0,0.0,0.0,0.0,0.0,0.0,0.0,0.0,0.0,0.0,0.0,0.0,0.0,0.0,0.0,0.0,0.0,0.0,0.0,0.0,0.0,0.0,0.0,0.0
0.0,0.0,-0.10391700267791748,0.09706570208072662,-0.1239241361618042,0.23923686146736145,-0.08476215600967407,0.3546634912490845,-0.040730953216552734,0.4250509440898895,-0.1321096420288086,0.28691932559013367,-0.16347944736480713,0.4758059084415436,-0.17468887567520142,0.573054164648056,-0.1790410280227661,0.652639776468277,-0.05253535509109497,0.2974923551082611,-0.06595742702484131,0.5068301856517792,-0.07103359699249268,0.6276690065860748,-0.07058697938919067,0.7202946245670319,0.021108567714691162,0.2940756678581238,0.03586876392364502,0.47815462946891785,0.040384531021118164,0.5811803638935089,0.04840874671936035,0.6528412997722626,0.07427120208740234,0.27712127566337585,0.05423456430435181,0.41441959142684937,0.028085947036743164,0.42211830615997314,0.007880210876464844,0.40713757276535034,0.0,0.0,0.0,0.0,0.0,0.0,0.0,0.0,0.0,0.0,0.0,0.0,0.0,0.0,0.0,0.0,0.0,0.0,0.0,0.0,0.0,0.0,0.0,0.0,0.0,0.0,0.0,0.0,0.0,0.0,0.0,0.0,0.0,0.0,0.0,0.0,0.0,0.0,0.0,0.0,0.0,0.0
0.0,0.0,-0.10139012336730957,0.09576159715652466,-0.12247002124786377,0.23309585452079773,-0.0871855616569519,0.3471469581127167,-0.048498332500457764,0.4207957684993744,-0.1333199143409729,0.2874719798564911,-0.16422754526138306,0.478428453207016,-0.17602169513702393,0.5764759480953217,-0.18060791492462158,0.6550353467464447,-0.054934144020080566,0.29871708154678345,-0.06777602434158325,0.50992551445961,-0.07239234447479248,0.6302656829357147,-0.07199525833129883,0.7215401828289032,0.018566250801086426,0.29436159133911133,0.03281581401824951,0.4786592423915863,0.03847473859786987,0.5805887281894684,0.046439170837402344,0.6520034372806549,0.07310032844543457,0.2745073139667511,0.05689501762390137,0.4138408899307251,0.032479286193847656,0.424985408782959,0.012690603733062744,0.4129285216331482,0.0,0.0,0.0,0.0,0.0,0.0,0.0,0.0,0.0,0.0,0.0,0.0,0.0,0.0,0.0,0.0,0.0,0.0,0.0,0.0,0.0,0.0,0.0,0.0,0.0,0.0,0.0,0.0,0.0,0.0,0.0,0.0,0.0,0.0,0.0,0.0,0.0,0.0,0.0,0.0,0.0,0.0
0.0,0.0,-0.10285097360610962,0.09916792809963226,-0.1210242509841919,0.24153107404708862,-0.08112233877182007,0.3572375476360321,-0.036589622497558594,0.4281810224056244,-0.1316819190979004,0.2869504392147064,-0.1618584394454956,0.47814562916755676,-0.17329835891723633,0.5748564302921295,-0.1781896948814392,0.6537620723247528,-0.05121701955795288,0.29613208770751953,-0.06357240676879883,0.5077570974826813,-0.0686500072479248,0.6288107931613922,-0.06841355562210083,0.7214196622371674,0.023013293743133545,0.2916218340396881,0.038716137409210205,0.477954238653183,0.043159306049346924,0.5811518132686615,0.05127871036529541,0.6530499756336212,0.07627677917480469,0.2734493315219879,0.055760204792022705,0.41461923718452454,0.028980374336242676,0.42198291420936584,0.00867849588394165,0.4061991274356842,0.0,0.0,0.0,0.0,0.0,0.0,0.0,0.0,0.0,0.0,0.0,0.0,0.0,0.0,0.0,0.0,0.0,0.0,0.0,0.0,0.0,0.0,0.0,0.0,0.0,0.0,0.0,0.0,0.0,0.0,0.0,0.0,0.0,0.0,0.0,0.0,0.0,0.0,0.0,0.0,0.0,0.0
0.0,0.0,-0.10144251585006714,0.09713618457317352,-0.1212073564529419,0.23598578572273254,-0.08464556932449341,0.35089388489723206,-0.04375624656677246,0.4241620898246765,-0.13335633277893066,0.2846241295337677,-0.16333544254302979,0.47750961780548096,-0.17457598447799683,0.5753384232521057,-0.17909473180770874,0.6543499827384949,-0.053992390632629395,0.2947767376899719,-0.06524193286895752,0.509056806564331,-0.06949883699417114,0.6304908394813538,-0.0688856840133667,0.7225467562675476,0.01989436149597168,0.29061928391456604,0.03548461198806763,0.47643566131591797,0.04070162773132324,0.579109251499176,0.04858332872390747,0.6506316065788269,0.07355117797851562,0.2719880938529968,0.05692511796951294,0.4131918251514435,0.03170502185821533,0.4221942126750946,0.011845886707305908,0.4073987305164337,0.0,0.0,0.0,0.0,0.0,0.0,0.0,0.0,0.0,0.0,0.0,0.0,0.0,0.0,0.0,0.0,0.0,0.0,0.0,0.0,0.0,0.0,0.0,0.0,0.0,0.0,0.0,0.0,0.0,0.0,0.0,0.0,0.0,0.0,0.0,0.0,0.0,0.0,0.0,0.0,0.0,0.0
0.0,0.0,-0.10523152351379395,0.09450623393058777,-0.12552839517593384,0.23466792702674866,-0.0890684723854065,0.3512018322944641,-0.04757338762283325,0.42326006293296814,-0.13391190767288208,0.28478819131851196,-0.16441357135772705,0.47718891501426697,-0.17577308416366577,0.5740334689617157,-0.18004995584487915,0.6521948277950287,-0.05331861972808838,0.2952744662761688,-0.06531047821044922,0.5065526068210602,-0.07011657953262329,0.6271908581256866,-0.06974512338638306,0.719111829996109,0.020633220672607422,0.2923456132411957,0.036148130893707275,0.4757603108882904,0.04135096073150635,0.5768061578273773,0.049662232398986816,0.646813839673996,0.07335484027862549,0.2756943106651306,0.05489766597747803,0.41367173194885254,0.029862821102142334,0.4200904667377472,0.010193884372711182,0.4033905565738678,0.0,0.0,0.0,0.0,0.0,0.0,0.0,0.0,0.0,0.0,0.0,0.0,0.0,0.0,0.0,0.0,0.0,0.0,0.0,0.0,0.0,0.0,0.0,0.0,0.0,0.0,0.0,0.0,0.0,0.0,0.0,0.0,0.0,0.0,0.0,0.0,0.0,0.0,0.0,0.0,0.0,0.0
0.0,0.0,-0.10762977600097656,0.08904682099819183,-0.12970447540283203,0.2284609079360962,-0.09787160158157349,0.3463074564933777,-0.06016874313354492,0.42016562819480896,-0.13581478595733643,0.28231143951416016,-0.16593021154403687,0.47788864374160767,-0.1767035722732544,0.5773040652275085,-0.1798248291015625,0.656155526638031,-0.05584019422531128,0.29498791694641113,-0.06798464059829712,0.508691668510437,-0.07216459512710571,0.6311569809913635,-0.07047450542449951,0.7229462265968323,0.01775383949279785,0.2946958839893341,0.03206455707550049,0.4792203903198242,0.0372467041015625,0.5813385844230652,0.04623126983642578,0.6514618992805481,0.07048296928405762,0.2800559103488922,0.051213741302490234,0.4160076379776001,0.026516973972320557,0.4226441979408264,0.007417082786560059,0.40575137734413147,0.0,0.0,0.0,0.0,0.0,0.0,0.0,0.0,0.0,0.0,0.0,0.0,0.0,0.0,0.0,0.0,0.0,0.0,0.0,0.0,0.0,0.0,0.0,0.0,0.0,0.0,0.0,0.0,0.0,0.0,0.0,0.0,0.0,0.0,0.0,0.0,0.0,0.0,0.0,0.0,0.0,0.0
0.0,0.0,-0.10480999946594238,0.09317542612552643,-0.12432366609573364,0.23541390895843506,-0.08550596237182617,0.3530167043209076,-0.04046297073364258,0.4268345534801483,-0.13338303565979004,0.2852909564971924,-0.16339415311813354,0.4832490086555481,-0.17443424463272095,0.5832076668739319,-0.17729204893112183,0.6630802750587463,-0.05335640907287598,0.2970525026321411,-0.0653720498085022,0.5119729042053223,-0.06889623403549194,0.6340572237968445,-0.0655636191368103,0.7249012589454651,0.02115654945373535,0.29708075523376465,0.03469955921173096,0.48529428243637085,0.038693010807037354,0.5864033699035645,0.04850447177886963,0.6554497480392456,0.07477325201034546,0.2846578359603882,0.05309838056564331,0.4250107407569885,0.028244197368621826,0.42037782073020935,0.011890828609466553,0.3903209865093231,0.0,0.0,0.0,0.0,0.0,0.0,0.0,0.0,0.0,0.0,0.0,0.0,0.0,0.0,0.0,0.0,0.0,0.0,0.0,0.0,0.0,0.0,0.0,0.0,0.0,0.0,0.0,0.0,0.0,0.0,0.0,0.0,0.0,0.0,0.0,0.0,0.0,0.0,0.0,0.0,0.0,0.0
0.0,0.0,-0.10552817583084106,0.0933174341917038,-0.12685370445251465,0.23079609870910645,-0.0947270393371582,0.34754669666290283,-0.0567399263381958,0.4220101237297058,-0.1335000991821289,0.2834136486053467,-0.1627873182296753,0.47928938269615173,-0.17229896783828735,0.5790741741657257,-0.17470580339431763,0.6588193476200104,-0.05390053987503052,0.29514357447624207,-0.06554728746414185,0.5116985142230988,-0.06940031051635742,0.635264664888382,-0.06785565614700317,0.7282505929470062,0.01963019371032715,0.2937190532684326,0.03499549627304077,0.48231133818626404,0.04030156135559082,0.5838060677051544,0.04881864786148071,0.6532468497753143,0.07240104675292969,0.2783932387828827,0.05503720045089722,0.4190506041049957,0.03060668706893921,0.42703497409820557,0.011464595794677734,0.4106716811656952,0.0,0.0,0.0,0.0,0.0,0.0,0.0,0.0,0.0,0.0,0.0,0.0,0.0,0.0,0.0,0.0,0.0,0.0,0.0,0.0,0.0,0.0,0.0,0.0,0.0,0.0,0.0,0.0,0.0,0.0,0.0,0.0,0.0,0.0,0.0,0.0,0.0,0.0,0.0,0.0,0.0,0.0
0.0,0.0,-0.10570436716079712,0.0916052907705307,-0.1258825659751892,0.23134997487068176,-0.09117484092712402,0.34850355982780457,-0.05066913366317749,0.42215487360954285,-0.13389545679092407,0.28313660621643066,-0.1628449559211731,0.4802364110946655,-0.1726248860359192,0.5804769992828369,-0.17485088109970093,0.659928560256958,-0.0542483925819397,0.2954524755477905,-0.06566482782363892,0.5119022130966187,-0.06899142265319824,0.635347843170166,-0.06647950410842896,0.7274826765060425,0.019715189933776855,0.2951115369796753,0.03413170576095581,0.4812842607498169,0.03954744338989258,0.5826048851013184,0.04900890588760376,0.6519607901573181,0.07295185327529907,0.2809809744358063,0.05388849973678589,0.41862398386001587,0.029301702976226807,0.42437249422073364,0.010849475860595703,0.40660685300827026,0.0,0.0,0.0,0.0,0.0,0.0,0.0,0.0,0.0,0.0,0.0,0.0,0.0,0.0,0.0,0.0,0.0,0.0,0.0,0.0,0.0,0.0,0.0,0.0,0.0,0.0,0.0,0.0,0.0,0.0,0.0,0.0,0.0,0.0,0.0,0.0,0.0,0.0,0.0,0.0,0.0,0.0
0.0,0.0,-0.10382765531539917,0.09352634847164154,-0.12317413091659546,0.2354559600353241,-0.08509266376495361,0.3529283404350281,-0.041847944259643555,0.42806485295295715,-0.131747305393219,0.28760218620300293,-0.16125047206878662,0.48576924204826355,-0.17204070091247559,0.5852675139904022,-0.1746678352355957,0.6643768846988678,-0.05247312784194946,0.2980453073978424,-0.06345289945602417,0.5144461095333099,-0.06589561700820923,0.6373955309391022,-0.061537861824035645,0.7289440929889679,0.021492302417755127,0.2957814335823059,0.03597259521484375,0.4836903512477875,0.041210949420928955,0.5856809914112091,0.05135679244995117,0.6563585102558136,0.07525491714477539,0.28089332580566406,0.05615842342376709,0.4209780991077423,0.03193390369415283,0.42354631423950195,0.014424920082092285,0.4025213420391083,0.0,0.0,0.0,0.0,0.0,0.0,0.0,0.0,0.0,0.0,0.0,0.0,0.0,0.0,0.0,0.0,0.0,0.0,0.0,0.0,0.0,0.0,0.0,0.0,0.0,0.0,0.0,0.0,0.0,0.0,0.0,0.0,0.0,0.0,0.0,0.0,0.0,0.0,0.0,0.0,0.0,0.0
0.0,0.0,-0.10430759191513062,0.09152442216873169,-0.12501055002212524,0.2304273545742035,-0.09239470958709717,0.34929606318473816,-0.053673505783081055,0.424868106842041,-0.132998526096344,0.28695398569107056,-0.16185778379440308,0.4858430325984955,-0.17208296060562134,0.5859161913394928,-0.17491894960403442,0.6649355590343475,-0.052596867084503174,0.29670631885528564,-0.06291931867599487,0.5162374079227448,-0.0672616958618164,0.6401784121990204,-0.06591957807540894,0.7325764000415802,0.02122098207473755,0.2936866581439972,0.03742969036102295,0.484584242105484,0.04238235950469971,0.5882936418056488,0.05116605758666992,0.658834844827652,0.07420110702514648,0.27698567509651184,0.05580931901931763,0.4210166931152344,0.030144095420837402,0.4288717806339264,0.010435938835144043,0.4118112027645111,0.0,0.0,0.0,0.0,0.0,0.0,0.0,0.0,0.0,0.0,0.0,0.0,0.0,0.0,0.0,0.0,0.0,0.0,0.0,0.0,0.0,0.0,0.0,0.0,0.0,0.0,0.0,0.0,0.0,0.0,0.0,0.0,0.0,0.0,0.0,0.0,0.0,0.0,0.0,0.0,0.0,0.0
0.0,0.0,-0.10500186681747437,0.0909356027841568,-0.12617278099060059,0.22934085130691528,-0.09929507970809937,0.34612616896629333,-0.06779533624649048,0.42243725061416626,-0.12672948837280273,0.294424444437027,-0.15754026174545288,0.4957531988620758,-0.16819453239440918,0.5991661846637726,-0.17063438892364502,0.6783503592014313,-0.048208773136138916,0.3028022050857544,-0.05422508716583252,0.5229935944080353,-0.05811917781829834,0.648859053850174,-0.05555909872055054,0.7418043315410614,0.02423936128616333,0.2992604970932007,0.04036659002304077,0.4893459975719452,0.042611777782440186,0.5926182568073273,0.05118882656097412,0.6641893684864044,0.07568132877349854,0.28067630529403687,0.05638432502746582,0.4304234981536865,0.03008866310119629,0.44087663292884827,0.010960698127746582,0.42448583245277405,0.0,0.0,0.0,0.0,0.0,0.0,0.0,0.0,0.0,0.0,0.0,0.0,0.0,0.0,0.0,0.0,0.0,0.0,0.0,0.0,0.0,0.0,0.0,0.0,0.0,0.0,0.0,0.0,0.0,0.0,0.0,0.0,0.0,0.0,0.0,0.0,0.0,0.0,0.0,0.0,0.0,0.0
0.0,0.0,-0.10628247261047363,0.09436716139316559,-0.12922900915145874,0.23236820101737976,-0.10031813383102417,0.34947288036346436,-0.0689399242401123,0.4240488111972809,-0.12474590539932251,0.3000791668891907,-0.15537607669830322,0.5011361539363861,-0.1651814579963684,0.6061846911907196,-0.16644710302352905,0.6877557337284088,-0.0453641414642334,0.3077288269996643,-0.05425584316253662,0.5261249244213104,-0.057519733905792236,0.6535267531871796,-0.05383718013763428,0.7479557693004608,0.02765333652496338,0.30276378989219666,0.0448947548866272,0.4927475154399872,0.048329710960388184,0.598266214132309,0.05769240856170654,0.6704348623752594,0.0787702202796936,0.2843914330005646,0.06071913242340088,0.43153664469718933,0.034230589866638184,0.4551689326763153,0.013520598411560059,0.4547705352306366,0.0,0.0,0.0,0.0,0.0,0.0,0.0,0.0,0.0,0.0,0.0,0.0,0.0,0.0,0.0,0.0,0.0,0.0,0.0,0.0,0.0,0.0,0.0,0.0,0.0,0.0,0.0,0.0,0.0,0.0,0.0,0.0,0.0,0.0,0.0,0.0,0.0,0.0,0.0,0.0,0.0,0.0
0.0,0.0,-0.10822117328643799,0.08845023810863495,-0.13096535205841064,0.22974461317062378,-0.10164272785186768,0.35158395767211914,-0.06680363416671753,0.4282996356487274,-0.12659722566604614,0.2949102520942688,-0.15598678588867188,0.5014450550079346,-0.1659746766090393,0.6052597761154175,-0.1671885848045349,0.6846179962158203,-0.04521256685256958,0.30537351965904236,-0.054093122482299805,0.5307086110115051,-0.05856335163116455,0.656434953212738,-0.055702149868011475,0.7501318454742432,0.026614606380462646,0.30350521206855774,0.04252344369888306,0.4973476529121399,0.04496157169342041,0.6057763695716858,0.053014278411865234,0.6824654936790466,0.07363903522491455,0.2886000871658325,0.05082976818084717,0.4379556179046631,0.02166217565536499,0.46160703897476196,-0.0011196136474609375,0.46195685863494873,0.0,0.0,0.0,0.0,0.0,0.0,0.0,0.0,0.0,0.0,0.0,0.0,0.0,0.0,0.0,0.0,0.0,0.0,0.0,0.0,0.0,0.0,0.0,0.0,0.0,0.0,0.0,0.0,0.0,0.0,0.0,0.0,0.0,0.0,0.0,0.0,0.0,0.0,0.0,0.0,0.0,0.0
0.0,0.0,-0.10525268316268921,0.08910532295703888,-0.13327014446258545,0.22515565156936646,-0.11130225658416748,0.34714949131011963,-0.09016209840774536,0.42919862270355225,-0.12445032596588135,0.30388888716697693,-0.15335625410079956,0.5067641735076904,-0.1623595952987671,0.6128144860267639,-0.16257625818252563,0.6937842965126038,-0.04655110836029053,0.3117857277393341,-0.053765177726745605,0.5336095094680786,-0.05496317148208618,0.6606850028038025,-0.048628032207489014,0.7544347643852234,0.02420949935913086,0.3064277768135071,0.03933233022689819,0.49524742364883423,0.04290682077407837,0.5965024828910828,0.05334353446960449,0.665393054485321,0.07334494590759277,0.28713563084602356,0.052734196186065674,0.4323011040687561,0.027012228965759277,0.4615432620048523,0.006321907043457031,0.46779656410217285,0.0,0.0,0.0,0.0,0.0,0.0,0.0,0.0,0.0,0.0,0.0,0.0,0.0,0.0,0.0,0.0,0.0,0.0,0.0,0.0,0.0,0.0,0.0,0.0,0.0,0.0,0.0,0.0,0.0,0.0,0.0,0.0,0.0,0.0,0.0,0.0,0.0,0.0,0.0,0.0,0.0,0.0
0.0,0.0,-0.10539126396179199,0.09053301811218262,-0.1283147931098938,0.22959652543067932,-0.0993044376373291,0.3485490381717682,-0.07150298357009888,0.4273819327354431,-0.12154185771942139,0.31028684973716736,-0.1462889313697815,0.5126820504665375,-0.15429472923278809,0.6186835467815399,-0.1549152135848999,0.7010708153247833,-0.04440420866012573,0.3166089951992035,-0.04650455713272095,0.5357816517353058,-0.04799032211303711,0.6657117903232574,-0.043497681617736816,0.7637786567211151,0.026742279529571533,0.3078887462615967,0.04918015003204346,0.4986824095249176,0.055352210998535156,0.6038840115070343,0.0659329891204834,0.6769145429134369,0.07536423206329346,0.28590700030326843,0.06034940481185913,0.43733933568000793,0.03672510385513306,0.4695529043674469,0.0171014666557312,0.47760000824928284,0.0,0.0,0.0,0.0,0.0,0.0,0.0,0.0,0.0,0.0,0.0,0.0,0.0,0.0,0.0,0.0,0.0,0.0,0.0,0.0,0.0,0.0,0.0,0.0,0.0,0.0,0.0,0.0,0.0,0.0,0.0,0.0,0.0,0.0,0.0,0.0,0.0,0.0,0.0,0.0,0.0,0.0
0.0,0.0,-0.10447889566421509,0.08747918903827667,-0.12994951009750366,0.22620511054992676,-0.10165739059448242,0.34919866919517517,-0.0764121413230896,0.43427956104278564,-0.12345176935195923,0.3119393587112427,-0.14698398113250732,0.5143759548664093,-0.15466243028640747,0.6211835443973541,-0.15440601110458374,0.7032472193241119,-0.046461403369903564,0.31699541211128235,-0.04782390594482422,0.5369761884212494,-0.047649919986724854,0.6672436892986298,-0.04071563482284546,0.7657744586467743,0.024752676486968994,0.3070046603679657,0.04835104942321777,0.4992206394672394,0.05516606569290161,0.6038221418857574,0.06644254922866821,0.6751933991909027,0.07446897029876709,0.28482282161712646,0.061128079891204834,0.43715015053749084,0.0378153920173645,0.469404011964798,0.018301665782928467,0.47545620799064636,0.0,0.0,0.0,0.0,0.0,0.0,0.0,0.0,0.0,0.0,0.0,0.0,0.0,0.0,0.0,0.0,0.0,0.0,0.0,0.0,0.0,0.0,0.0,0.0,0.0,0.0,0.0,0.0,0.0,0.0,0.0,0.0,0.0,0.0,0.0,0.0,0.0,0.0,0.0,0.0,0.0,0.0
0.0,0.0,-0.10621058940887451,0.0855875015258789,-0.12733745574951172,0.22243863344192505,-0.10030549764633179,0.34475892782211304,-0.07171916961669922,0.42703306674957275,-0.12072581052780151,0.3091748356819153,-0.14426422119140625,0.5125089883804321,-0.15154635906219482,0.6189490556716919,-0.15020424127578735,0.7015944719314575,-0.04315519332885742,0.31961867213249207,-0.045017242431640625,0.5412937998771667,-0.04471719264984131,0.6707785129547119,-0.03772890567779541,0.766693115234375,0.028148770332336426,0.314357191324234,0.05030620098114014,0.5033611059188843,0.05716758966445923,0.6070809364318848,0.06920093297958374,0.6768748760223389,0.07652699947357178,0.295371949672699,0.06224393844604492,0.44291698932647705,0.03840982913970947,0.4719613790512085,0.018960177898406982,0.4743530750274658,0.0,0.0,0.0,0.0,0.0,0.0,0.0,0.0,0.0,0.0,0.0,0.0,0.0,0.0,0.0,0.0,0.0,0.0,0.0,0.0,0.0,0.0,0.0,0.0,0.0,0.0,0.0,0.0,0.0,0.0,0.0,0.0,0.0,0.0,0.0,0.0,0.0,0.0,0.0,0.0,0.0,0.0
0.0,0.0,-0.10274791717529297,0.0961100161075592,-0.11867135763168335,0.23704952001571655,-0.08256345987319946,0.351426362991333,-0.041499435901641846,0.42457646131515503,-0.11728042364120483,0.3186030089855194,-0.13801372051239014,0.518215149641037,-0.14235883951187134,0.622768372297287,-0.1390475630760193,0.7046684920787811,-0.03836697340011597,0.32412654161453247,-0.036244869232177734,0.539872020483017,-0.03460782766342163,0.6661648452281952,-0.027898728847503662,0.7615270912647247,0.03536707162857056,0.31282052397727966,0.06089860200881958,0.4995622932910919,0.07042336463928223,0.6011614501476288,0.08358818292617798,0.6711996495723724,0.08625328540802002,0.2885538637638092,0.07552313804626465,0.43486112356185913,0.053407251834869385,0.4561598598957062,0.03476285934448242,0.4519197642803192,0.0,0.0,0.0,0.0,0.0,0.0,0.0,0.0,0.0,0.0,0.0,0.0,0.0,0.0,0.0,0.0,0.0,0.0,0.0,0.0,0.0,0.0,0.0,0.0,0.0,0.0,0.0,0.0,0.0,0.0,0.0,0.0,0.0,0.0,0.0,0.0,0.0,0.0,0.0,0.0,0.0,0.0
0.0,0.0,-0.09963411092758179,0.09999528527259827,-0.11569321155548096,0.24200057983398438,-0.08422315120697021,0.3564353585243225,-0.044959068298339844,0.43012866377830505,-0.11782395839691162,0.31858018040657043,-0.1353381872177124,0.5186635255813599,-0.1412433385848999,0.6201293468475342,-0.13977175951004028,0.6983721852302551,-0.038178861141204834,0.3225376009941101,-0.032890379428863525,0.5420709848403931,-0.030489325523376465,0.6675597429275513,-0.023544013500213623,0.7610960602760315,0.03603768348693848,0.30960291624069214,0.06383734941482544,0.49474358558654785,0.07443439960479736,0.5954201817512512,0.08747053146362305,0.6654878854751587,0.08806180953979492,0.2834857106208801,0.0801548957824707,0.4303397536277771,0.06040233373641968,0.4546126127243042,0.04357707500457764,0.4548646807670593,0.0,0.0,0.0,0.0,0.0,0.0,0.0,0.0,0.0,0.0,0.0,0.0,0.0,0.0,0.0,0.0,0.0,0.0,0.0,0.0,0.0,0.0,0.0,0.0,0.0,0.0,0.0,0.0,0.0,0.0,0.0,0.0,0.0,0.0,0.0,0.0,0.0,0.0,0.0,0.0,0.0,0.0
0.0,0.0,-0.10306906700134277,0.09614872932434082,-0.121726393699646,0.24008908867835999,-0.10037457942962646,0.3586915135383606,-0.07367074489593506,0.43696755170822144,-0.11995959281921387,0.3208205997943878,-0.14029550552368164,0.5171772241592407,-0.1462731957435608,0.6178433299064636,-0.14488035440444946,0.6965474486351013,-0.040762364864349365,0.3285277485847473,-0.036634087562561035,0.5459303259849548,-0.03406161069869995,0.6721078157424927,-0.02667468786239624,0.7677975296974182,0.03215992450714111,0.3158566653728485,0.06003379821777344,0.4983678460121155,0.07163107395172119,0.6000484824180603,0.0860673189163208,0.6710349917411804,0.0817176103591919,0.28737106919288635,0.07447159290313721,0.4313035309314728,0.05838364362716675,0.4571807384490967,0.044944703578948975,0.4587303400039673,0.0,0.0,0.0,0.0,0.0,0.0,0.0,0.0,0.0,0.0,0.0,0.0,0.0,0.0,0.0,0.0,0.0,0.0,0.0,0.0,0.0,0.0,0.0,0.0,0.0,0.0,0.0,0.0,0.0,0.0,0.0,0.0,0.0,0.0,0.0,0.0,0.0,0.0,0.0,0.0,0.0,0.0
0.0,0.0,-0.1014404296875,0.09733925759792328,-0.11921221017837524,0.24159711599349976,-0.0954546332359314,0.35887226462364197,-0.06568175554275513,0.4352693259716034,-0.11348205804824829,0.3228803873062134,-0.13415533304214478,0.521179586648941,-0.13895267248153687,0.6239767372608185,-0.13599693775177002,0.705477386713028,-0.03496760129928589,0.33002394437789917,-0.032844722270965576,0.5478868186473846,-0.031159698963165283,0.672577291727066,-0.023830771446228027,0.7673045694828033,0.03777754306793213,0.3171066641807556,0.06595903635025024,0.5013256371021271,0.07784944772720337,0.6046374142169952,0.09394121170043945,0.6763530075550079,0.08700323104858398,0.28937962651252747,0.07724368572235107,0.4343203902244568,0.059271037578582764,0.45686081051826477,0.04497617483139038,0.4541510045528412,0.0,0.0,0.0,0.0,0.0,0.0,0.0,0.0,0.0,0.0,0.0,0.0,0.0,0.0,0.0,0.0,0.0,0.0,0.0,0.0,0.0,0.0,0.0,0.0,0.0,0.0,0.0,0.0,0.0,0.0,0.0,0.0,0.0,0.0,0.0,0.0,0.0,0.0,0.0,0.0,0.0,0.0
0.0,0.0,-0.10280728340148926,0.10439589619636536,-0.11610156297683716,0.2511584758758545,-0.08064460754394531,0.3645528554916382,-0.0375441312789917,0.43286922574043274,-0.11623942852020264,0.32574501633644104,-0.13702160120010376,0.5233572423458099,-0.14179086685180664,0.6263743937015533,-0.13913798332214355,0.7071110904216766,-0.03639739751815796,0.33228474855422974,-0.032641708850860596,0.5530567467212677,-0.02919483184814453,0.6804713308811188,-0.02113497257232666,0.7777670323848724,0.03741109371185303,0.319054514169693,0.06675368547439575,0.5061388313770294,0.07840406894683838,0.6081958711147308,0.09281641244888306,0.6797990500926971,0.08756637573242188,0.291276216506958,0.07710695266723633,0.44106802344322205,0.05569267272949219,0.4646749198436737,0.03803384304046631,0.4634191691875458,0.0,0.0,0.0,0.0,0.0,0.0,0.0,0.0,0.0,0.0,0.0,0.0,0.0,0.0,0.0,0.0,0.0,0.0,0.0,0.0,0.0,0.0,0.0,0.0,0.0,0.0,0.0,0.0,0.0,0.0,0.0,0.0,0.0,0.0,0.0,0.0,0.0,0.0,0.0,0.0,0.0,0.0
0.0,0.0,-0.10004764795303345,0.10394474864006042,-0.11474460363388062,0.2516002357006073,-0.08590370416641235,0.3680453300476074,-0.05075556039810181,0.4400853216648102,-0.10757464170455933,0.3302917182445526,-0.1280880570411682,0.5294418632984161,-0.1326289176940918,0.6339727342128754,-0.12983351945877075,0.7163210213184357,-0.028336822986602783,0.3355479836463928,-0.02640467882156372,0.5579949915409088,-0.024347662925720215,0.6869157254695892,-0.017103612422943115,0.7849391996860504,0.04423493146896362,0.32126617431640625,0.07196885347366333,0.5104627907276154,0.08276212215423584,0.6141388118267059,0.09705007076263428,0.6860226690769196,0.09314054250717163,0.29236724972724915,0.08278077840805054,0.4439145028591156,0.062120258808135986,0.47224918007850647,0.04447692632675171,0.47522661089897156,0.0,0.0,0.0,0.0,0.0,0.0,0.0,0.0,0.0,0.0,0.0,0.0,0.0,0.0,0.0,0.0,0.0,0.0,0.0,0.0,0.0,0.0,0.0,0.0,0.0,0.0,0.0,0.0,0.0,0.0,0.0,0.0,0.0,0.0,0.0,0.0,0.0,0.0,0.0,0.0,0.0,0.0
0.0,0.0,-0.10036921501159668,0.10036702454090118,-0.11883151531219482,0.2493150234222412,-0.0922086238861084,0.3720353841781616,-0.05444437265396118,0.4478480815887451,-0.1135973334312439,0.33073708415031433,-0.13197875022888184,0.5364158749580383,-0.13736796379089355,0.6397830247879028,-0.13648557662963867,0.7185165882110596,-0.033199965953826904,0.33593201637268066,-0.02883780002593994,0.5629104375839233,-0.025635838508605957,0.692629873752594,-0.01758784055709839,0.791953980922699,0.04048651456832886,0.3229807913303375,0.06709897518157959,0.5122389793395996,0.07815074920654297,0.6169151663780212,0.09340769052505493,0.6903071999549866,0.09091269969940186,0.29491114616394043,0.0794820785522461,0.4440942406654358,0.058282673358917236,0.46862053871154785,0.04146230220794678,0.46780890226364136,0.0,0.0,0.0,0.0,0.0,0.0,0.0,0.0,0.0,0.0,0.0,0.0,0.0,0.0,0.0,0.0,0.0,0.0,0.0,0.0,0.0,0.0,0.0,0.0,0.0,0.0,0.0,0.0,0.0,0.0,0.0,0.0,0.0,0.0,0.0,0.0,0.0,0.0,0.0,0.0,0.0,0.0
0.0,0.0,-0.09960758686065674,0.1060662567615509,-0.11516714096069336,0.2532384693622589,-0.08282113075256348,0.3719636797904968,-0.04283994436264038,0.4453177750110626,-0.10382449626922607,0.3341362774372101,-0.12217468023300171,0.5360932052135468,-0.12609422206878662,0.6415862143039703,-0.12341570854187012,0.7247884571552277,-0.02274566888809204,0.3410244584083557,-0.020604848861694336,0.5680287182331085,-0.018038392066955566,0.6988892257213593,-0.010889291763305664,0.7977745831012726,0.0505337119102478,0.3279755711555481,0.07700002193450928,0.5208570659160614,0.08742290735244751,0.6272280514240265,0.10093051195144653,0.7008835971355438,0.09995871782302856,0.2993362247943878,0.0861579179763794,0.4506782591342926,0.06254422664642334,0.47627779841423035,0.04235464334487915,0.47544315457344055,0.0,0.0,0.0,0.0,0.0,0.0,0.0,0.0,0.0,0.0,0.0,0.0,0.0,0.0,0.0,0.0,0.0,0.0,0.0,0.0,0.0,0.0,0.0,0.0,0.0,0.0,0.0,0.0,0.0,0.0,0.0,0.0,0.0,0.0,0.0,0.0,0.0,0.0,0.0,0.0,0.0,0.0
0.0,0.0,-0.0968981385231018,0.11414621770381927,-0.10848265886306763,0.26388391852378845,-0.07381606101989746,0.3788898289203644,-0.03353393077850342,0.4492969512939453,-0.10734373331069946,0.3395468592643738,-0.12415295839309692,0.5399101376533508,-0.12916040420532227,0.6407132744789124,-0.1279723048210144,0.7214932441711426,-0.02703946828842163,0.34522929787635803,-0.024447917938232422,0.5685973763465881,-0.020812153816223145,0.6957704424858093,-0.012038469314575195,0.79518061876297,0.047357380390167236,0.3316609561443329,0.0742986798286438,0.516325056552887,0.08652150630950928,0.6212527751922607,0.1029697060585022,0.6954775452613831,0.09829336404800415,0.3028012216091156,0.08459067344665527,0.4505770206451416,0.06153249740600586,0.47164857387542725,0.043317973613739014,0.46691465377807617,0.0,0.0,0.0,0.0,0.0,0.0,0.0,0.0,0.0,0.0,0.0,0.0,0.0,0.0,0.0,0.0,0.0,0.0,0.0,0.0,0.0,0.0,0.0,0.0,0.0,0.0,0.0,0.0,0.0,0.0,0.0,0.0,0.0,0.0,0.0,0.0,0.0,0.0,0.0,0.0,0.0,0.0
0.0,0.0,-0.0995185375213623,0.109306201338768,-0.11446595191955566,0.2591479420661926,-0.08079689741134644,0.38118061423301697,-0.03898274898529053,0.4567059576511383,-0.10905104875564575,0.33651450276374817,-0.12518030405044556,0.5404013693332672,-0.13025569915771484,0.6417721211910248,-0.1298147439956665,0.7231180965900421,-0.026569724082946777,0.3429751694202423,-0.024183034896850586,0.5677451193332672,-0.02159184217453003,0.6949731409549713,-0.014066219329833984,0.7941204607486725,0.04881107807159424,0.331163614988327,0.0754057765007019,0.5196340978145599,0.08612239360809326,0.6252440512180328,0.10166233777999878,0.6988090574741364,0.0994410514831543,0.30419665575027466,0.084841787815094,0.45235511660575867,0.06135028600692749,0.46860650181770325,0.04353737831115723,0.4583683907985687,0.0,0.0,0.0,0.0,0.0,0.0,0.0,0.0,0.0,0.0,0.0,0.0,0.0,0.0,0.0,0.0,0.0,0.0,0.0,0.0,0.0,0.0,0.0,0.0,0.0,0.0,0.0,0.0,0.0,0.0,0.0,0.0,0.0,0.0,0.0,0.0,0.0,0.0,0.0,0.0,0.0,0.0
0.0,0.0,-0.09664356708526611,0.11653220653533936,-0.10915940999984741,0.264872670173645,-0.07210248708724976,0.37847790122032166,-0.028804779052734375,0.44683128595352173,-0.10658431053161621,0.3352454602718353,-0.1234540343284607,0.538695752620697,-0.12910860776901245,0.6407036185264587,-0.12924045324325562,0.7218050360679626,-0.024254143238067627,0.3403733968734741,-0.02197819948196411,0.5638890266418457,-0.01968449354171753,0.6911247372627258,-0.01307588815689087,0.7902832627296448,0.05111086368560791,0.327565997838974,0.07784503698348999,0.513338565826416,0.08888506889343262,0.61942458152771,0.10347312688827515,0.6949356198310852,0.10201460123062134,0.300482839345932,0.08778268098831177,0.4464232325553894,0.06379878520965576,0.4651363492012024,0.04487985372543335,0.4588019847869873,0.0,0.0,0.0,0.0,0.0,0.0,0.0,0.0,0.0,0.0,0.0,0.0,0.0,0.0,0.0,0.0,0.0,0.0,0.0,0.0,0.0,0.0,0.0,0.0,0.0,0.0,0.0,0.0,0.0,0.0,0.0,0.0,0.0,0.0,0.0,0.0,0.0,0.0,0.0,0.0,0.0,0.0
0.0,0.0,-0.09944993257522583,0.10885070264339447,-0.11518794298171997,0.2560557425022125,-0.08173060417175293,0.3775857388973236,-0.04187619686126709,0.45451265573501587,-0.11023646593093872,0.33360809087753296,-0.12753885984420776,0.536914050579071,-0.1326378583908081,0.6376906633377075,-0.13138574361801147,0.7174463868141174,-0.028200924396514893,0.34064167737960815,-0.028158605098724365,0.5663135647773743,-0.024340808391571045,0.6934201121330261,-0.015381932258605957,0.7920816540718079,0.04685389995574951,0.3289641737937927,0.07250529527664185,0.5164012908935547,0.0853542685508728,0.6210493445396423,0.10228770971298218,0.6940526366233826,0.09792542457580566,0.30112332105636597,0.08231067657470703,0.44916290044784546,0.058566510677337646,0.4687771201133728,0.04017513990402222,0.46320635080337524,0.0,0.0,0.0,0.0,0.0,0.0,0.0,0.0,0.0,0.0,0.0,0.0,0.0,0.0,0.0,0.0,0.0,0.0,0.0,0.0,0.0,0.0,0.0,0.0,0.0,0.0,0.0,0.0,0.0,0.0,0.0,0.0,0.0,0.0,0.0,0.0,0.0,0.0,0.0,0.0,0.0,0.0
0.0,0.0,-0.10044968128204346,0.11050146818161011,-0.11557209491729736,0.258806049823761,-0.08336037397384644,0.3765477240085602,-0.0445021390914917,0.4508048892021179,-0.10984337329864502,0.33441707491874695,-0.12804150581359863,0.5378375053405762,-0.13455939292907715,0.6400624513626099,-0.13557708263397217,0.7211867570877075,-0.0269320011138916,0.3414520025253296,-0.025396347045898438,0.5674237012863159,-0.024417638778686523,0.6948570013046265,-0.018847882747650146,0.793480634689331,0.04859894514083862,0.3301587402820587,0.07485145330429077,0.5205690264701843,0.08389866352081299,0.6267188191413879,0.09724360704421997,0.7009934782981873,0.09946298599243164,0.30293354392051697,0.08488911390304565,0.45121753215789795,0.0597345232963562,0.46820664405822754,0.0398716926574707,0.4587111473083496,0.0,0.0,0.0,0.0,0.0,0.0,0.0,0.0,0.0,0.0,0.0,0.0,0.0,0.0,0.0,0.0,0.0,0.0,0.0,0.0,0.0,0.0,0.0,0.0,0.0,0.0,0.0,0.0,0.0,0.0,0.0,0.0,0.0,0.0,0.0,0.0,0.0,0.0,0.0,0.0,0.0,0.0
0.0,0.0,-0.09829610586166382,0.11132378876209259,-0.11181241273880005,0.2613130211830139,-0.07537400722503662,0.38260453939437866,-0.0313565731048584,0.4567023515701294,-0.10950815677642822,0.335048645734787,-0.12659776210784912,0.5369634032249451,-0.13182103633880615,0.6369726657867432,-0.1312570571899414,0.7181084752082825,-0.026701807975769043,0.3430803418159485,-0.025980472564697266,0.5664935111999512,-0.023454666137695312,0.6922343969345093,-0.0161399245262146,0.7911437153816223,0.049010396003723145,0.332414835691452,0.0739709734916687,0.5180978178977966,0.08484476804733276,0.6219762563705444,0.10040438175201416,0.6950982809066772,0.10034561157226562,0.3063923418521881,0.0847703218460083,0.45093590021133423,0.061516642570495605,0.4662281274795532,0.044062256813049316,0.45696574449539185,0.0,0.0,0.0,0.0,0.0,0.0,0.0,0.0,0.0,0.0,0.0,0.0,0.0,0.0,0.0,0.0,0.0,0.0,0.0,0.0,0.0,0.0,0.0,0.0,0.0,0.0,0.0,0.0,0.0,0.0,0.0,0.0,0.0,0.0,0.0,0.0,0.0,0.0,0.0,0.0,0.0,0.0
0.0,0.0,-0.09790343046188354,0.10813786089420319,-0.11330026388168335,0.2580253779888153,-0.0842239260673523,0.38008353114128113,-0.04881960153579712,0.4579053223133087,-0.10940194129943848,0.33214306831359863,-0.12754565477371216,0.535120815038681,-0.1339741349220276,0.6374394595623016,-0.13472938537597656,0.7194875180721283,-0.028697609901428223,0.3397698998451233,-0.02842801809310913,0.5657441318035126,-0.02625429630279541,0.6940095722675323,-0.019082963466644287,0.7941751778125763,0.0458797812461853,0.3294864594936371,0.0694701075553894,0.5177249610424042,0.07993900775909424,0.6236303150653839,0.09569144248962402,0.6973132193088531,0.09742987155914307,0.303771436214447,0.0816793441772461,0.4495057761669159,0.05870872735977173,0.47130343317985535,0.04175138473510742,0.4682992994785309,0.0,0.0,0.0,0.0,0.0,0.0,0.0,0.0,0.0,0.0,0.0,0.0,0.0,0.0,0.0,0.0,0.0,0.0,0.0,0.0,0.0,0.0,0.0,0.0,0.0,0.0,0.0,0.0,0.0,0.0,0.0,0.0,0.0,0.0,0.0,0.0,0.0,0.0,0.0,0.0,0.0,0.0
0.0,0.0,-0.09586429595947266,0.11690294742584229,-0.10827761888504028,0.26458123326301575,-0.07755523920059204,0.37762245535850525,-0.04163402318954468,0.4503755271434784,-0.10283046960830688,0.3351564407348633,-0.12369269132614136,0.5394856035709381,-0.12968909740447998,0.6427334249019623,-0.12991589307785034,0.7231079041957855,-0.021633386611938477,0.33864814043045044,-0.019044935703277588,0.567132979631424,-0.01610422134399414,0.6975002586841583,-0.008869349956512451,0.7960560619831085,0.05283170938491821,0.3253187835216522,0.079151451587677,0.5176370441913605,0.08850830793380737,0.6255173981189728,0.10190969705581665,0.7005200684070587,0.10280585289001465,0.29675036668777466,0.08733171224594116,0.44688448309898376,0.06253629922866821,0.46819522976875305,0.04248452186584473,0.46147051453590393,0.0,0.0,0.0,0.0,0.0,0.0,0.0,0.0,0.0,0.0,0.0,0.0,0.0,0.0,0.0,0.0,0.0,0.0,0.0,0.0,0.0,0.0,0.0,0.0,0.0,0.0,0.0,0.0,0.0,0.0,0.0,0.0,0.0,0.0,0.0,0.0,0.0,0.0,0.0,0.0,0.0,0.0
0.0,0.0,-0.0984758734703064,0.11673419177532196,-0.11183518171310425,0.2670350670814514,-0.08064180612564087,0.38707685470581055,-0.04275697469711304,0.4649457335472107,-0.10903626680374146,0.3374521732330322,-0.1245274543762207,0.5388559103012085,-0.13026189804077148,0.6403136253356934,-0.1307464838027954,0.7213174104690552,-0.027962327003479004,0.3416024148464203,-0.021604299545288086,0.5690173506736755,-0.01741337776184082,0.6970400214195251,-0.009604811668395996,0.7958102226257324,0.04732382297515869,0.3278874456882477,0.07425200939178467,0.5202555656433105,0.08306056261062622,0.6274223327636719,0.09597671031951904,0.7028743028640747,0.09927177429199219,0.29810425639152527,0.08677828311920166,0.4484066367149353,0.06405764818191528,0.46287107467651367,0.046433329582214355,0.44933539628982544,0.0,0.0,0.0,0.0,0.0,0.0,0.0,0.0,0.0,0.0,0.0,0.0,0.0,0.0,0.0,0.0,0.0,0.0,0.0,0.0,0.0,0.0,0.0,0.0,0.0,0.0,0.0,0.0,0.0,0.0,0.0,0.0,0.0,0.0,0.0,0.0,0.0,0.0,0.0,0.0,0.0,0.0
0.0,0.0,-0.09475904703140259,0.11587181687355042,-0.10777133703231812,0.26462697982788086,-0.07606273889541626,0.38119158148765564,-0.03804314136505127,0.4556337893009186,-0.10437452793121338,0.3336000144481659,-0.12360113859176636,0.5370098650455475,-0.12903374433517456,0.641731470823288,-0.12931042909622192,0.7248179614543915,-0.02261340618133545,0.3377288281917572,-0.019156455993652344,0.5651911795139313,-0.016188442707061768,0.6952222883701324,-0.009371042251586914,0.7955596148967743,0.0524408221244812,0.3245610296726227,0.07816839218139648,0.5167061388492584,0.08798378705978394,0.6246505677700043,0.10203558206558228,0.7003731429576874,0.10308116674423218,0.2967061698436737,0.08841913938522339,0.4459287226200104,0.06497514247894287,0.4712413251399994,0.046865761280059814,0.46952465176582336,0.0,0.0,0.0,0.0,0.0,0.0,0.0,0.0,0.0,0.0,0.0,0.0,0.0,0.0,0.0,0.0,0.0,0.0,0.0,0.0,0.0,0.0,0.0,0.0,0.0,0.0,0.0,0.0,0.0,0.0,0.0,0.0,0.0,0.0,0.0,0.0,0.0,0.0,0.0,0.0,0.0,0.0
0.0,0.0,-0.1030963659286499,0.10722455382347107,-0.12535697221755981,0.2539125084877014,-0.10505115985870361,0.37773996591567993,-0.08436012268066406,0.4620581269264221,-0.11727982759475708,0.3357115089893341,-0.13595998287200928,0.5372142791748047,-0.14337158203125,0.6418073773384094,-0.14446526765823364,0.7269495725631714,-0.033881962299346924,0.3408672511577606,-0.032009780406951904,0.5657839775085449,-0.030453085899353027,0.6965807676315308,-0.023571372032165527,0.7997551560401917,0.04140293598175049,0.3256988525390625,0.06374150514602661,0.5137515664100647,0.07275575399398804,0.6225308179855347,0.08685648441314697,0.6998999118804932,0.09233880043029785,0.29574307799339294,0.07810401916503906,0.4447353482246399,0.0541079044342041,0.470314621925354,0.03459280729293823,0.4690992832183838,0.0,0.0,0.0,0.0,0.0,0.0,0.0,0.0,0.0,0.0,0.0,0.0,0.0,0.0,0.0,0.0,0.0,0.0,0.0,0.0,0.0,0.0,0.0,0.0,0.0,0.0,0.0,0.0,0.0,0.0,0.0,0.0,0.0,0.0,0.0,0.0,0.0,0.0,0.0,0.0,0.0,0.0
0.0,0.0,-0.10548889636993408,0.10523918271064758,-0.12768787145614624,0.25269123911857605,-0.10122537612915039,0.3753318786621094,-0.06862258911132812,0.45420658588409424,-0.11768394708633423,0.3260660767555237,-0.14289522171020508,0.53505939245224,-0.15068596601486206,0.6433724761009216,-0.15058106184005737,0.7272441983222961,-0.03367316722869873,0.3333694636821747,-0.03412240743637085,0.5645858645439148,-0.032699525356292725,0.6983776092529297,-0.02496391534805298,0.7997270226478577,0.04247009754180908,0.32415634393692017,0.06300950050354004,0.518769383430481,0.06914126873016357,0.6262263655662537,0.08204036951065063,0.7007361650466919,0.09382158517837524,0.2997308075428009,0.07245665788650513,0.45098936557769775,0.04438060522079468,0.4651908874511719,0.02331596612930298,0.45058882236480713,0.0,0.0,0.0,0.0,0.0,0.0,0.0,0.0,0.0,0.0,0.0,0.0,0.0,0.0,0.0,0.0,0.0,0.0,0.0,0.0,0.0,0.0,0.0,0.0,0.0,0.0,0.0,0.0,0.0,0.0,0.0,0.0,0.0,0.0,0.0,0.0,0.0,0.0,0.0,0.0,0.0,0.0
0.0,0.0,-0.10806441307067871,0.10001926124095917,-0.13445204496383667,0.24545976519584656,-0.11286962032318115,0.3727227747440338,-0.08688932657241821,0.45533615350723267,-0.12324780225753784,0.3268897533416748,-0.1496146321296692,0.53467658162117,-0.15713489055633545,0.6454828083515167,-0.156974196434021,0.7338278591632843,-0.04008793830871582,0.33646124601364136,-0.04025602340698242,0.5648068487644196,-0.03939920663833618,0.7006103098392487,-0.03268545866012573,0.8053223192691803,0.0350307822227478,0.32800057530403137,0.057221412658691406,0.5194492638111115,0.06593340635299683,0.6292754113674164,0.0807526707649231,0.7061749994754791,0.0856054425239563,0.30446305871009827,0.06884497404098511,0.451170414686203,0.04456746578216553,0.47251465916633606,0.025921761989593506,0.46656492352485657,0.0,0.0,0.0,0.0,0.0,0.0,0.0,0.0,0.0,0.0,0.0,0.0,0.0,0.0,0.0,0.0,0.0,0.0,0.0,0.0,0.0,0.0,0.0,0.0,0.0,0.0,0.0,0.0,0.0,0.0,0.0,0.0,0.0,0.0,0.0,0.0,0.0,0.0,0.0,0.0,0.0,0.0
0.0,0.0,-0.10782313346862793,0.1009223610162735,-0.13339197635650635,0.2441841959953308,-0.10411548614501953,0.3669605255126953,-0.06494945287704468,0.4454478919506073,-0.12241023778915405,0.32356327772140503,-0.15140998363494873,0.5342480838298798,-0.15966153144836426,0.6466281116008759,-0.15989577770233154,0.7347622811794281,-0.0381963849067688,0.3321576714515686,-0.03979915380477905,0.5628550946712494,-0.03961801528930664,0.6979887187480927,-0.033962130546569824,0.7989276349544525,0.037687063217163086,0.32439661026000977,0.05867588520050049,0.5207004845142365,0.06682538986206055,0.6279356181621552,0.08129614591598511,0.6999153196811676,0.08798551559448242,0.30129194259643555,0.06439512968063354,0.45047423243522644,0.03651219606399536,0.4686976373195648,0.016276895999908447,0.4595588147640228,0.0,0.0,0.0,0.0,0.0,0.0,0.0,0.0,0.0,0.0,0.0,0.0,0.0,0.0,0.0,0.0,0.0,0.0,0.0,0.0,0.0,0.0,0.0,0.0,0.0,0.0,0.0,0.0,0.0,0.0,0.0,0.0,0.0,0.0,0.0,0.0,0.0,0.0,0.0,0.0,0.0,0.0
0.0,0.0,-0.10918903350830078,0.09850040078163147,-0.13684195280075073,0.24113449454307556,-0.11266535520553589,0.3655720353126526,-0.08018434047698975,0.4457198679447174,-0.12209606170654297,0.3208783268928528,-0.15050756931304932,0.532385915517807,-0.16049909591674805,0.6448318660259247,-0.1626816987991333,0.7314521968364716,-0.03799372911453247,0.33021828532218933,-0.03928112983703613,0.5642946660518646,-0.039916932582855225,0.6996333301067352,-0.03526097536087036,0.8003987967967987,0.03761869668960571,0.32372182607650757,0.058100998401641846,0.5199712216854095,0.06447798013687134,0.6292242109775543,0.07686078548431396,0.7040573060512543,0.08796751499176025,0.3014868497848511,0.06623607873916626,0.45162662863731384,0.03808867931365967,0.46995916962623596,0.017343580722808838,0.4608710706233978,0.0,0.0,0.0,0.0,0.0,0.0,0.0,0.0,0.0,0.0,0.0,0.0,0.0,0.0,0.0,0.0,0.0,0.0,0.0,0.0,0.0,0.0,0.0,0.0,0.0,0.0,0.0,0.0,0.0,0.0,0.0,0.0,0.0,0.0,0.0,0.0,0.0,0.0,0.0,0.0,0.0,0.0
0.0,0.0,-0.11022567749023438,0.10067079961299896,-0.13456904888153076,0.24298405647277832,-0.10594749450683594,0.36341536045074463,-0.07168960571289062,0.44160422682762146,-0.120494544506073,0.3208865821361542,-0.150895893573761,0.5322406589984894,-0.16062283515930176,0.6442872583866119,-0.16240763664245605,0.7315683662891388,-0.03608107566833496,0.32962387800216675,-0.038381099700927734,0.5614363253116608,-0.03955000638961792,0.6966736614704132,-0.035253286361694336,0.7977773249149323,0.03871643543243408,0.32245415449142456,0.06029665470123291,0.5182521641254425,0.06708860397338867,0.6271812617778778,0.08019626140594482,0.701307088136673,0.0862802267074585,0.29941001534461975,0.06478285789489746,0.44787582755088806,0.03585398197174072,0.4695655405521393,0.014134764671325684,0.4638529121875763,0.0,0.0,0.0,0.0,0.0,0.0,0.0,0.0,0.0,0.0,0.0,0.0,0.0,0.0,0.0,0.0,0.0,0.0,0.0,0.0,0.0,0.0,0.0,0.0,0.0,0.0,0.0,0.0,0.0,0.0,0.0,0.0,0.0,0.0,0.0,0.0,0.0,0.0,0.0,0.0,0.0,0.0
0.0,0.0,-0.1100197434425354,0.09992983937263489,-0.1379387378692627,0.24279114603996277,-0.10983484983444214,0.3662821650505066,-0.07589983940124512,0.44686388969421387,-0.12009692192077637,0.31893810629844666,-0.14981764554977417,0.5291939973831177,-0.15960043668746948,0.640851616859436,-0.16180741786956787,0.7276062965393066,-0.034757137298583984,0.3263813555240631,-0.035368144512176514,0.5605034232139587,-0.03594726324081421,0.6952115297317505,-0.03159290552139282,0.7976815104484558,0.03994143009185791,0.31951236724853516,0.06112802028656006,0.5167099237442017,0.0677909255027771,0.6260458827018738,0.0802236795425415,0.7007864117622375,0.08829349279403687,0.29702165722846985,0.06922441720962524,0.44969019293785095,0.04172682762145996,0.47150087356567383,0.021315574645996094,0.4648818373680115,0.0,0.0,0.0,0.0,0.0,0.0,0.0,0.0,0.0,0.0,0.0,0.0,0.0,0.0,0.0,0.0,0.0,0.0,0.0,0.0,0.0,0.0,0.0,0.0,0.0,0.0,0.0,0.0,0.0,0.0,0.0,0.0,0.0,0.0,0.0,0.0,0.0,0.0,0.0,0.0,0.0,0.0
0.0,0.0,-0.10795050859451294,0.10618194937705994,-0.13007813692092896,0.24732664227485657,-0.09503602981567383,0.36609411239624023,-0.05587613582611084,0.44339343905448914,-0.12065792083740234,0.3176436424255371,-0.14840930700302124,0.5304156243801117,-0.157914936542511,0.6423536241054535,-0.16069525480270386,0.729110449552536,-0.0361291766166687,0.3215554356575012,-0.035169243812561035,0.5562573969364166,-0.035091400146484375,0.6922533214092255,-0.030885636806488037,0.7943418323993683,0.03967773914337158,0.31282445788383484,0.06321817636489868,0.5139155685901642,0.07040894031524658,0.6245144307613373,0.08333271741867065,0.6988750994205475,0.09008532762527466,0.28967800736427307,0.07231628894805908,0.44416019320487976,0.04305046796798706,0.4626399278640747,0.02121710777282715,0.45168429613113403,0.0,0.0,0.0,0.0,0.0,0.0,0.0,0.0,0.0,0.0,0.0,0.0,0.0,0.0,0.0,0.0,0.0,0.0,0.0,0.0,0.0,0.0,0.0,0.0,0.0,0.0,0.0,0.0,0.0,0.0,0.0,0.0,0.0,0.0,0.0,0.0,0.0,0.0,0.0,0.0,0.0,0.0
0.0,0.0,-0.10893583297729492,0.1015065610408783,-0.13310480117797852,0.246183842420578,-0.09513247013092041,0.3695254623889923,-0.05155152082443237,0.4477463364601135,-0.12070989608764648,0.3161991536617279,-0.15026062726974487,0.5293724536895752,-0.15913939476013184,0.6405248641967773,-0.15991133451461792,0.7258190512657166,-0.0335993766784668,0.3200393617153168,-0.03316289186477661,0.55814528465271,-0.03274184465408325,0.6933090686798096,-0.02673560380935669,0.7942426800727844,0.042831361293792725,0.3109181821346283,0.06624865531921387,0.5146902799606323,0.07151871919631958,0.624881386756897,0.08270323276519775,0.6990108489990234,0.0929938554763794,0.2874116599559784,0.07433801889419556,0.444913387298584,0.04433083534240723,0.46770375967025757,0.021449506282806396,0.4620054364204407,0.0,0.0,0.0,0.0,0.0,0.0,0.0,0.0,0.0,0.0,0.0,0.0,0.0,0.0,0.0,0.0,0.0,0.0,0.0,0.0,0.0,0.0,0.0,0.0,0.0,0.0,0.0,0.0,0.0,0.0,0.0,0.0,0.0,0.0,0.0,0.0,0.0,0.0,0.0,0.0,0.0,0.0
0.0,0.0,-0.10951095819473267,0.10166124999523163,-0.1380038857460022,0.24107226729393005,-0.1110193133354187,0.3643318712711334,-0.082206130027771,0.44603869318962097,-0.11970716714859009,0.3132189214229584,-0.14849495887756348,0.5252527296543121,-0.15882539749145508,0.6366367042064667,-0.16160130500793457,0.7231583893299103,-0.03350883722305298,0.31670957803726196,-0.03322744369506836,0.5536003410816193,-0.03342324495315552,0.688970535993576,-0.0283239483833313,0.791753500699997,0.04102194309234619,0.30767738819122314,0.06591874361038208,0.5094165503978729,0.07226455211639404,0.61979541182518,0.08401238918304443,0.6940305531024933,0.08994126319885254,0.28414031863212585,0.07549518346786499,0.44006744027137756,0.04698222875595093,0.4622661769390106,0.0247039794921875,0.45489048957824707,0.0,0.0,0.0,0.0,0.0,0.0,0.0,0.0,0.0,0.0,0.0,0.0,0.0,0.0,0.0,0.0,0.0,0.0,0.0,0.0,0.0,0.0,0.0,0.0,0.0,0.0,0.0,0.0,0.0,0.0,0.0,0.0,0.0,0.0,0.0,0.0,0.0,0.0,0.0,0.0,0.0,0.0
0.0,0.0,-0.10784173011779785,0.10474470257759094,-0.13391274213790894,0.24679702520370483,-0.1023256778717041,0.36936303973197937,-0.06857287883758545,0.449579656124115,-0.1207166314125061,0.3160947263240814,-0.14797455072402954,0.5273759961128235,-0.1566556692123413,0.6391525864601135,-0.1588277816772461,0.7266613245010376,-0.03389960527420044,0.31782305240631104,-0.03312104940414429,0.5541290044784546,-0.032821595668792725,0.690411388874054,-0.027598559856414795,0.7931936383247375,0.04188239574432373,0.30826058983802795,0.06463760137557983,0.513178288936615,0.07065367698669434,0.6218553185462952,0.0833214521408081,0.6937242746353149,0.09247130155563354,0.2848126292228699,0.0752032995223999,0.44646042585372925,0.04651069641113281,0.4686256945133209,0.02494680881500244,0.46107763051986694,0.0,0.0,0.0,0.0,0.0,0.0,0.0,0.0,0.0,0.0,0.0,0.0,0.0,0.0,0.0,0.0,0.0,0.0,0.0,0.0,0.0,0.0,0.0,0.0,0.0,0.0,0.0,0.0,0.0,0.0,0.0,0.0,0.0,0.0,0.0,0.0,0.0,0.0,0.0,0.0,0.0,0.0
0.0,0.0,-0.10885828733444214,0.10523121058940887,-0.13532429933547974,0.2429666519165039,-0.10188436508178711,0.36189550161361694,-0.06225264072418213,0.4364551901817322,-0.11814171075820923,0.31002989411354065,-0.14619630575180054,0.5206443667411804,-0.1565425992012024,0.6325210332870483,-0.1598556637763977,0.7189790606498718,-0.03198087215423584,0.313286155462265,-0.030744433403015137,0.5500790476799011,-0.030237853527069092,0.6855937838554382,-0.025298476219177246,0.7871354222297668,0.04363608360290527,0.3054634630680084,0.06510096788406372,0.5074579119682312,0.07107621431350708,0.6142240166664124,0.08286482095718384,0.6861727833747864,0.09453427791595459,0.28201350569725037,0.07744365930557251,0.442049115896225,0.04821181297302246,0.4630531072616577,0.02605152130126953,0.4550754427909851,0.0,0.0,0.0,0.0,0.0,0.0,0.0,0.0,0.0,0.0,0.0,0.0,0.0,0.0,0.0,0.0,0.0,0.0,0.0,0.0,0.0,0.0,0.0,0.0,0.0,0.0,0.0,0.0,0.0,0.0,0.0,0.0,0.0,0.0,0.0,0.0,0.0,0.0,0.0,0.0,0.0,0.0
0.0,0.0,-0.1075020432472229,0.10326872766017914,-0.1322488784790039,0.2428469955921173,-0.09784102439880371,0.3619876205921173,-0.059233903884887695,0.4380340874195099,-0.11845904588699341,0.31091728806495667,-0.14577585458755493,0.5226543545722961,-0.15552681684494019,0.6339000463485718,-0.15837424993515015,0.7204516530036926,-0.0314403772354126,0.31382301449775696,-0.030924975872039795,0.5515780448913574,-0.0297815203666687,0.6875963807106018,-0.02403634786605835,0.7894445657730103,0.04464435577392578,0.30573615431785583,0.06403452157974243,0.5107195973396301,0.06936889886856079,0.6168420314788818,0.08105844259262085,0.6872326135635376,0.09547817707061768,0.2833612561225891,0.07699763774871826,0.4441596269607544,0.047371506690979004,0.4649956226348877,0.025221526622772217,0.45659714937210083,0.0,0.0,0.0,0.0,0.0,0.0,0.0,0.0,0.0,0.0,0.0,0.0,0.0,0.0,0.0,0.0,0.0,0.0,0.0,0.0,0.0,0.0,0.0,0.0,0.0,0.0,0.0,0.0,0.0,0.0,0.0,0.0,0.0,0.0,0.0,0.0,0.0,0.0,0.0,0.0,0.0,0.0
0.0,0.0,-0.10801023244857788,0.1058180034160614,-0.13366901874542236,0.246122807264328,-0.10053139925003052,0.3651577830314636,-0.06224459409713745,0.4405065178871155,-0.11958599090576172,0.3113352656364441,-0.14772045612335205,0.521412193775177,-0.1567157506942749,0.6321530938148499,-0.15840750932693481,0.7186813354492188,-0.031454265117645264,0.3143673241138458,-0.030521512031555176,0.552384614944458,-0.029032230377197266,0.6892660856246948,-0.022892773151397705,0.7914947271347046,0.04540973901748657,0.3056831359863281,0.06508767604827881,0.5097813010215759,0.06988787651062012,0.6168339252471924,0.08067619800567627,0.6879147291183472,0.0961686372756958,0.2831336259841919,0.0774838924407959,0.44375336170196533,0.04687094688415527,0.4651956260204315,0.0231095552444458,0.4566650390625,0.0,0.0,0.0,0.0,0.0,0.0,0.0,0.0,0.0,0.0,0.0,0.0,0.0,0.0,0.0,0.0,0.0,0.0,0.0,0.0,0.0,0.0,0.0,0.0,0.0,0.0,0.0,0.0,0.0,0.0,0.0,0.0,0.0,0.0,0.0,0.0,0.0,0.0,0.0,0.0,0.0,0.0
0.0,0.0,-0.10759669542312622,0.10668645799160004,-0.13435375690460205,0.24684327840805054,-0.10539752244949341,0.3676375448703766,-0.07358783483505249,0.4474587142467499,-0.11752593517303467,0.30940523743629456,-0.14643704891204834,0.5176891386508942,-0.15475672483444214,0.6289843022823334,-0.1557159423828125,0.7166482508182526,-0.02955251932144165,0.3129860758781433,-0.03001236915588379,0.5489992201328278,-0.029378294944763184,0.6857939660549164,-0.023540616035461426,0.7889929115772247,0.04662591218948364,0.3050076961517334,0.06604206562042236,0.5093728601932526,0.07020294666290283,0.6175101101398468,0.08067083358764648,0.6896390020847321,0.09654957056045532,0.28327444195747375,0.07763922214508057,0.44334718585014343,0.046981215476989746,0.46561700105667114,0.02320539951324463,0.457174688577652,0.0,0.0,0.0,0.0,0.0,0.0,0.0,0.0,0.0,0.0,0.0,0.0,0.0,0.0,0.0,0.0,0.0,0.0,0.0,0.0,0.0,0.0,0.0,0.0,0.0,0.0,0.0,0.0,0.0,0.0,0.0,0.0,0.0,0.0,0.0,0.0,0.0,0.0,0.0,0.0,0.0,0.0
0.0,0.0,-0.10447275638580322,0.11153049767017365,-0.13092845678329468,0.25536811351776123,-0.10868465900421143,0.37617018818855286,-0.0868452787399292,0.45891162753105164,-0.11693394184112549,0.3111207187175751,-0.14563381671905518,0.5214668214321136,-0.15478599071502686,0.6314588487148285,-0.15608447790145874,0.7177852094173431,-0.02910304069519043,0.311043381690979,-0.03072136640548706,0.5464632213115692,-0.030464589595794678,0.6843632161617279,-0.02450007200241089,0.7884103953838348,0.0477910041809082,0.3011179566383362,0.06635373830795288,0.5046964585781097,0.07061362266540527,0.6113622486591339,0.08121997117996216,0.6824758350849152,0.0982518196105957,0.2803809344768524,0.07874983549118042,0.440855473279953,0.04853540658950806,0.46346285939216614,0.02534574270248413,0.45651477575302124,0.0,0.0,0.0,0.0,0.0,0.0,0.0,0.0,0.0,0.0,0.0,0.0,0.0,0.0,0.0,0.0,0.0,0.0,0.0,0.0,0.0,0.0,0.0,0.0,0.0,0.0,0.0,0.0,0.0,0.0,0.0,0.0,0.0,0.0,0.0,0.0,0.0,0.0,0.0,0.0,0.0,0.0
0.0,0.0,-0.10598081350326538,0.11312098801136017,-0.1346030831336975,0.26433756947517395,-0.12591135501861572,0.39355435967445374,-0.1205676794052124,0.48693034052848816,-0.11899369955062866,0.3092239797115326,-0.14642536640167236,0.5194779336452484,-0.15537935495376587,0.6304395496845245,-0.15707862377166748,0.7170638144016266,-0.03235650062561035,0.3081379234790802,-0.034365057945251465,0.5436061918735504,-0.034301042556762695,0.6829439699649811,-0.027969837188720703,0.7883795201778412,0.04467272758483887,0.2980945110321045,0.06284952163696289,0.5031656324863434,0.0658717155456543,0.6102927029132843,0.07608896493911743,0.6808231770992279,0.09635770320892334,0.2777681350708008,0.07942813634872437,0.44085273146629333,0.05037951469421387,0.4678663909435272,0.0283128023147583,0.46451249718666077,0.0,0.0,0.0,0.0,0.0,0.0,0.0,0.0,0.0,0.0,0.0,0.0,0.0,0.0,0.0,0.0,0.0,0.0,0.0,0.0,0.0,0.0,0.0,0.0,0.0,0.0,0.0,0.0,0.0,0.0,0.0,0.0,0.0,0.0,0.0,0.0,0.0,0.0,0.0,0.0,0.0,0.0
0.0,0.0,-0.10647493600845337,0.11385895311832428,-0.1383470892906189,0.2686630189418793,-0.1392917037010193,0.40646517276763916,-0.14073306322097778,0.5065855383872986,-0.11783605813980103,0.3102705478668213,-0.14648741483688354,0.5194092392921448,-0.15684252977371216,0.6291022300720215,-0.15909212827682495,0.7139571905136108,-0.030855953693389893,0.30927574634552,-0.032142817974090576,0.5436933636665344,-0.03218597173690796,0.681856632232666,-0.025119364261627197,0.7846931219100952,0.046521902084350586,0.29882824420928955,0.06472516059875488,0.5043461918830872,0.06747108697891235,0.6107192039489746,0.07782787084579468,0.6805812120437622,0.0986815094947815,0.27847036719322205,0.07935786247253418,0.43959927558898926,0.04890972375869751,0.45988768339157104,0.025872349739074707,0.4495309889316559,0.0,0.0,0.0,0.0,0.0,0.0,0.0,0.0,0.0,0.0,0.0,0.0,0.0,0.0,0.0,0.0,0.0,0.0,0.0,0.0,0.0,0.0,0.0,0.0,0.0,0.0,0.0,0.0,0.0,0.0,0.0,0.0,0.0,0.0,0.0,0.0,0.0,0.0,0.0,0.0,0.0,0.0
0.0,0.0,-0.10518419742584229,0.11382706463336945,-0.13600552082061768,0.26906341314315796,-0.13719534873962402,0.4065791070461273,-0.1407921314239502,0.5051469206809998,-0.11730492115020752,0.31337761878967285,-0.14523983001708984,0.5229743123054504,-0.15500277280807495,0.6335209012031555,-0.1564246416091919,0.7189792394638062,-0.030308187007904053,0.3127218782901764,-0.029920458793640137,0.5470237135887146,-0.028974592685699463,0.6853860020637512,-0.021517157554626465,0.7883145213127136,0.04700648784637451,0.30168354511260986,0.06599563360214233,0.5054375529289246,0.0686226487159729,0.612545371055603,0.078579843044281,0.6833010911941528,0.09885096549987793,0.2808547914028168,0.08000189065933228,0.4405282139778137,0.05016225576400757,0.46296799182891846,0.027357399463653564,0.45627862215042114,0.0,0.0,0.0,0.0,0.0,0.0,0.0,0.0,0.0,0.0,0.0,0.0,0.0,0.0,0.0,0.0,0.0,0.0,0.0,0.0,0.0,0.0,0.0,0.0,0.0,0.0,0.0,0.0,0.0,0.0,0.0,0.0,0.0,0.0,0.0,0.0,0.0,0.0,0.0,0.0,0.0,0.0
0.0,0.0,-0.10428714752197266,0.11731760203838348,-0.13384288549423218,0.27292585372924805,-0.13615494966506958,0.4103957712650299,-0.14200204610824585,0.5099766552448273,-0.11577141284942627,0.31157368421554565,-0.1433843970298767,0.5215531885623932,-0.152951180934906,0.6319705545902252,-0.15413397550582886,0.7182135879993439,-0.028848469257354736,0.30936571955680847,-0.02872699499130249,0.542815238237381,-0.027619779109954834,0.6812589466571808,-0.01976221799850464,0.7852660715579987,0.048845767974853516,0.29782041907310486,0.06859803199768066,0.5039328038692474,0.07074880599975586,0.6105557382106781,0.08014321327209473,0.6808312237262726,0.10114270448684692,0.2780768573284149,0.08286434412002563,0.4388723075389862,0.05200117826461792,0.45967885851860046,0.028336286544799805,0.45057743787765503,0.0,0.0,0.0,0.0,0.0,0.0,0.0,0.0,0.0,0.0,0.0,0.0,0.0,0.0,0.0,0.0,0.0,0.0,0.0,0.0,0.0,0.0,0.0,0.0,0.0,0.0,0.0,0.0,0.0,0.0,0.0,0.0,0.0,0.0,0.0,0.0,0.0,0.0,0.0,0.0,0.0,0.0
0.0,0.0,-0.10619807243347168,0.11790837347507477,-0.1398007869720459,0.27333763241767883,-0.14842617511749268,0.4131339490413666,-0.1575927734375,0.5156190693378448,-0.117764413356781,0.30911821126937866,-0.1435355544090271,0.5171981751918793,-0.15306150913238525,0.6275754868984222,-0.1546209454536438,0.7135546505451202,-0.031618595123291016,0.30773189663887024,-0.03120565414428711,0.5406043231487274,-0.03059518337249756,0.6784084141254425,-0.023798465728759766,0.7814279496669769,0.04535132646560669,0.2966631352901459,0.06642204523086548,0.4993722140789032,0.0696786642074585,0.6063982546329498,0.07935535907745361,0.6768520772457123,0.09730219841003418,0.2764333486557007,0.08084571361541748,0.43536368012428284,0.05128830671310425,0.4605276584625244,0.02823793888092041,0.4566832482814789,0.0,0.0,0.0,0.0,0.0,0.0,0.0,0.0,0.0,0.0,0.0,0.0,0.0,0.0,0.0,0.0,0.0,0.0,0.0,0.0,0.0,0.0,0.0,0.0,0.0,0.0,0.0,0.0,0.0,0.0,0.0,0.0,0.0,0.0,0.0,0.0,0.0,0.0,0.0,0.0,0.0,0.0
0.0,0.0,-0.10509759187698364,0.11393973231315613,-0.13564294576644897,0.2674211263656616,-0.13615643978118896,0.4027026295661926,-0.1371166706085205,0.5020055174827576,-0.11832481622695923,0.3096873462200165,-0.1457269787788391,0.5192044973373413,-0.15513795614242554,0.6292420625686646,-0.15680503845214844,0.7143268585205078,-0.031190931797027588,0.3087884187698364,-0.03039175271987915,0.5436488389968872,-0.029715895652770996,0.6819133162498474,-0.02305835485458374,0.7851729393005371,0.046706199645996094,0.2990156412124634,0.06444966793060303,0.5065647959709167,0.06645578145980835,0.6134082674980164,0.07632732391357422,0.6838508248329163,0.09943771362304688,0.27912718057632446,0.08025151491165161,0.4442914128303528,0.0503045916557312,0.466351717710495,0.028105735778808594,0.4585515856742859,0.0,0.0,0.0,0.0,0.0,0.0,0.0,0.0,0.0,0.0,0.0,0.0,0.0,0.0,0.0,0.0,0.0,0.0,0.0,0.0,0.0,0.0,0.0,0.0,0.0,0.0,0.0,0.0,0.0,0.0,0.0,0.0,0.0,0.0,0.0,0.0,0.0,0.0,0.0,0.0,0.0,0.0
0.0,0.0,-0.1062936782836914,0.11462727189064026,-0.13611114025115967,0.26897913217544556,-0.134172260761261,0.40388572216033936,-0.13347119092941284,0.5012577772140503,-0.11936622858047485,0.31043004989624023,-0.14546281099319458,0.5209824442863464,-0.15462273359298706,0.6294795870780945,-0.15593844652175903,0.7141839265823364,-0.03166753053665161,0.3096332550048828,-0.03168874979019165,0.5429664254188538,-0.031105995178222656,0.6795552968978882,-0.024285733699798584,0.7822859287261963,0.046309709548950195,0.30017906427383423,0.06653726100921631,0.5040597915649414,0.0694170594215393,0.6115672588348389,0.07900005578994751,0.6829149723052979,0.09863114356994629,0.2812890410423279,0.0797649621963501,0.4431631565093994,0.048589468002319336,0.4635429382324219,0.023990213871002197,0.45346397161483765,0.0,0.0,0.0,0.0,0.0,0.0,0.0,0.0,0.0,0.0,0.0,0.0,0.0,0.0,0.0,0.0,0.0,0.0,0.0,0.0,0.0,0.0,0.0,0.0,0.0,0.0,0.0,0.0,0.0,0.0,0.0,0.0,0.0,0.0,0.0,0.0,0.0,0.0,0.0,0.0,0.0,0.0
0.0,0.0,-0.10737597942352295,0.11293072998523712,-0.13866132497787476,0.2682393491268158,-0.13923746347427368,0.4063760042190552,-0.14188522100448608,0.5054678618907928,-0.11745291948318481,0.30930161476135254,-0.14576631784439087,0.5201536118984222,-0.1552857756614685,0.6297501623630524,-0.15714049339294434,0.7155033051967621,-0.029701650142669678,0.3098922371864319,-0.03098165988922119,0.5424022972583771,-0.031048834323883057,0.679869145154953,-0.02480769157409668,0.7837145030498505,0.047344326972961426,0.3010268807411194,0.0657663345336914,0.5057630836963654,0.06798869371414185,0.6139668524265289,0.07765239477157593,0.6856063902378082,0.09792113304138184,0.2829568386077881,0.07770073413848877,0.4447490870952606,0.04646039009094238,0.46826520562171936,0.022410154342651367,0.46185508370399475,0.0,0.0,0.0,0.0,0.0,0.0,0.0,0.0,0.0,0.0,0.0,0.0,0.0,0.0,0.0,0.0,0.0,0.0,0.0,0.0,0.0,0.0,0.0,0.0,0.0,0.0,0.0,0.0,0.0,0.0,0.0,0.0,0.0,0.0,0.0,0.0,0.0,0.0,0.0,0.0,0.0,0.0
0.0,0.0,-0.10538506507873535,0.11349122226238251,-0.13594681024551392,0.26621013879776,-0.13912290334701538,0.4052479565143585,-0.14347565174102783,0.506166934967041,-0.11792135238647461,0.3049295246601105,-0.14390772581100464,0.5139287710189819,-0.15277689695358276,0.6232773065567017,-0.15421688556671143,0.7087743878364563,-0.031201660633087158,0.30553656816482544,-0.03062283992767334,0.5372143983840942,-0.029413938522338867,0.674326479434967,-0.022705495357513428,0.7780050039291382,0.04596775770187378,0.2971876859664917,0.0658501386642456,0.4992821216583252,0.06992578506469727,0.6074655652046204,0.08074396848678589,0.6799530386924744,0.09754258394241333,0.2793636918067932,0.07773858308792114,0.43855351209640503,0.04739254713058472,0.4638146162033081,0.024189472198486328,0.46068358421325684,0.0,0.0,0.0,0.0,0.0,0.0,0.0,0.0,0.0,0.0,0.0,0.0,0.0,0.0,0.0,0.0,0.0,0.0,0.0,0.0,0.0,0.0,0.0,0.0,0.0,0.0,0.0,0.0,0.0,0.0,0.0,0.0,0.0,0.0,0.0,0.0,0.0,0.0,0.0,0.0,0.0,0.0
0.0,0.0,-0.10552650690078735,0.11428192257881165,-0.13244688510894775,0.2652997374534607,-0.12183678150177002,0.3952999413013458,-0.11333835124969482,0.4888993799686432,-0.12184476852416992,0.30749502778053284,-0.14622539281845093,0.5163129270076752,-0.1542314887046814,0.625285416841507,-0.1549319624900818,0.7119867503643036,-0.03423941135406494,0.30832237005233765,-0.032951951026916504,0.538835734128952,-0.031541407108306885,0.6749444901943207,-0.025353670120239258,0.7777452766895294,0.04384732246398926,0.29954367876052856,0.06387174129486084,0.49940553307533264,0.0688590407371521,0.6102882921695709,0.07965278625488281,0.6859244406223297,0.09570199251174927,0.28100988268852234,0.0762668251991272,0.4415947496891022,0.047112107276916504,0.47406354546546936,0.024351418018341064,0.4795372784137726,0.0,0.0,0.0,0.0,0.0,0.0,0.0,0.0,0.0,0.0,0.0,0.0,0.0,0.0,0.0,0.0,0.0,0.0,0.0,0.0,0.0,0.0,0.0,0.0,0.0,0.0,0.0,0.0,0.0,0.0,0.0,0.0,0.0,0.0,0.0,0.0,0.0,0.0,0.0,0.0,0.0,0.0
0.0,0.0,-0.1042833924293518,0.11479514837265015,-0.13550037145614624,0.2707359790802002,-0.13168615102767944,0.4055047631263733,-0.1305316686630249,0.5041471719741821,-0.11733514070510864,0.3038327693939209,-0.1465194821357727,0.5191759467124939,-0.15509551763534546,0.6310740113258362,-0.15567022562026978,0.7174983024597168,-0.02813565731048584,0.3018532395362854,-0.029028475284576416,0.5410581231117249,-0.027693986892700195,0.6809173226356506,-0.01941072940826416,0.7847421765327454,0.05098915100097656,0.29347115755081177,0.06517279148101807,0.5079305171966553,0.0657731294631958,0.6132299304008484,0.07566636800765991,0.6815569996833801,0.10437911748886108,0.27741581201553345,0.0783618688583374,0.44689318537712097,0.044995009899139404,0.4674375057220459,0.02140134572982788,0.45718827843666077,0.0,0.0,0.0,0.0,0.0,0.0,0.0,0.0,0.0,0.0,0.0,0.0,0.0,0.0,0.0,0.0,0.0,0.0,0.0,0.0,0.0,0.0,0.0,0.0,0.0,0.0,0.0,0.0,0.0,0.0,0.0,0.0,0.0,0.0,0.0,0.0,0.0,0.0,0.0,0.0,0.0,0.0
0.0,0.0,-0.10504335165023804,0.11610367894172668,-0.13765275478363037,0.2733658254146576,-0.14254921674728394,0.4150538444519043,-0.1513911485671997,0.5163678526878357,-0.1167723536491394,0.3030692934989929,-0.14429253339767456,0.5176618099212646,-0.15499526262283325,0.630214512348175,-0.15722572803497314,0.7168464660644531,-0.029654264450073242,0.3044719696044922,-0.03114265203475952,0.5442114472389221,-0.029957890510559082,0.6837857961654663,-0.022326409816741943,0.7883146405220032,0.04804438352584839,0.2969793975353241,0.065951406955719,0.5037945508956909,0.0681719183921814,0.6139540672302246,0.07744163274765015,0.6881800293922424,0.10009968280792236,0.28046903014183044,0.0767260193824768,0.44084423780441284,0.04384183883666992,0.46304190158843994,0.0195121169090271,0.4563884735107422,0.0,0.0,0.0,0.0,0.0,0.0,0.0,0.0,0.0,0.0,0.0,0.0,0.0,0.0,0.0,0.0,0.0,0.0,0.0,0.0,0.0,0.0,0.0,0.0,0.0,0.0,0.0,0.0,0.0,0.0,0.0,0.0,0.0,0.0,0.0,0.0,0.0,0.0,0.0,0.0,0.0,0.0
0.0,0.0,-0.10541337728500366,0.11753001809120178,-0.1375696063041687,0.27569758892059326,-0.14089065790176392,0.41758379340171814,-0.14671897888183594,0.5206038951873779,-0.11850500106811523,0.30493366718292236,-0.14483779668807983,0.5189442038536072,-0.1542101502418518,0.6319153308868408,-0.15540587902069092,0.7198382616043091,-0.03075563907623291,0.30616894364356995,-0.0313228964805603,0.5459520220756531,-0.030363082885742188,0.6872555613517761,-0.02301025390625,0.7933187484741211,0.04692560434341431,0.2991563677787781,0.06372088193893433,0.5051268935203552,0.0656924843788147,0.6169852018356323,0.07486557960510254,0.6926659345626831,0.09862762689590454,0.28359436988830566,0.07641303539276123,0.4446754455566406,0.04514050483703613,0.470614492893219,0.022039294242858887,0.46757423877716064,0.0,0.0,0.0,0.0,0.0,0.0,0.0,0.0,0.0,0.0,0.0,0.0,0.0,0.0,0.0,0.0,0.0,0.0,0.0,0.0,0.0,0.0,0.0,0.0,0.0,0.0,0.0,0.0,0.0,0.0,0.0,0.0,0.0,0.0,0.0,0.0,0.0,0.0,0.0,0.0,0.0,0.0
0.0,0.0,-0.10299259424209595,0.11732906103134155,-0.14382022619247437,0.27915555238723755,-0.1628589630126953,0.4320441782474518,-0.17993134260177612,0.5429875254631042,-0.11602449417114258,0.30061501264572144,-0.14420229196548462,0.5162650346755981,-0.15467965602874756,0.6306686997413635,-0.15723687410354614,0.7178314328193665,-0.0265386700630188,0.3008551597595215,-0.027414798736572266,0.5442332029342651,-0.02657902240753174,0.6873334646224976,-0.01935100555419922,0.7916677594184875,0.05261176824569702,0.29493680596351624,0.0650377869606018,0.5080390572547913,0.06613165140151978,0.6168192028999329,0.07635408639907837,0.686542272567749,0.10631126165390015,0.2826347351074219,0.07790601253509521,0.44411420822143555,0.04665762186050415,0.46829015016555786,0.025535225868225098,0.4647035300731659,0.0,0.0,0.0,0.0,0.0,0.0,0.0,0.0,0.0,0.0,0.0,0.0,0.0,0.0,0.0,0.0,0.0,0.0,0.0,0.0,0.0,0.0,0.0,0.0,0.0,0.0,0.0,0.0,0.0,0.0,0.0,0.0,0.0,0.0,0.0,0.0,0.0,0.0,0.0,0.0,0.0,0.0
0.0,0.0,-0.10465747117996216,0.11458879709243774,-0.1381089687347412,0.2699691951274872,-0.1433243751525879,0.4104371666908264,-0.14658910036087036,0.5129686594009399,-0.1205301284790039,0.305948942899704,-0.1469334363937378,0.5232522487640381,-0.15460044145584106,0.6377227306365967,-0.15435844659805298,0.7242431640625,-0.031151890754699707,0.3058362603187561,-0.03077411651611328,0.5507229566574097,-0.02856677770614624,0.6927996277809143,-0.021168887615203857,0.797480046749115,0.04888385534286499,0.29883337020874023,0.06384360790252686,0.5134568214416504,0.06554609537124634,0.6222192049026489,0.07492917776107788,0.6932327151298523,0.10251301527023315,0.2832799255847931,0.07397085428237915,0.44794562458992004,0.04144167900085449,0.4652725160121918,0.018053054809570312,0.45343390107154846,0.0,0.0,0.0,0.0,0.0,0.0,0.0,0.0,0.0,0.0,0.0,0.0,0.0,0.0,0.0,0.0,0.0,0.0,0.0,0.0,0.0,0.0,0.0,0.0,0.0,0.0,0.0,0.0,0.0,0.0,0.0,0.0,0.0,0.0,0.0,0.0,0.0,0.0,0.0,0.0,0.0,0.0
0.0,0.0,-0.10398662090301514,0.12201641499996185,-0.13853555917739868,0.2837735712528229,-0.14796561002731323,0.4278016984462738,-0.15578722953796387,0.5325459837913513,-0.11929816007614136,0.31445613503456116,-0.14625656604766846,0.5260233283042908,-0.15657931566238403,0.6363092064857483,-0.1595516800880432,0.7237141132354736,-0.02982383966445923,0.31359124183654785,-0.03187239170074463,0.5466402769088745,-0.03233051300048828,0.6860634088516235,-0.026185154914855957,0.7908870577812195,0.050825536251068115,0.30390995740890503,0.06347763538360596,0.5111831426620483,0.06459468603134155,0.6207491159439087,0.07466155290603638,0.6924211978912354,0.1045641303062439,0.28681808710098267,0.07666414976119995,0.4473035931587219,0.045927584171295166,0.46320101618766785,0.02478492259979248,0.44994109869003296,0.0,0.0,0.0,0.0,0.0,0.0,0.0,0.0,0.0,0.0,0.0,0.0,0.0,0.0,0.0,0.0,0.0,0.0,0.0,0.0,0.0,0.0,0.0,0.0,0.0,0.0,0.0,0.0,0.0,0.0,0.0,0.0,0.0,0.0,0.0,0.0,0.0,0.0,0.0,0.0,0.0,0.0
0.0,0.0,-0.10446900129318237,0.11730891466140747,-0.1335189938545227,0.2664659321308136,-0.11986744403839111,0.39377206563949585,-0.10282588005065918,0.480949342250824,-0.11862701177597046,0.30288657546043396,-0.14741986989974976,0.518764317035675,-0.15804266929626465,0.6307719945907593,-0.16071605682373047,0.7191023230552673,-0.028293967247009277,0.3049800992012024,-0.03417086601257324,0.5404561161994934,-0.03535783290863037,0.6790831685066223,-0.030495047569274902,0.7832114100456238,0.053389906883239746,0.3002275824546814,0.06452059745788574,0.5026873350143433,0.06629788875579834,0.6103155016899109,0.07641327381134033,0.679394543170929,0.10857486724853516,0.286433607339859,0.08083444833755493,0.44401875138282776,0.0480809211730957,0.46673017740249634,0.025496363639831543,0.45935559272766113,0.0,0.0,0.0,0.0,0.0,0.0,0.0,0.0,0.0,0.0,0.0,0.0,0.0,0.0,0.0,0.0,0.0,0.0,0.0,0.0,0.0,0.0,0.0,0.0,0.0,0.0,0.0,0.0,0.0,0.0,0.0,0.0,0.0,0.0,0.0,0.0,0.0,0.0,0.0,0.0,0.0,0.0
0.0,0.0,-0.09816551208496094,0.12092746794223785,-0.11738938093185425,0.26398763060569763,-0.09856528043746948,0.3805678188800812,-0.07567667961120605,0.4636281430721283,-0.11190539598464966,0.3098490238189697,-0.14581245183944702,0.522140383720398,-0.15541017055511475,0.6326425075531006,-0.1572248339653015,0.7189376950263977,-0.023847997188568115,0.3109689950942993,-0.027635037899017334,0.5444563031196594,-0.02730041742324829,0.6806471347808838,-0.022455930709838867,0.7841386795043945,0.05612558126449585,0.3034103810787201,0.07223916053771973,0.5037455558776855,0.0761304497718811,0.6097992658615112,0.08668583631515503,0.6771767139434814,0.1080215573310852,0.28516584634780884,0.08304393291473389,0.44266584515571594,0.051076650619506836,0.4660026729106903,0.02724522352218628,0.45954129099845886,0.0,0.0,0.0,0.0,0.0,0.0,0.0,0.0,0.0,0.0,0.0,0.0,0.0,0.0,0.0,0.0,0.0,0.0,0.0,0.0,0.0,0.0,0.0,0.0,0.0,0.0,0.0,0.0,0.0,0.0,0.0,0.0,0.0,0.0,0.0,0.0,0.0,0.0,0.0,0.0,0.0,0.0
0.0,0.0,-0.0988459587097168,0.12118647992610931,-0.12140893936157227,0.2653197944164276,-0.10799998044967651,0.3857268989086151,-0.09279799461364746,0.46915942430496216,-0.11576253175735474,0.30725711584091187,-0.14557576179504395,0.5199140012264252,-0.15468984842300415,0.6290858685970306,-0.15679609775543213,0.7150598466396332,-0.027219712734222412,0.3086434304714203,-0.03186553716659546,0.5421984493732452,-0.030523836612701416,0.6765991151332855,-0.02373814582824707,0.7796585261821747,0.05326104164123535,0.30128559470176697,0.07039284706115723,0.5004787147045135,0.0776371955871582,0.608033686876297,0.09159630537033081,0.6769132316112518,0.10597598552703857,0.28461915254592896,0.079906165599823,0.4421415627002716,0.04843878746032715,0.46451911330223083,0.02592623233795166,0.45747843384742737,0.0,0.0,0.0,0.0,0.0,0.0,0.0,0.0,0.0,0.0,0.0,0.0,0.0,0.0,0.0,0.0,0.0,0.0,0.0,0.0,0.0,0.0,0.0,0.0,0.0,0.0,0.0,0.0,0.0,0.0,0.0,0.0,0.0,0.0,0.0,0.0,0.0,0.0,0.0,0.0,0.0,0.0
0.0,0.0,-0.09776008129119873,0.12014469504356384,-0.11652272939682007,0.2631448209285736,-0.0950821042060852,0.38080909848213196,-0.07134705781936646,0.4623168408870697,-0.11324506998062134,0.3072063624858856,-0.14496201276779175,0.5200574100017548,-0.15389156341552734,0.6309368908405304,-0.15573805570602417,0.7178536951541901,-0.024379432201385498,0.30729055404663086,-0.0268862247467041,0.5420415699481964,-0.027100980281829834,0.6764926016330719,-0.0231209397315979,0.7791376411914825,0.05605584383010864,0.2999090552330017,0.07366824150085449,0.5028479397296906,0.07891726493835449,0.6089535653591156,0.09010452032089233,0.6768812835216522,0.10866332054138184,0.2828880548477173,0.08684593439102173,0.4440111517906189,0.05554002523422241,0.47020402550697327,0.031721293926239014,0.46605607867240906,0.0,0.0,0.0,0.0,0.0,0.0,0.0,0.0,0.0,0.0,0.0,0.0,0.0,0.0,0.0,0.0,0.0,0.0,0.0,0.0,0.0,0.0,0.0,0.0,0.0,0.0,0.0,0.0,0.0,0.0,0.0,0.0,0.0,0.0,0.0,0.0,0.0,0.0,0.0,0.0,0.0,0.0
0.0,0.0,-0.09949654340744019,0.11900848150253296,-0.11901992559432983,0.2604225277900696,-0.0993732213973999,0.3786686956882477,-0.07700425386428833,0.45850270986557007,-0.11571621894836426,0.3049154579639435,-0.14606821537017822,0.5160326063632965,-0.15428376197814941,0.6254381239414215,-0.15529656410217285,0.7112548649311066,-0.027070283889770508,0.30697983503341675,-0.029774367809295654,0.5390745103359222,-0.028491616249084473,0.6724191009998322,-0.02255183458328247,0.7741948664188385,0.05312103033065796,0.30111488699913025,0.07145994901657104,0.4990903437137604,0.07877612113952637,0.605549544095993,0.09206312894821167,0.6740531027317047,0.1049034595489502,0.2853297293186188,0.08098119497299194,0.4438804090023041,0.04987913370132446,0.46905526518821716,0.026675164699554443,0.4644027650356293,0.0,0.0,0.0,0.0,0.0,0.0,0.0,0.0,0.0,0.0,0.0,0.0,0.0,0.0,0.0,0.0,0.0,0.0,0.0,0.0,0.0,0.0,0.0,0.0,0.0,0.0,0.0,0.0,0.0,0.0,0.0,0.0,0.0,0.0,0.0,0.0,0.0,0.0,0.0,0.0,0.0,0.0
0.0,0.0,-0.09955275058746338,0.12320224940776825,-0.120036780834198,0.2692748010158539,-0.09948420524597168,0.3887518346309662,-0.0771169662475586,0.47029924392700195,-0.11338567733764648,0.300378680229187,-0.1439114809036255,0.5149560868740082,-0.15333759784698486,0.6251706779003143,-0.15585064888000488,0.7127067148685455,-0.023321330547332764,0.2998931407928467,-0.026069283485412598,0.5347726047039032,-0.02656400203704834,0.6695197522640228,-0.022987842559814453,0.7721746861934662,0.058005332946777344,0.29402124881744385,0.07361888885498047,0.4970378279685974,0.07719618082046509,0.6042899191379547,0.08731436729431152,0.673778623342514,0.11131930351257324,0.28041157126426697,0.08744484186172485,0.4440302848815918,0.054789841175079346,0.4691084325313568,0.03075718879699707,0.46399858593940735,0.0,0.0,0.0,0.0,0.0,0.0,0.0,0.0,0.0,0.0,0.0,0.0,0.0,0.0,0.0,0.0,0.0,0.0,0.0,0.0,0.0,0.0,0.0,0.0,0.0,0.0,0.0,0.0,0.0,0.0,0.0,0.0,0.0,0.0,0.0,0.0,0.0,0.0,0.0,0.0,0.0,0.0
0.0,0.0,-0.09809452295303345,0.12061680853366852,-0.11231279373168945,0.26014193892478943,-0.08293628692626953,0.3744402825832367,-0.04565882682800293,0.4515424072742462,-0.11102807521820068,0.3115171194076538,-0.14162158966064453,0.5192692279815674,-0.1517464518547058,0.6266214847564697,-0.15521234273910522,0.7105714082717896,-0.022806823253631592,0.31532639265060425,-0.029315650463104248,0.5444496273994446,-0.028429031372070312,0.6760716438293457,-0.022715508937835693,0.7776686549186707,0.05765599012374878,0.30901020765304565,0.07384461164474487,0.5038322806358337,0.08148062229156494,0.6085333824157715,0.0949411392211914,0.6769667863845825,0.10971307754516602,0.28850969672203064,0.08600389957427979,0.4464009404182434,0.05479305982589722,0.4706997573375702,0.031575679779052734,0.464089959859848,0.0,0.0,0.0,0.0,0.0,0.0,0.0,0.0,0.0,0.0,0.0,0.0,0.0,0.0,0.0,0.0,0.0,0.0,0.0,0.0,0.0,0.0,0.0,0.0,0.0,0.0,0.0,0.0,0.0,0.0,0.0,0.0,0.0,0.0,0.0,0.0,0.0,0.0,0.0,0.0,0.0,0.0
0.0,0.0,-0.10123193264007568,0.12135541439056396,-0.1279579997062683,0.26475828886032104,-0.11904627084732056,0.3863326907157898,-0.11143827438354492,0.46959975361824036,-0.11377561092376709,0.29624906182289124,-0.14302116632461548,0.5082341134548187,-0.1538025140762329,0.6157039105892181,-0.1583542823791504,0.7014428079128265,-0.02692258358001709,0.2971281111240387,-0.03234785795211792,0.5298817455768585,-0.0320582389831543,0.6611932218074799,-0.026382029056549072,0.7624680697917938,0.05116283893585205,0.29121121764183044,0.06832194328308105,0.48956117033958435,0.07633572816848755,0.5961248576641083,0.09013015031814575,0.6642341315746307,0.10189908742904663,0.2779705822467804,0.08108174800872803,0.43657633662223816,0.05147528648376465,0.46695637702941895,0.030041635036468506,0.4668017029762268,0.0,0.0,0.0,0.0,0.0,0.0,0.0,0.0,0.0,0.0,0.0,0.0,0.0,0.0,0.0,0.0,0.0,0.0,0.0,0.0,0.0,0.0,0.0,0.0,0.0,0.0,0.0,0.0,0.0,0.0,0.0,0.0,0.0,0.0,0.0,0.0,0.0,0.0,0.0,0.0,0.0,0.0
0.0,0.0,-0.09866851568222046,0.11661984026432037,-0.11771351099014282,0.2594579756259918,-0.09103435277938843,0.37492161989212036,-0.058096110820770264,0.4529983699321747,-0.11484616994857788,0.2918183505535126,-0.14507758617401123,0.5035614967346191,-0.15379822254180908,0.6140254735946655,-0.15624302625656128,0.7013449668884277,-0.02662372589111328,0.2920062243938446,-0.029015064239501953,0.5255250930786133,-0.027950584888458252,0.6601496934890747,-0.024153590202331543,0.762384295463562,0.053434789180755615,0.2871493995189667,0.06878751516342163,0.48891720175743103,0.07351940870285034,0.5966417789459229,0.08247494697570801,0.6677385568618774,0.10684549808502197,0.27394625544548035,0.08965355157852173,0.43403899669647217,0.06148087978363037,0.47144293785095215,0.03898996114730835,0.4808417558670044,0.0,0.0,0.0,0.0,0.0,0.0,0.0,0.0,0.0,0.0,0.0,0.0,0.0,0.0,0.0,0.0,0.0,0.0,0.0,0.0,0.0,0.0,0.0,0.0,0.0,0.0,0.0,0.0,0.0,0.0,0.0,0.0,0.0,0.0,0.0,0.0,0.0,0.0,0.0,0.0,0.0,0.0
0.0,0.0,-0.0968371033668518,0.12277059257030487,-0.11398917436599731,0.2621574401855469,-0.08597403764724731,0.37450891733169556,-0.05106908082962036,0.4516649842262268,-0.11133849620819092,0.29903993010520935,-0.14118212461471558,0.5072259902954102,-0.151944100856781,0.6157358884811401,-0.15648269653320312,0.7016841173171997,-0.02387303113937378,0.29958248138427734,-0.028934359550476074,0.5300319790840149,-0.02956479787826538,0.6629356145858765,-0.02624136209487915,0.764301061630249,0.056720077991485596,0.29309701919555664,0.07301688194274902,0.4930122494697571,0.07683563232421875,0.6003634929656982,0.08574742078781128,0.6707965135574341,0.11061912775039673,0.27566492557525635,0.08834940195083618,0.43978214263916016,0.05495035648345947,0.4640587270259857,0.029510498046875,0.45716559886932373,0.0,0.0,0.0,0.0,0.0,0.0,0.0,0.0,0.0,0.0,0.0,0.0,0.0,0.0,0.0,0.0,0.0,0.0,0.0,0.0,0.0,0.0,0.0,0.0,0.0,0.0,0.0,0.0,0.0,0.0,0.0,0.0,0.0,0.0,0.0,0.0,0.0,0.0,0.0,0.0,0.0,0.0
0.0,0.0,-0.09622681140899658,0.12009802460670471,-0.11474311351776123,0.26322200894355774,-0.08542460203170776,0.3771485984325409,-0.04965031147003174,0.45316633582115173,-0.11468231678009033,0.3029867112636566,-0.1417871117591858,0.5153538286685944,-0.1517314314842224,0.6224789321422577,-0.15630322694778442,0.7055347263813019,-0.027564406394958496,0.3027883470058441,-0.03291523456573486,0.5357103049755096,-0.03318661451339722,0.6680805385112762,-0.028746485710144043,0.7684511244297028,0.05295741558074951,0.2938149869441986,0.07185667753219604,0.49662670493125916,0.07846277952194214,0.6029312908649445,0.08923715353012085,0.6713879406452179,0.10812968015670776,0.2744942009449005,0.09099030494689941,0.44003280997276306,0.060363829135894775,0.4690416753292084,0.03681689500808716,0.4661409556865692,0.0,0.0,0.0,0.0,0.0,0.0,0.0,0.0,0.0,0.0,0.0,0.0,0.0,0.0,0.0,0.0,0.0,0.0,0.0,0.0,0.0,0.0,0.0,0.0,0.0,0.0,0.0,0.0,0.0,0.0,0.0,0.0,0.0,0.0,0.0,0.0,0.0,0.0,0.0,0.0,0.0,0.0
0.0,0.0,-0.09700679779052734,0.12457047402858734,-0.11519312858581543,0.26990997791290283,-0.08045345544815063,0.3820047378540039,-0.03633856773376465,0.45335203409194946,-0.11449718475341797,0.3051474988460541,-0.1432611346244812,0.5143355131149292,-0.15159648656845093,0.6209304332733154,-0.15352153778076172,0.7059768438339233,-0.02756446599960327,0.3045579493045807,-0.03354179859161377,0.5338191390037537,-0.03289860486984253,0.6656845211982727,-0.027141988277435303,0.766850471496582,0.05298006534576416,0.29650935530662537,0.07009923458099365,0.4979321360588074,0.07518303394317627,0.6014012694358826,0.08543157577514648,0.6693905591964722,0.10750305652618408,0.2793375551700592,0.08862847089767456,0.4453562796115875,0.057562172412872314,0.47147202491760254,0.03348958492279053,0.4674358069896698,0.0,0.0,0.0,0.0,0.0,0.0,0.0,0.0,0.0,0.0,0.0,0.0,0.0,0.0,0.0,0.0,0.0,0.0,0.0,0.0,0.0,0.0,0.0,0.0,0.0,0.0,0.0,0.0,0.0,0.0,0.0,0.0,0.0,0.0,0.0,0.0,0.0,0.0,0.0,0.0,0.0,0.0
0.0,0.0,-0.09856945276260376,0.12244990468025208,-0.1165972352027893,0.2679673731327057,-0.08014839887619019,0.38156434893608093,-0.03638488054275513,0.45483270287513733,-0.11258059740066528,0.29866066575050354,-0.14286309480667114,0.5089040100574493,-0.15154391527175903,0.6171728074550629,-0.15424633026123047,0.703098863363266,-0.02526700496673584,0.29645437002182007,-0.029144346714019775,0.5281794965267181,-0.02855128049850464,0.662775844335556,-0.02366936206817627,0.7660137116909027,0.05395323038101196,0.28907355666160583,0.07095801830291748,0.49523213505744934,0.0749673843383789,0.6028058230876923,0.08350557088851929,0.6740722358226776,0.10730451345443726,0.2728888988494873,0.09204256534576416,0.44246816635131836,0.05994135141372681,0.47330233454704285,0.03418093919754028,0.4721880257129669,0.0,0.0,0.0,0.0,0.0,0.0,0.0,0.0,0.0,0.0,0.0,0.0,0.0,0.0,0.0,0.0,0.0,0.0,0.0,0.0,0.0,0.0,0.0,0.0,0.0,0.0,0.0,0.0,0.0,0.0,0.0,0.0,0.0,0.0,0.0,0.0,0.0,0.0,0.0,0.0,0.0,0.0
0.0,0.0,-0.097012460231781,0.12070304155349731,-0.11674487590789795,0.2634883522987366,-0.0865907073020935,0.3747096061706543,-0.04870450496673584,0.44719716906547546,-0.11140161752700806,0.3037159740924835,-0.1411951780319214,0.51096311211586,-0.1508399248123169,0.6174938976764679,-0.1538013219833374,0.7013358771800995,-0.025432229042053223,0.3030824661254883,-0.030820906162261963,0.5312184393405914,-0.030817627906799316,0.6623668372631073,-0.02559000253677368,0.7620427906513214,0.05303722620010376,0.29379045963287354,0.07466638088226318,0.496633917093277,0.07939887046813965,0.6038088500499725,0.08753663301467896,0.6745482981204987,0.1062856912612915,0.27248528599739075,0.09216248989105225,0.441236287355423,0.05970245599746704,0.47070369124412537,0.03234827518463135,0.4684678614139557,0.0,0.0,0.0,0.0,0.0,0.0,0.0,0.0,0.0,0.0,0.0,0.0,0.0,0.0,0.0,0.0,0.0,0.0,0.0,0.0,0.0,0.0,0.0,0.0,0.0,0.0,0.0,0.0,0.0,0.0,0.0,0.0,0.0,0.0,0.0,0.0,0.0,0.0,0.0,0.0,0.0,0.0
0.0,0.0,-0.09931248426437378,0.11864259839057922,-0.11806005239486694,0.26087528467178345,-0.08397245407104492,0.37304356694221497,-0.04106038808822632,0.4451419413089752,-0.11313885450363159,0.2995079457759857,-0.14339017868041992,0.5100064277648926,-0.15186357498168945,0.6176878213882446,-0.15387845039367676,0.7021111845970154,-0.02553349733352661,0.2998030483722687,-0.02929478883743286,0.5315976142883301,-0.028197169303894043,0.6634893417358398,-0.023186802864074707,0.7646947503089905,0.05363374948501587,0.2935143709182739,0.07144904136657715,0.4959043264389038,0.07707053422927856,0.602588415145874,0.08703333139419556,0.6742570996284485,0.10577696561813354,0.27701860666275024,0.08835482597351074,0.4409126043319702,0.056955575942993164,0.4701305627822876,0.03173673152923584,0.47012221813201904,0.0,0.0,0.0,0.0,0.0,0.0,0.0,0.0,0.0,0.0,0.0,0.0,0.0,0.0,0.0,0.0,0.0,0.0,0.0,0.0,0.0,0.0,0.0,0.0,0.0,0.0,0.0,0.0,0.0,0.0,0.0,0.0,0.0,0.0,0.0,0.0,0.0,0.0,0.0,0.0,0.0,0.0
0.0,0.0,-0.09816628694534302,0.12163795530796051,-0.11751937866210938,0.26291364431381226,-0.08555889129638672,0.3733849823474884,-0.04535567760467529,0.446423202753067,-0.11141419410705566,0.3004915714263916,-0.1426181197166443,0.5087933242321014,-0.15295875072479248,0.616379052400589,-0.15651267766952515,0.7020162642002106,-0.024154365062713623,0.3009246289730072,-0.03085017204284668,0.5288749635219574,-0.031341612339019775,0.6597255766391754,-0.027198433876037598,0.7609290778636932,0.054901957511901855,0.29409128427505493,0.07185149192810059,0.4960702359676361,0.07714271545410156,0.6018865406513214,0.08650147914886475,0.6728688180446625,0.10783231258392334,0.2769106924533844,0.09126603603363037,0.44312724471092224,0.06050008535385132,0.4733910858631134,0.03539353609085083,0.4744945168495178,0.0,0.0,0.0,0.0,0.0,0.0,0.0,0.0,0.0,0.0,0.0,0.0,0.0,0.0,0.0,0.0,0.0,0.0,0.0,0.0,0.0,0.0,0.0,0.0,0.0,0.0,0.0,0.0,0.0,0.0,0.0,0.0,0.0,0.0,0.0,0.0,0.0,0.0,0.0,0.0,0.0,0.0
0.0,0.0,-0.09620177745819092,0.12145310640335083,-0.11724239587783813,0.2626410722732544,-0.08844560384750366,0.37334150075912476,-0.04904204607009888,0.4453437924385071,-0.11284530162811279,0.30321216583251953,-0.1406354308128357,0.5091931223869324,-0.15101021528244019,0.614977240562439,-0.1555061936378479,0.6976971626281738,-0.02599465847015381,0.3027859926223755,-0.030317962169647217,0.532158613204956,-0.03118199110031128,0.66176438331604,-0.027195751667022705,0.7605012655258179,0.053912997245788574,0.29528293013572693,0.0739092230796814,0.49971646070480347,0.07803255319595337,0.6040147542953491,0.08640629053115845,0.6722074747085571,0.10878026485443115,0.2758792042732239,0.092548668384552,0.44544747471809387,0.059556663036346436,0.4725560247898102,0.03279310464859009,0.4683913588523865,0.0,0.0,0.0,0.0,0.0,0.0,0.0,0.0,0.0,0.0,0.0,0.0,0.0,0.0,0.0,0.0,0.0,0.0,0.0,0.0,0.0,0.0,0.0,0.0,0.0,0.0,0.0,0.0,0.0,0.0,0.0,0.0,0.0,0.0,0.0,0.0,0.0,0.0,0.0,0.0,0.0,0.0
0.0,0.0,-0.0966184139251709,0.122597336769104,-0.11722296476364136,0.2635576128959656,-0.08641821146011353,0.3739076852798462,-0.04548579454421997,0.44624194502830505,-0.11219024658203125,0.3006797432899475,-0.14164221286773682,0.508015364408493,-0.15095627307891846,0.6139611303806305,-0.15418052673339844,0.698329359292984,-0.024851083755493164,0.2992546856403351,-0.030201852321624756,0.5284405052661896,-0.030422329902648926,0.6578282415866852,-0.02592390775680542,0.7584045231342316,0.054962098598480225,0.2921065390110016,0.07150936126708984,0.4936628043651581,0.07710015773773193,0.5969304740428925,0.08744323253631592,0.665166050195694,0.10844779014587402,0.2755031883716583,0.0896601676940918,0.44340330362319946,0.0579647421836853,0.471566766500473,0.03307574987411499,0.4691876173019409,0.0,0.0,0.0,0.0,0.0,0.0,0.0,0.0,0.0,0.0,0.0,0.0,0.0,0.0,0.0,0.0,0.0,0.0,0.0,0.0,0.0,0.0,0.0,0.0,0.0,0.0,0.0,0.0,0.0,0.0,0.0,0.0,0.0,0.0,0.0,0.0,0.0,0.0,0.0,0.0,0.0,0.0
