0.919590950012207,0.8777343034744263,0.8827078938484192,0.8451001644134521,0.8650010228157043,0.7672744989395142,0.870886504650116,0.7078979015350342,0.8769879341125488,0.6550514698028564,0.9029306173324585,0.6620573997497559,0.9086306691169739,0.5766018629074097,0.9161471128463745,0.5140777230262756,0.923632025718689,0.46090883016586304,0.9369822144508362,0.6680041551589966,0.9443691968917847,0.5681500434875488,0.9437056183815002,0.502103328704834,0.9424229860305786,0.4475277066230774,0.9656938910484314,0.6964942812919617,0.9552088975906372,0.6364975571632385,0.9223418831825256,0.664978563785553,0.9003424048423767,0.6948000192642212,0.9852414727210999,0.7418129444122314,0.9673696160316467,0.6916834115982056,0.9325758814811707,0.6859132647514343,0.9044970273971558,0.6897590160369873,0.0,0.0,0.0,0.0,0.0,0.0,0.0,0.0,0.0,0.0,0.0,0.0,0.0,0.0,0.0,0.0,0.0,0.0,0.0,0.0,0.0,0.0,0.0,0.0,0.0,0.0,0.0,0.0,0.0,0.0,0.0,0.0,0.0,0.0,0.0,0.0,0.0,0.0,0.0,0.0,0.0,0.0
0.8926164507865906,0.8723201155662537,0.8342743515968323,0.819639265537262,0.808966875076294,0.7388293743133545,0.7949147820472717,0.6691145896911621,0.7891794443130493,0.6078083515167236,0.8573471307754517,0.6369839310646057,0.838538646697998,0.540022611618042,0.8305005431175232,0.47740158438682556,0.8280606865882874,0.42596128582954407,0.8840202689170837,0.6370397806167603,0.8721505403518677,0.5240499377250671,0.8566567301750183,0.4554034173488617,0.8468732237815857,0.40368640422821045,0.9061704277992249,0.6558308601379395,0.8672244548797607,0.5720711946487427,0.8259439468383789,0.6037958860397339,0.8073174953460693,0.6396383047103882,0.9160652756690979,0.688991129398346,0.8713719248771667,0.6180716156959534,0.8302042484283447,0.6258420348167419,0.8074320554733276,0.6499642133712769,0.0,0.0,0.0,0.0,0.0,0.0,0.0,0.0,0.0,0.0,0.0,0.0,0.0,0.0,0.0,0.0,0.0,0.0,0.0,0.0,0.0,0.0,0.0,0.0,0.0,0.0,0.0,0.0,0.0,0.0,0.0,0.0,0.0,0.0,0.0,0.0,0.0,0.0,0.0,0.0,0.0,0.0
0.8322543501853943,0.8573226928710938,0.7653594017028809,0.7890668511390686,0.7361509799957275,0.7062904238700867,0.719533383846283,0.6428646445274353,0.7079858779907227,0.5828074216842651,0.780705988407135,0.610000729560852,0.7633362412452698,0.5179541707038879,0.7566838264465332,0.46065470576286316,0.7554996013641357,0.4109647870063782,0.810458242893219,0.6080385446548462,0.7960874438285828,0.49693745374679565,0.7814555168151855,0.4310235381126404,0.7712701559066772,0.380389928817749,0.8344421982765198,0.6241199970245361,0.7793242931365967,0.5492505431175232,0.7466332912445068,0.5967435836791992,0.7358063459396362,0.63862544298172,0.8444486856460571,0.6545766592025757,0.7828622460365295,0.5944823026657104,0.7492764592170715,0.6211610436439514,0.7355180382728577,0.6548407077789307,0.0,0.0,0.0,0.0,0.0,0.0,0.0,0.0,0.0,0.0,0.0,0.0,0.0,0.0,0.0,0.0,0.0,0.0,0.0,0.0,0.0,0.0,0.0,0.0,0.0,0.0,0.0,0.0,0.0,0.0,0.0,0.0,0.0,0.0,0.0,0.0,0.0,0.0,0.0,0.0,0.0,0.0
0.8073466420173645,0.8535913228988647,0.7403384447097778,0.7803824543952942,0.7099093794822693,0.7013752460479736,0.6882269382476807,0.6456718444824219,0.6740500926971436,0.5878527164459229,0.7634994983673096,0.5982900261878967,0.7414870858192444,0.5146366953849792,0.7331563830375671,0.4608665108680725,0.730867326259613,0.4133790135383606,0.7903187274932861,0.5982447862625122,0.7719660997390747,0.4940592348575592,0.7546932697296143,0.4341009259223938,0.7442630529403687,0.3866930603981018,0.8096756339073181,0.614797830581665,0.7489632964134216,0.5457800626754761,0.7156379222869873,0.5972810387611389,0.7069152593612671,0.6405547857284546,0.8141168355941772,0.6457768678665161,0.7494091391563416,0.589045524597168,0.7210624814033508,0.6255983710289001,0.7153653502464294,0.6641645431518555,0.0,0.0,0.0,0.0,0.0,0.0,0.0,0.0,0.0,0.0,0.0,0.0,0.0,0.0,0.0,0.0,0.0,0.0,0.0,0.0,0.0,0.0,0.0,0.0,0.0,0.0,0.0,0.0,0.0,0.0,0.0,0.0,0.0,0.0,0.0,0.0,0.0,0.0,0.0,0.0,0.0,0.0
0.779074490070343,0.788170337677002,0.7185616493225098,0.75018310546875,0.6909692883491516,0.6847784519195557,0.6708850264549255,0.6373155117034912,0.6491380333900452,0.5923402309417725,0.745917797088623,0.5909838676452637,0.72502601146698,0.5104134678840637,0.7164666652679443,0.45046648383140564,0.7110933065414429,0.40701228380203247,0.7695731520652771,0.5915553569793701,0.7582675218582153,0.4899701178073883,0.7419359683990479,0.4219013452529907,0.7315251231193542,0.36929911375045776,0.7838876843452454,0.6081549525260925,0.7338212132453918,0.539718747138977,0.6983704566955566,0.586051344871521,0.6840125918388367,0.6238346695899963,0.7857193946838379,0.6401612162590027,0.7302152514457703,0.5916929244995117,0.6968927979469299,0.6150868535041809,0.6821476817131042,0.6450592279434204,0.7977561354637146,0.8441515564918518,0.7266859412193298,0.7726991176605225,0.6931593418121338,0.6930082440376282,0.6688730716705322,0.6384487748146057,0.6479189991950989,0.5849959850311279,0.7464926838874817,0.5915765166282654,0.7203457951545715,0.5084952116012573,0.7119584083557129,0.4569001793861389,0.7097214460372925,0.4096371531486511,0.7739244103431702,0.5892767310142517,0.7520943880081177,0.48453330993652344,0.7371330261230469,0.4224092364311218,0.7279362082481384,0.37460359930992126,0.7926998734474182,0.605979323387146,0.7240935564041138,0.5421737432479858,0.692049503326416,0.5941298604011536,0.6842625737190247,0.6361066102981567,0.7961375117301941,0.6388818025588989,0.7294769883155823,0.5818079710006714,0.7015924453735352,0.6169281005859375,0.6948114633560181,0.6542978286743164
0.7831650376319885,0.837619423866272,0.7109076380729675,0.7624446153640747,0.6719082593917847,0.680537760257721,0.6438385248184204,0.6288903951644897,0.6252700686454773,0.5760359168052673,0.726923942565918,0.579123318195343,0.7045688033103943,0.49867868423461914,0.6946767568588257,0.448861300945282,0.690062940120697,0.40242502093315125,0.7527500987052917,0.5778383016586304,0.7366013526916504,0.4758850932121277,0.7184787392616272,0.41515788435935974,0.7043788433074951,0.3664940893650055,0.7703127861022949,0.5954158306121826,0.7028737664222717,0.5250625610351562,0.671708345413208,0.5798137784004211,0.6641553044319153,0.6200348138809204,0.77304607629776,0.6323553323745728,0.7015917301177979,0.5699519515037537,0.6758036017417908,0.6125516891479492,0.6731106638908386,0.6554493308067322,0.0,0.0,0.0,0.0,0.0,0.0,0.0,0.0,0.0,0.0,0.0,0.0,0.0,0.0,0.0,0.0,0.0,0.0,0.0,0.0,0.0,0.0,0.0,0.0,0.0,0.0,0.0,0.0,0.0,0.0,0.0,0.0,0.0,0.0,0.0,0.0,0.0,0.0,0.0,0.0,0.0,0.0
0.7643721699714661,0.7962514758110046,0.6998092532157898,0.7499568462371826,0.6706401109695435,0.6795052289962769,0.6473687291145325,0.6308261156082153,0.623786449432373,0.5812259316444397,0.7256692051887512,0.5816468596458435,0.7029603123664856,0.4996611475944519,0.6937282085418701,0.43929755687713623,0.6866178512573242,0.39657062292099,0.7493808269500732,0.5820314288139343,0.7365132570266724,0.4794984459877014,0.7165137529373169,0.4140141010284424,0.7020847201347351,0.36183857917785645,0.7634989023208618,0.6004588007926941,0.702744722366333,0.5255381464958191,0.6692302823066711,0.5793957710266113,0.6606191396713257,0.6185048818588257,0.7668024301528931,0.6330453753471375,0.7033847570419312,0.579206645488739,0.6736004948616028,0.6097989678382874,0.6665866374969482,0.6443093419075012,0.7794516086578369,0.8397663831710815,0.7052563428878784,0.7612221240997314,0.6729599237442017,0.6845207810401917,0.6472584009170532,0.631188154220581,0.6246416568756104,0.5783607363700867,0.7270978689193726,0.5824754238128662,0.7042085528373718,0.4955689311027527,0.6940674185752869,0.4424172341823578,0.6905027627944946,0.39833205938339233,0.75291907787323,0.5808097720146179,0.7359507083892822,0.4737626314163208,0.7177400588989258,0.41306668519973755,0.705197274684906,0.3647553324699402,0.7687993049621582,0.5963452458381653,0.6983440518379211,0.5268397331237793,0.6658713817596436,0.5802087783813477,0.6574572920799255,0.6228975057601929,0.7707806825637817,0.6276558041572571,0.6998935341835022,0.5686373710632324,0.6702640056610107,0.603077232837677,0.6628628969192505,0.6405662894248962
0.7780718803405762,0.8357393145561218,0.7026678919792175,0.7552682161331177,0.6671960353851318,0.679811418056488,0.6381189823150635,0.6303330659866333,0.6155006885528564,0.5764557719230652,0.7266237139701843,0.5779082179069519,0.7019261717796326,0.4918045103549957,0.6918736696243286,0.44006872177124023,0.6879107356071472,0.39472496509552,0.7503494024276733,0.5761136412620544,0.7303211092948914,0.4698508679866791,0.7112898826599121,0.4066869914531708,0.6981809139251709,0.35788315534591675,0.7642875909805298,0.5925114154815674,0.6895194053649902,0.5287600755691528,0.6569719910621643,0.5842211842536926,0.648418128490448,0.6280602812767029,0.7647151947021484,0.6248763203620911,0.6935446262359619,0.5688424110412598,0.6645879745483398,0.6078184843063354,0.6571349501609802,0.647828221321106,0.0,0.0,0.0,0.0,0.0,0.0,0.0,0.0,0.0,0.0,0.0,0.0,0.0,0.0,0.0,0.0,0.0,0.0,0.0,0.0,0.0,0.0,0.0,0.0,0.0,0.0,0.0,0.0,0.0,0.0,0.0,0.0,0.0,0.0,0.0,0.0,0.0,0.0,0.0,0.0,0.0,0.0
0.7772489190101624,0.831917405128479,0.700143575668335,0.7486546635627747,0.6632983684539795,0.6729485392570496,0.632775068283081,0.6237242221832275,0.6088479161262512,0.5692118406295776,0.723503589630127,0.5715209245681763,0.6997736692428589,0.48518747091293335,0.6902002096176147,0.4341580271720886,0.6871415376663208,0.3893893361091614,0.7468852400779724,0.5706257224082947,0.728213906288147,0.4653317928314209,0.7099582552909851,0.4033544063568115,0.6979211568832397,0.35447388887405396,0.7601943612098694,0.5881214737892151,0.6841291189193726,0.5241231918334961,0.6512864232063293,0.5784825682640076,0.6432064771652222,0.6207093000411987,0.7597073316574097,0.6220660209655762,0.6874067187309265,0.5652656555175781,0.6604250073432922,0.6050117611885071,0.6564732789993286,0.6456835269927979,0.0,0.0,0.0,0.0,0.0,0.0,0.0,0.0,0.0,0.0,0.0,0.0,0.0,0.0,0.0,0.0,0.0,0.0,0.0,0.0,0.0,0.0,0.0,0.0,0.0,0.0,0.0,0.0,0.0,0.0,0.0,0.0,0.0,0.0,0.0,0.0,0.0,0.0,0.0,0.0,0.0,0.0
0.7759933471679688,0.8289746046066284,0.6972711682319641,0.740966796875,0.6590235233306885,0.6655130386352539,0.6275702714920044,0.6178420186042786,0.6042046546936035,0.5641711354255676,0.7188290953636169,0.5652621388435364,0.6937751173973083,0.4805455207824707,0.6835440993309021,0.4317910075187683,0.6799930334091187,0.3886958062648773,0.7415027022361755,0.5647900700569153,0.7213495969772339,0.458756685256958,0.7018874883651733,0.39745354652404785,0.689400851726532,0.34948858618736267,0.7543816566467285,0.5825345516204834,0.6794540882110596,0.5157296657562256,0.6460820436477661,0.5692903995513916,0.6375051736831665,0.6115384697914124,0.753889799118042,0.616513729095459,0.6817595958709717,0.5576651096343994,0.6553331613540649,0.5969268083572388,0.6528072953224182,0.6377586722373962,0.0,0.0,0.0,0.0,0.0,0.0,0.0,0.0,0.0,0.0,0.0,0.0,0.0,0.0,0.0,0.0,0.0,0.0,0.0,0.0,0.0,0.0,0.0,0.0,0.0,0.0,0.0,0.0,0.0,0.0,0.0,0.0,0.0,0.0,0.0,0.0,0.0,0.0,0.0,0.0,0.0,0.0
0.7795085906982422,0.825890302658081,0.6980283856391907,0.7367081046104431,0.6591174602508545,0.6617496013641357,0.6274073719978333,0.6128571629524231,0.6023755669593811,0.5604792237281799,0.7218294739723206,0.5619684457778931,0.6952502727508545,0.4796643555164337,0.6840695738792419,0.43247097730636597,0.6803914904594421,0.3889380991458893,0.7431313991546631,0.5595771670341492,0.7188257575035095,0.45490044355392456,0.6990336179733276,0.39666324853897095,0.6865015625953674,0.3473771810531616,0.7539724111557007,0.5756337642669678,0.6746338605880737,0.5096537470817566,0.6473138928413391,0.5663250088691711,0.6450381875038147,0.607694685459137,0.751909613609314,0.6083081364631653,0.6786147356033325,0.5531195402145386,0.6564709544181824,0.5946841835975647,0.6583031415939331,0.6351305842399597,0.0,0.0,0.0,0.0,0.0,0.0,0.0,0.0,0.0,0.0,0.0,0.0,0.0,0.0,0.0,0.0,0.0,0.0,0.0,0.0,0.0,0.0,0.0,0.0,0.0,0.0,0.0,0.0,0.0,0.0,0.0,0.0,0.0,0.0,0.0,0.0,0.0,0.0,0.0,0.0,0.0,0.0
0.7782810926437378,0.8259429335594177,0.6981678009033203,0.7369336485862732,0.6592949032783508,0.6603584885597229,0.6272122859954834,0.6109079718589783,0.6024755239486694,0.5584592819213867,0.7201570272445679,0.5606082677841187,0.6945076584815979,0.478376567363739,0.6828502416610718,0.43128278851509094,0.6789716482162476,0.38711705803871155,0.742455244064331,0.557421088218689,0.7187040448188782,0.45490944385528564,0.6996715068817139,0.39531147480010986,0.6877501010894775,0.34534046053886414,0.7539495229721069,0.5731012225151062,0.6757903099060059,0.5070425271987915,0.6488420367240906,0.5641574859619141,0.646240770816803,0.6055467128753662,0.7525281310081482,0.6055070757865906,0.6788118481636047,0.5500838756561279,0.6579958200454712,0.5934842228889465,0.6604074835777283,0.6352174282073975,0.0,0.0,0.0,0.0,0.0,0.0,0.0,0.0,0.0,0.0,0.0,0.0,0.0,0.0,0.0,0.0,0.0,0.0,0.0,0.0,0.0,0.0,0.0,0.0,0.0,0.0,0.0,0.0,0.0,0.0,0.0,0.0,0.0,0.0,0.0,0.0,0.0,0.0,0.0,0.0,0.0,0.0
0.7785208225250244,0.8242495059967041,0.6981329321861267,0.7331075668334961,0.6585135459899902,0.6565676331520081,0.6255739331245422,0.6067649722099304,0.6007251739501953,0.553114652633667,0.7209056615829468,0.5583246350288391,0.6946941018104553,0.4766961932182312,0.6831799745559692,0.4300879240036011,0.6793276071548462,0.38603419065475464,0.7427264451980591,0.5548768639564514,0.7176411747932434,0.45312994718551636,0.6986979842185974,0.39554738998413086,0.6863677501678467,0.3464944660663605,0.753736138343811,0.5702664852142334,0.672238826751709,0.5055848360061646,0.6467071771621704,0.5645502805709839,0.6459172368049622,0.6068668961524963,0.7520247101783752,0.6018900275230408,0.6766842007637024,0.5484198331832886,0.6567530632019043,0.5929577350616455,0.6607122421264648,0.6351319551467896,0.0,0.0,0.0,0.0,0.0,0.0,0.0,0.0,0.0,0.0,0.0,0.0,0.0,0.0,0.0,0.0,0.0,0.0,0.0,0.0,0.0,0.0,0.0,0.0,0.0,0.0,0.0,0.0,0.0,0.0,0.0,0.0,0.0,0.0,0.0,0.0,0.0,0.0,0.0,0.0,0.0,0.0
0.7725965976715088,0.824012815952301,0.6951682567596436,0.7296320199966431,0.655702531337738,0.6516689658164978,0.623735785484314,0.6012492775917053,0.6030958890914917,0.546809196472168,0.7154409885406494,0.5554208755493164,0.6935874223709106,0.4766308665275574,0.6829566955566406,0.432135671377182,0.6794025301933289,0.3887828588485718,0.7376089096069336,0.5504540801048279,0.7147690057754517,0.45341768860816956,0.6968655586242676,0.3954216241836548,0.6839755177497864,0.34693703055381775,0.7504202723503113,0.5644097328186035,0.6707512736320496,0.5015183091163635,0.6451230645179749,0.5595219135284424,0.6432580351829529,0.6022486686706543,0.7507157921791077,0.5945929884910583,0.6736112236976624,0.5423436164855957,0.6528224349021912,0.5874927043914795,0.6558167934417725,0.6308741569519043,0.0,0.0,0.0,0.0,0.0,0.0,0.0,0.0,0.0,0.0,0.0,0.0,0.0,0.0,0.0,0.0,0.0,0.0,0.0,0.0,0.0,0.0,0.0,0.0,0.0,0.0,0.0,0.0,0.0,0.0,0.0,0.0,0.0,0.0,0.0,0.0,0.0,0.0,0.0,0.0,0.0,0.0
0.7750442624092102,0.8205789923667908,0.6953704953193665,0.7263590097427368,0.6559967994689941,0.6513043642044067,0.623478889465332,0.6016804575920105,0.6004763841629028,0.5454955101013184,0.7162584066390991,0.5540645718574524,0.6929518580436707,0.47324860095977783,0.6821624636650085,0.42793816328048706,0.6785240173339844,0.3850708603858948,0.7365992665290833,0.54935222864151,0.7130876779556274,0.44849878549575806,0.6949978470802307,0.3909054398536682,0.6822115182876587,0.3415133059024811,0.7482194304466248,0.5630923509597778,0.6681516766548157,0.49906253814697266,0.6421378254890442,0.5587659478187561,0.6400434970855713,0.6030088663101196,0.7483071088790894,0.5915655493736267,0.6721948981285095,0.5397131443023682,0.6498408913612366,0.5837222933769226,0.651226282119751,0.6261091232299805,0.0,0.0,0.0,0.0,0.0,0.0,0.0,0.0,0.0,0.0,0.0,0.0,0.0,0.0,0.0,0.0,0.0,0.0,0.0,0.0,0.0,0.0,0.0,0.0,0.0,0.0,0.0,0.0,0.0,0.0,0.0,0.0,0.0,0.0,0.0,0.0,0.0,0.0,0.0,0.0,0.0,0.0
0.7726454734802246,0.8211483955383301,0.6919938921928406,0.7269854545593262,0.6527141332626343,0.6509324908256531,0.6200178861618042,0.6013234853744507,0.5979909896850586,0.5454685091972351,0.7156803607940674,0.552250862121582,0.6907109618186951,0.4689648747444153,0.6802540421485901,0.42319291830062866,0.6771743893623352,0.37927666306495667,0.7378860712051392,0.5479454398155212,0.7126052379608154,0.4444788992404938,0.6946185231208801,0.3861182928085327,0.6825900077819824,0.3378674387931824,0.749730110168457,0.562899649143219,0.6659829020500183,0.49980413913726807,0.6397859454154968,0.5604926347732544,0.6377849578857422,0.6055591106414795,0.7483730316162109,0.5936015248298645,0.6703816652297974,0.5405692458152771,0.6480594277381897,0.5856608748435974,0.6490187048912048,0.6290032863616943,0.0,0.0,0.0,0.0,0.0,0.0,0.0,0.0,0.0,0.0,0.0,0.0,0.0,0.0,0.0,0.0,0.0,0.0,0.0,0.0,0.0,0.0,0.0,0.0,0.0,0.0,0.0,0.0,0.0,0.0,0.0,0.0,0.0,0.0,0.0,0.0,0.0,0.0,0.0,0.0,0.0,0.0
0.7782607078552246,0.8186103105545044,0.6925500631332397,0.7270218133926392,0.6537098288536072,0.6519703269004822,0.621772050857544,0.6028964519500732,0.5971275568008423,0.5509347319602966,0.7183770537376404,0.5496158599853516,0.6926478743553162,0.4662576913833618,0.6808730363845825,0.4195972681045532,0.6759955286979675,0.37524574995040894,0.739223062992096,0.5464359521865845,0.7143375873565674,0.442602276802063,0.6946878433227539,0.3830330967903137,0.6809220314025879,0.33329832553863525,0.7498815655708313,0.5622686743736267,0.6690263152122498,0.4977647364139557,0.6413188576698303,0.5567567348480225,0.636811375617981,0.6010752320289612,0.7476376891136169,0.5937435626983643,0.6717281341552734,0.5394588112831116,0.649307906627655,0.5837433338165283,0.6494312882423401,0.62696772813797,0.0,0.0,0.0,0.0,0.0,0.0,0.0,0.0,0.0,0.0,0.0,0.0,0.0,0.0,0.0,0.0,0.0,0.0,0.0,0.0,0.0,0.0,0.0,0.0,0.0,0.0,0.0,0.0,0.0,0.0,0.0,0.0,0.0,0.0,0.0,0.0,0.0,0.0,0.0,0.0,0.0,0.0
0.7787628769874573,0.8184769749641418,0.6937633156776428,0.7291905879974365,0.654189944267273,0.653862714767456,0.6218637824058533,0.6060517430305481,0.5967767238616943,0.5541892647743225,0.7177905440330505,0.5488095283508301,0.690601110458374,0.4666053056716919,0.6790297031402588,0.4202861785888672,0.6746261119842529,0.37579432129859924,0.739242434501648,0.5460984110832214,0.7137954235076904,0.44183677434921265,0.6944055557250977,0.3825659155845642,0.681623637676239,0.3328147530555725,0.7505520582199097,0.5628669261932373,0.6667461395263672,0.5016043186187744,0.6391434669494629,0.5629788041114807,0.6356199383735657,0.6078729033470154,0.7487754821777344,0.5974088907241821,0.6721534729003906,0.5444334745407104,0.6500318050384521,0.5898861289024353,0.6509144902229309,0.6328721642494202,0.0,0.0,0.0,0.0,0.0,0.0,0.0,0.0,0.0,0.0,0.0,0.0,0.0,0.0,0.0,0.0,0.0,0.0,0.0,0.0,0.0,0.0,0.0,0.0,0.0,0.0,0.0,0.0,0.0,0.0,0.0,0.0,0.0,0.0,0.0,0.0,0.0,0.0,0.0,0.0,0.0,0.0
0.7794246673583984,0.8188841342926025,0.6938256025314331,0.7298343777656555,0.6543315649032593,0.6544797420501709,0.6217162013053894,0.6066462993621826,0.5960781574249268,0.554516613483429,0.718048632144928,0.5489156246185303,0.6910691857337952,0.467130184173584,0.6798752546310425,0.4208998680114746,0.6757811903953552,0.37584733963012695,0.739551842212677,0.545861542224884,0.713708221912384,0.44283583760261536,0.6945618987083435,0.3830367624759674,0.6819988489151001,0.3327745199203491,0.7506948709487915,0.5623784065246582,0.6673393845558167,0.501933753490448,0.6401087641716003,0.5630820989608765,0.6366092562675476,0.6082450747489929,0.7485355734825134,0.5964615345001221,0.6720788478851318,0.5444473028182983,0.6502169370651245,0.5901263356208801,0.6509585380554199,0.6337118148803711,0.0,0.0,0.0,0.0,0.0,0.0,0.0,0.0,0.0,0.0,0.0,0.0,0.0,0.0,0.0,0.0,0.0,0.0,0.0,0.0,0.0,0.0,0.0,0.0,0.0,0.0,0.0,0.0,0.0,0.0,0.0,0.0,0.0,0.0,0.0,0.0,0.0,0.0,0.0,0.0,0.0,0.0
0.7835139036178589,0.8205105066299438,0.6969141364097595,0.7384032011032104,0.6543176770210266,0.6658183932304382,0.6177378296852112,0.6202621459960938,0.5894753336906433,0.5680496692657471,0.71436607837677,0.5572825074195862,0.6869854927062988,0.4720791280269623,0.6760403513908386,0.42507219314575195,0.6718873977661133,0.3799673318862915,0.7358232140541077,0.5522968173027039,0.7063870429992676,0.447304904460907,0.6876100897789001,0.3862228989601135,0.675184428691864,0.33440959453582764,0.7480790019035339,0.5677659511566162,0.6608765721321106,0.5124384760856628,0.6361534595489502,0.5747801661491394,0.6336445212364197,0.619931161403656,0.747139036655426,0.6000152230262756,0.6686133742332458,0.5531505942344666,0.6451419591903687,0.5986242890357971,0.6426117420196533,0.6405819058418274,0.0,0.0,0.0,0.0,0.0,0.0,0.0,0.0,0.0,0.0,0.0,0.0,0.0,0.0,0.0,0.0,0.0,0.0,0.0,0.0,0.0,0.0,0.0,0.0,0.0,0.0,0.0,0.0,0.0,0.0,0.0,0.0,0.0,0.0,0.0,0.0,0.0,0.0,0.0,0.0,0.0,0.0
0.7865802645683289,0.8185587525367737,0.6969637870788574,0.7339102625846863,0.655150830745697,0.6634165644645691,0.6209034323692322,0.616295337677002,0.5917259454727173,0.5649975538253784,0.7156095504760742,0.5514259934425354,0.6855207681655884,0.4665144085884094,0.6733525395393372,0.41868144273757935,0.6688531041145325,0.37497642636299133,0.7368960976600647,0.5472679138183594,0.7107634544372559,0.4397643208503723,0.6929628252983093,0.3807228207588196,0.6814560294151306,0.3305899202823639,0.7475407719612122,0.5647395253181458,0.6590138673782349,0.5090482234954834,0.6365839242935181,0.573249101638794,0.6373172998428345,0.6182405948638916,0.7453374266624451,0.5989018678665161,0.6649186015129089,0.5524583458900452,0.6452059149742126,0.5996665954589844,0.6483158469200134,0.6419152617454529,0.0,0.0,0.0,0.0,0.0,0.0,0.0,0.0,0.0,0.0,0.0,0.0,0.0,0.0,0.0,0.0,0.0,0.0,0.0,0.0,0.0,0.0,0.0,0.0,0.0,0.0,0.0,0.0,0.0,0.0,0.0,0.0,0.0,0.0,0.0,0.0,0.0,0.0,0.0,0.0,0.0,0.0
0.7858182191848755,0.8223589658737183,0.6968666315078735,0.7403088212013245,0.654450535774231,0.6669195294380188,0.6204044818878174,0.620039701461792,0.5918176770210266,0.5687367916107178,0.7187833189964294,0.5538283586502075,0.6878728866577148,0.4697492718696594,0.6755790114402771,0.4215545058250427,0.671055793762207,0.3760699927806854,0.7406511902809143,0.5507471561431885,0.7112466096878052,0.4433392882347107,0.692691445350647,0.3836835026741028,0.6815820336341858,0.3324880003929138,0.7511150240898132,0.5682713389396667,0.6615681052207947,0.5118973255157471,0.6386450529098511,0.5762763023376465,0.6394252777099609,0.6206947565078735,0.7482017278671265,0.6025501489639282,0.6680029034614563,0.5562393665313721,0.6492533683776855,0.6036956906318665,0.6531103253364563,0.6450377702713013,0.0,0.0,0.0,0.0,0.0,0.0,0.0,0.0,0.0,0.0,0.0,0.0,0.0,0.0,0.0,0.0,0.0,0.0,0.0,0.0,0.0,0.0,0.0,0.0,0.0,0.0,0.0,0.0,0.0,0.0,0.0,0.0,0.0,0.0,0.0,0.0,0.0,0.0,0.0,0.0,0.0,0.0
0.7873459458351135,0.8232158422470093,0.6979255080223083,0.7401646375656128,0.6556928157806396,0.6669360399246216,0.6207036972045898,0.6210789084434509,0.591791033744812,0.5703265070915222,0.7229812145233154,0.5559822916984558,0.690620481967926,0.47314712405204773,0.6770942211151123,0.4245566129684448,0.6712983250617981,0.377896249294281,0.743933916091919,0.553078830242157,0.7107037901878357,0.4478037357330322,0.6899012923240662,0.38746827840805054,0.6775360107421875,0.33520665764808655,0.7531309127807617,0.5701617002487183,0.6622141003608704,0.5135977864265442,0.6398146152496338,0.577721893787384,0.641416609287262,0.6220400929450989,0.7486323714256287,0.6045258045196533,0.6681562662124634,0.5573613047599792,0.6492385268211365,0.6045483350753784,0.652996838092804,0.6464397311210632,0.0,0.0,0.0,0.0,0.0,0.0,0.0,0.0,0.0,0.0,0.0,0.0,0.0,0.0,0.0,0.0,0.0,0.0,0.0,0.0,0.0,0.0,0.0,0.0,0.0,0.0,0.0,0.0,0.0,0.0,0.0,0.0,0.0,0.0,0.0,0.0,0.0,0.0,0.0,0.0,0.0,0.0
0.7891194820404053,0.8236128091812134,0.6986117362976074,0.7384723424911499,0.6564931869506836,0.6669606566429138,0.6221033334732056,0.6207758784294128,0.5926504731178284,0.5698143243789673,0.7204815149307251,0.5581110715866089,0.6892020106315613,0.47327375411987305,0.6767082214355469,0.4249529242515564,0.6723294854164124,0.3788813352584839,0.7408689260482788,0.5541412830352783,0.708187997341156,0.44687405228614807,0.6880151629447937,0.3860301971435547,0.6762109994888306,0.33424827456474304,0.7507544159889221,0.5703678727149963,0.6621345281600952,0.5145395994186401,0.6392167210578918,0.5778794884681702,0.640159010887146,0.6228748559951782,0.7477706074714661,0.6030433773994446,0.6691470146179199,0.5569819211959839,0.6495169401168823,0.6042227745056152,0.6529052257537842,0.6466603875160217,0.0,0.0,0.0,0.0,0.0,0.0,0.0,0.0,0.0,0.0,0.0,0.0,0.0,0.0,0.0,0.0,0.0,0.0,0.0,0.0,0.0,0.0,0.0,0.0,0.0,0.0,0.0,0.0,0.0,0.0,0.0,0.0,0.0,0.0,0.0,0.0,0.0,0.0,0.0,0.0,0.0,0.0
0.787201464176178,0.8222824335098267,0.6981245279312134,0.7376899123191833,0.6563013195991516,0.6662040948867798,0.6224836707115173,0.618972659111023,0.5931374430656433,0.5669270753860474,0.7195287346839905,0.5556368827819824,0.6886407732963562,0.4691704511642456,0.6772660613059998,0.4202035665512085,0.6737747192382812,0.37458372116088867,0.7415643334388733,0.5519068837165833,0.7119889259338379,0.4425118565559387,0.6938974857330322,0.38212987780570984,0.6832032203674316,0.3316534459590912,0.7524473667144775,0.5687105655670166,0.6609117984771729,0.5125288963317871,0.6383659243583679,0.5780989527702332,0.6401365399360657,0.6247069239616394,0.7500783205032349,0.6024976372718811,0.6687028408050537,0.5552258491516113,0.6484041810035706,0.603678822517395,0.6515027284622192,0.6467161178588867,0.0,0.0,0.0,0.0,0.0,0.0,0.0,0.0,0.0,0.0,0.0,0.0,0.0,0.0,0.0,0.0,0.0,0.0,0.0,0.0,0.0,0.0,0.0,0.0,0.0,0.0,0.0,0.0,0.0,0.0,0.0,0.0,0.0,0.0,0.0,0.0,0.0,0.0,0.0,0.0,0.0,0.0
0.7881466150283813,0.8242723941802979,0.6987571716308594,0.7414637207984924,0.655637264251709,0.6686899065971375,0.6203250885009766,0.6234402060508728,0.5920250415802002,0.5706242918968201,0.7208556532859802,0.5564690232276917,0.6897859573364258,0.4718661308288574,0.6776836514472961,0.4231669306755066,0.6729744672775269,0.3766173720359802,0.7426609992980957,0.5534094572067261,0.7111245393753052,0.4464901089668274,0.6917595863342285,0.38636988401412964,0.6798045635223389,0.3334769010543823,0.7534871697425842,0.5698522925376892,0.6618785858154297,0.5143437385559082,0.6397027373313904,0.5794780850410461,0.6409238576889038,0.6241979598999023,0.7508036494255066,0.6036517024040222,0.6698004603385925,0.5577510595321655,0.6501117944717407,0.6057021617889404,0.6529198884963989,0.6476691365242004,0.0,0.0,0.0,0.0,0.0,0.0,0.0,0.0,0.0,0.0,0.0,0.0,0.0,0.0,0.0,0.0,0.0,0.0,0.0,0.0,0.0,0.0,0.0,0.0,0.0,0.0,0.0,0.0,0.0,0.0,0.0,0.0,0.0,0.0,0.0,0.0,0.0,0.0,0.0,0.0,0.0,0.0
0.7885130047798157,0.8243920803070068,0.7003632187843323,0.7398384213447571,0.6579463481903076,0.6661693453788757,0.623732328414917,0.6185582876205444,0.5944033265113831,0.5675724744796753,0.7211917042732239,0.555512011051178,0.6900585293769836,0.47195783257484436,0.6775945425033569,0.4228500723838806,0.6735648512840271,0.3769535422325134,0.7431867122650146,0.5523356795310974,0.7133865356445312,0.4445009231567383,0.6941307783126831,0.3835493326187134,0.6829643249511719,0.3321135938167572,0.7535192966461182,0.5698563456535339,0.6630327105522156,0.5128788948059082,0.640753984451294,0.5776101350784302,0.6430401802062988,0.6224925518035889,0.7506120204925537,0.6044020652770996,0.6698523163795471,0.5573983192443848,0.6509768962860107,0.6049206256866455,0.6549741625785828,0.6466637849807739,0.0,0.0,0.0,0.0,0.0,0.0,0.0,0.0,0.0,0.0,0.0,0.0,0.0,0.0,0.0,0.0,0.0,0.0,0.0,0.0,0.0,0.0,0.0,0.0,0.0,0.0,0.0,0.0,0.0,0.0,0.0,0.0,0.0,0.0,0.0,0.0,0.0,0.0,0.0,0.0,0.0,0.0
0.7906144857406616,0.8271359205245972,0.7001042366027832,0.7409826517105103,0.6575004458427429,0.6681994795799255,0.6222798824310303,0.6223986148834229,0.5930067896842957,0.5698051452636719,0.7220017313957214,0.5577823519706726,0.6905874013900757,0.4732999801635742,0.6781656742095947,0.42502361536026,0.6735555529594421,0.3787503242492676,0.7427968382835388,0.5543826222419739,0.7111018896102905,0.44735878705978394,0.691223680973053,0.38752031326293945,0.6790280342102051,0.33493921160697937,0.7530969381332397,0.5707512497901917,0.6627588868141174,0.5152755975723267,0.6411188244819641,0.5806830525398254,0.6427438259124756,0.6256453394889832,0.7503912448883057,0.6037423014640808,0.6698395609855652,0.5572178363800049,0.6505493521690369,0.6062965393066406,0.6542445421218872,0.6492342948913574,0.0,0.0,0.0,0.0,0.0,0.0,0.0,0.0,0.0,0.0,0.0,0.0,0.0,0.0,0.0,0.0,0.0,0.0,0.0,0.0,0.0,0.0,0.0,0.0,0.0,0.0,0.0,0.0,0.0,0.0,0.0,0.0,0.0,0.0,0.0,0.0,0.0,0.0,0.0,0.0,0.0,0.0
0.7903895378112793,0.8236852884292603,0.7007912397384644,0.7364307045936584,0.6583377122879028,0.663074791431427,0.62479567527771,0.6164713501930237,0.5975886583328247,0.566417932510376,0.7207348346710205,0.5547151565551758,0.6902657747268677,0.4693340063095093,0.6784250736236572,0.42078104615211487,0.6743130683898926,0.3755924105644226,0.7428520917892456,0.5518476963043213,0.716479480266571,0.4417150616645813,0.6975136995315552,0.381864458322525,0.6859129667282104,0.3318362236022949,0.7541548013687134,0.5693506002426147,0.6669554114341736,0.5095945596694946,0.6429622173309326,0.5730656385421753,0.643186092376709,0.617681086063385,0.7522803544998169,0.6043296456336975,0.6725836992263794,0.5529820919036865,0.6522741317749023,0.6001801490783691,0.6558505296707153,0.6422475576400757,0.0,0.0,0.0,0.0,0.0,0.0,0.0,0.0,0.0,0.0,0.0,0.0,0.0,0.0,0.0,0.0,0.0,0.0,0.0,0.0,0.0,0.0,0.0,0.0,0.0,0.0,0.0,0.0,0.0,0.0,0.0,0.0,0.0,0.0,0.0,0.0,0.0,0.0,0.0,0.0,0.0,0.0
0.7873491644859314,0.825864315032959,0.7000033855438232,0.7394214272499084,0.65797358751297,0.6623677015304565,0.6238002181053162,0.6157371401786804,0.5964792370796204,0.5664019584655762,0.7206621170043945,0.5539337992668152,0.6907421350479126,0.47019273042678833,0.6789244413375854,0.4223810136318207,0.6742472648620605,0.3760216236114502,0.7426289916038513,0.550734281539917,0.7141153812408447,0.4446665048599243,0.6945067048072815,0.38365545868873596,0.6818913817405701,0.33265337347984314,0.7536342144012451,0.5679172873497009,0.6664171814918518,0.5099157094955444,0.6445960998535156,0.5736864805221558,0.6456936001777649,0.6176964044570923,0.7511765956878662,0.6034620404243469,0.6719455122947693,0.5523364543914795,0.6536111831665039,0.6013491749763489,0.6574507355690002,0.645050585269928,0.0,0.0,0.0,0.0,0.0,0.0,0.0,0.0,0.0,0.0,0.0,0.0,0.0,0.0,0.0,0.0,0.0,0.0,0.0,0.0,0.0,0.0,0.0,0.0,0.0,0.0,0.0,0.0,0.0,0.0,0.0,0.0,0.0,0.0,0.0,0.0,0.0,0.0,0.0,0.0,0.0,0.0
0.7893131971359253,0.8249791860580444,0.7008157968521118,0.7393560409545898,0.6584487557411194,0.6638486385345459,0.6243956089019775,0.6163304448127747,0.5964263677597046,0.5662858486175537,0.7204893231391907,0.5558486580848694,0.6909171342849731,0.47190070152282715,0.679186224937439,0.42430585622787476,0.6748788356781006,0.37874138355255127,0.742564857006073,0.5523966550827026,0.7148547172546387,0.445284903049469,0.695077657699585,0.3851032257080078,0.682643711566925,0.33467626571655273,0.7539190649986267,0.569205641746521,0.6677098870277405,0.5103181004524231,0.6447340250015259,0.5735166072845459,0.6453348398208618,0.6177991628646851,0.7521307468414307,0.6040337681770325,0.6740933656692505,0.5536852478981018,0.6545912027359009,0.6011684536933899,0.6579663753509521,0.6440434455871582,0.0,0.0,0.0,0.0,0.0,0.0,0.0,0.0,0.0,0.0,0.0,0.0,0.0,0.0,0.0,0.0,0.0,0.0,0.0,0.0,0.0,0.0,0.0,0.0,0.0,0.0,0.0,0.0,0.0,0.0,0.0,0.0,0.0,0.0,0.0,0.0,0.0,0.0,0.0,0.0,0.0,0.0
0.7891761064529419,0.825131356716156,0.701342761516571,0.7410234212875366,0.6597781777381897,0.6655055284500122,0.6262065172195435,0.6168093681335449,0.5973241329193115,0.5672492980957031,0.7232980728149414,0.5564999580383301,0.6915753483772278,0.47196927666664124,0.6791255474090576,0.4225979447364807,0.6744346022605896,0.37593311071395874,0.7454623579978943,0.5537673234939575,0.7145270109176636,0.4457799792289734,0.6942750811576843,0.3845002055168152,0.6816565990447998,0.3332687020301819,0.7558210492134094,0.5713189840316772,0.667220413684845,0.5123286247253418,0.644841730594635,0.5762568712234497,0.6463176608085632,0.6208052039146423,0.7523074746131897,0.6065877079963684,0.6734220385551453,0.5563392639160156,0.6551097631454468,0.6043727993965149,0.6593875885009766,0.6471111178398132,0.0,0.0,0.0,0.0,0.0,0.0,0.0,0.0,0.0,0.0,0.0,0.0,0.0,0.0,0.0,0.0,0.0,0.0,0.0,0.0,0.0,0.0,0.0,0.0,0.0,0.0,0.0,0.0,0.0,0.0,0.0,0.0,0.0,0.0,0.0,0.0,0.0,0.0,0.0,0.0,0.0,0.0
0.7895880341529846,0.8264557719230652,0.7017493844032288,0.743820309638977,0.6590918898582458,0.6701736450195312,0.6235954165458679,0.6233367323875427,0.5941606760025024,0.5716248750686646,0.7230324745178223,0.5595191717147827,0.6914157271385193,0.47426170110702515,0.6790307760238647,0.4259979724884033,0.6744206547737122,0.37928926944732666,0.7450409531593323,0.555949330329895,0.7129652500152588,0.44832804799079895,0.6926903128623962,0.3871164321899414,0.6802499890327454,0.335403174161911,0.7556304335594177,0.572871744632721,0.6659361720085144,0.5149913430213928,0.6435976624488831,0.5783928632736206,0.6444375514984131,0.6228229403495789,0.7525579333305359,0.6067690253257751,0.6729599237442017,0.5586596131324768,0.6543186902999878,0.6056891083717346,0.6579034924507141,0.6474911570549011,0.0,0.0,0.0,0.0,0.0,0.0,0.0,0.0,0.0,0.0,0.0,0.0,0.0,0.0,0.0,0.0,0.0,0.0,0.0,0.0,0.0,0.0,0.0,0.0,0.0,0.0,0.0,0.0,0.0,0.0,0.0,0.0,0.0,0.0,0.0,0.0,0.0,0.0,0.0,0.0,0.0,0.0
0.7906951308250427,0.8268510699272156,0.7012781500816345,0.7412022948265076,0.6595214605331421,0.6671391725540161,0.6249392032623291,0.619228720664978,0.5949509143829346,0.5694297552108765,0.7247132062911987,0.5593125224113464,0.6929248571395874,0.4741596579551697,0.6796067357063293,0.4250977337360382,0.6739914417266846,0.378741055727005,0.7460194230079651,0.5554357767105103,0.7130327820777893,0.44808638095855713,0.6918373107910156,0.388275682926178,0.6783438324928284,0.33743369579315186,0.7559300065040588,0.5720359086990356,0.665861964225769,0.513887882232666,0.6438218355178833,0.5778369903564453,0.6456291079521179,0.622984766960144,0.7519038319587708,0.6056622862815857,0.6722133159637451,0.5583710670471191,0.6532108783721924,0.6055206060409546,0.6570576429367065,0.6479141712188721,0.0,0.0,0.0,0.0,0.0,0.0,0.0,0.0,0.0,0.0,0.0,0.0,0.0,0.0,0.0,0.0,0.0,0.0,0.0,0.0,0.0,0.0,0.0,0.0,0.0,0.0,0.0,0.0,0.0,0.0,0.0,0.0,0.0,0.0,0.0,0.0,0.0,0.0,0.0,0.0,0.0,0.0
0.7899839878082275,0.8274857997894287,0.7012835144996643,0.7416206002235413,0.6596522331237793,0.6681557297706604,0.6252036094665527,0.6199275851249695,0.5953863263130188,0.568288266658783,0.724520742893219,0.5577612519264221,0.6939347386360168,0.47281548380851746,0.6820521354675293,0.4233102798461914,0.67784583568573,0.37711524963378906,0.746290922164917,0.5552619099617004,0.715360701084137,0.4472241997718811,0.695306122303009,0.38749945163726807,0.6832003593444824,0.3373088836669922,0.756598949432373,0.5725752115249634,0.6667329668998718,0.5136576294898987,0.6439763903617859,0.5778684020042419,0.6456328630447388,0.623870313167572,0.753029465675354,0.606436550617218,0.6728432178497314,0.5582374334335327,0.652717113494873,0.6058589816093445,0.6560009717941284,0.6486942172050476,0.0,0.0,0.0,0.0,0.0,0.0,0.0,0.0,0.0,0.0,0.0,0.0,0.0,0.0,0.0,0.0,0.0,0.0,0.0,0.0,0.0,0.0,0.0,0.0,0.0,0.0,0.0,0.0,0.0,0.0,0.0,0.0,0.0,0.0,0.0,0.0,0.0,0.0,0.0,0.0,0.0,0.0
0.7854377031326294,0.8276797533035278,0.6997588276863098,0.742009162902832,0.6582338809967041,0.6671686172485352,0.6251351833343506,0.6182719469070435,0.5974154472351074,0.565656840801239,0.7222347855567932,0.5575962662696838,0.6938082575798035,0.4721360206604004,0.6828062534332275,0.4227699041366577,0.6795629262924194,0.37656962871551514,0.744739294052124,0.5558851957321167,0.7165881991386414,0.44753003120422363,0.6974878907203674,0.3869723081588745,0.6864407658576965,0.3364405035972595,0.7562881708145142,0.572985053062439,0.6699897050857544,0.5137441158294678,0.6432258486747742,0.5758687257766724,0.6416638493537903,0.6225180625915527,0.7538187503814697,0.606789231300354,0.6761400103569031,0.5568602085113525,0.6538988351821899,0.6021549701690674,0.6550103425979614,0.6444799900054932,0.0,0.0,0.0,0.0,0.0,0.0,0.0,0.0,0.0,0.0,0.0,0.0,0.0,0.0,0.0,0.0,0.0,0.0,0.0,0.0,0.0,0.0,0.0,0.0,0.0,0.0,0.0,0.0,0.0,0.0,0.0,0.0,0.0,0.0,0.0,0.0,0.0,0.0,0.0,0.0,0.0,0.0
0.7669455409049988,0.8360152244567871,0.6922677159309387,0.7397742867469788,0.6586399674415588,0.6595425009727478,0.6337931752204895,0.600156843662262,0.6150502562522888,0.5396689772605896,0.7248295545578003,0.5603801608085632,0.7060767412185669,0.4689604640007019,0.6996335983276367,0.4176831841468811,0.6998181939125061,0.3692801594734192,0.7497205138206482,0.5584020018577576,0.7356387376785278,0.44544893503189087,0.7225146889686584,0.3819342851638794,0.7172407507896423,0.3318425118923187,0.7632707357406616,0.5752847790718079,0.6928499937057495,0.5004186630249023,0.655992329120636,0.5533222556114197,0.6462022662162781,0.5975373983383179,0.7625918984413147,0.6079940795898438,0.6916629672050476,0.5417499542236328,0.6655112504959106,0.5830687880516052,0.6625696420669556,0.6275014281272888,0.0,0.0,0.0,0.0,0.0,0.0,0.0,0.0,0.0,0.0,0.0,0.0,0.0,0.0,0.0,0.0,0.0,0.0,0.0,0.0,0.0,0.0,0.0,0.0,0.0,0.0,0.0,0.0,0.0,0.0,0.0,0.0,0.0,0.0,0.0,0.0,0.0,0.0,0.0,0.0,0.0,0.0
0.7697532773017883,0.8380802273750305,0.6942020058631897,0.7447278499603271,0.6595578789710999,0.6593610644340515,0.633902370929718,0.600580632686615,0.6134353280067444,0.5428017973899841,0.7183170914649963,0.5589321255683899,0.703201949596405,0.4698338508605957,0.697905957698822,0.4193417429924011,0.7000330090522766,0.37415581941604614,0.7436103224754333,0.5561500191688538,0.7333627939224243,0.4473969340324402,0.7212771773338318,0.38439226150512695,0.7146005034446716,0.3327019214630127,0.7599167227745056,0.5723586082458496,0.6935879588127136,0.49904879927635193,0.6604504585266113,0.5515353679656982,0.6521801352500916,0.5935501456260681,0.7630569338798523,0.6048426628112793,0.6951200366020203,0.5399458408355713,0.6688628196716309,0.5773072242736816,0.6653687357902527,0.6174506545066833,0.0,0.0,0.0,0.0,0.0,0.0,0.0,0.0,0.0,0.0,0.0,0.0,0.0,0.0,0.0,0.0,0.0,0.0,0.0,0.0,0.0,0.0,0.0,0.0,0.0,0.0,0.0,0.0,0.0,0.0,0.0,0.0,0.0,0.0,0.0,0.0,0.0,0.0,0.0,0.0,0.0,0.0
0.7697708606719971,0.8399780988693237,0.6938358545303345,0.7435372471809387,0.6598184704780579,0.6586666107177734,0.6335951685905457,0.5991480946540833,0.612281858921051,0.5396210551261902,0.7215878963470459,0.5615973472595215,0.7056531310081482,0.470954954624176,0.6999468207359314,0.41964060068130493,0.7014726400375366,0.37294691801071167,0.7471684217453003,0.5595922470092773,0.7360209226608276,0.44927847385406494,0.7247217893600464,0.3864684998989105,0.7192789316177368,0.3339824080467224,0.7621169090270996,0.5759088397026062,0.6925655007362366,0.5004778504371643,0.6605847477912903,0.5562682151794434,0.6542561054229736,0.5989261865615845,0.7638732194900513,0.6082245111465454,0.6930186152458191,0.5434456467628479,0.6677795648574829,0.5840583443641663,0.6659364700317383,0.6255776882171631,0.0,0.0,0.0,0.0,0.0,0.0,0.0,0.0,0.0,0.0,0.0,0.0,0.0,0.0,0.0,0.0,0.0,0.0,0.0,0.0,0.0,0.0,0.0,0.0,0.0,0.0,0.0,0.0,0.0,0.0,0.0,0.0,0.0,0.0,0.0,0.0,0.0,0.0,0.0,0.0,0.0,0.0
0.7740986943244934,0.8430928587913513,0.6945024728775024,0.7481784820556641,0.6592511534690857,0.6647822856903076,0.6317253112792969,0.607860803604126,0.6100603938102722,0.551510214805603,0.7225803732872009,0.5661473274230957,0.7048413157463074,0.47411829233169556,0.6986966729164124,0.4217755198478699,0.7002869248390198,0.37472355365753174,0.7485440373420715,0.5641425848007202,0.7349063158035278,0.4519897699356079,0.7211074829101562,0.38659101724624634,0.7136284112930298,0.3320947587490082,0.7635738253593445,0.5808094143867493,0.690893292427063,0.5063672065734863,0.6574114561080933,0.5622894167900085,0.65041184425354,0.6063746213912964,0.7642988562583923,0.6129302978515625,0.692324697971344,0.5489965677261353,0.6652238965034485,0.5878483653068542,0.6617670655250549,0.6295914649963379,0.0,0.0,0.0,0.0,0.0,0.0,0.0,0.0,0.0,0.0,0.0,0.0,0.0,0.0,0.0,0.0,0.0,0.0,0.0,0.0,0.0,0.0,0.0,0.0,0.0,0.0,0.0,0.0,0.0,0.0,0.0,0.0,0.0,0.0,0.0,0.0,0.0,0.0,0.0,0.0,0.0,0.0
0.7756478190422058,0.8465673923492432,0.6944395303726196,0.7502601146697998,0.6597027778625488,0.6672606468200684,0.6325188279151917,0.6099133491516113,0.6085347533226013,0.5532681345939636,0.726459801197052,0.5675675272941589,0.7062039375305176,0.4748980402946472,0.6993831396102905,0.421364963054657,0.7002277970314026,0.37311625480651855,0.7513517141342163,0.5655502080917358,0.7358382940292358,0.4510646462440491,0.7225635051727295,0.3849952816963196,0.7164314389228821,0.3289511203765869,0.764617383480072,0.5825174450874329,0.6890566349029541,0.5086613297462463,0.6567010879516602,0.567849338054657,0.6515394449234009,0.6126687526702881,0.7637386322021484,0.6152986288070679,0.6906667351722717,0.5523780584335327,0.66518235206604,0.5948830246925354,0.6639495491981506,0.6377232074737549,0.0,0.0,0.0,0.0,0.0,0.0,0.0,0.0,0.0,0.0,0.0,0.0,0.0,0.0,0.0,0.0,0.0,0.0,0.0,0.0,0.0,0.0,0.0,0.0,0.0,0.0,0.0,0.0,0.0,0.0,0.0,0.0,0.0,0.0,0.0,0.0,0.0,0.0,0.0,0.0,0.0,0.0
0.7758505344390869,0.8473374247550964,0.6956053972244263,0.7518692016601562,0.6596406698226929,0.6695206165313721,0.6319336295127869,0.6124469041824341,0.6096645593643188,0.5547711849212646,0.7240282893180847,0.5681832432746887,0.70388263463974,0.47523993253707886,0.6974197626113892,0.4227023124694824,0.6993219256401062,0.37511733174324036,0.7496438026428223,0.5665079355239868,0.7328954935073853,0.4522095322608948,0.7183917164802551,0.38664913177490234,0.7112688422203064,0.33251985907554626,0.7642800807952881,0.5837553143501282,0.6891970634460449,0.508903443813324,0.655142068862915,0.5668480396270752,0.6487093567848206,0.6135589480400085,0.7644128799438477,0.6162043213844299,0.6917077898979187,0.5516252517700195,0.6639995574951172,0.5911605954170227,0.6603612303733826,0.6340951919555664,0.0,0.0,0.0,0.0,0.0,0.0,0.0,0.0,0.0,0.0,0.0,0.0,0.0,0.0,0.0,0.0,0.0,0.0,0.0,0.0,0.0,0.0,0.0,0.0,0.0,0.0,0.0,0.0,0.0,0.0,0.0,0.0,0.0,0.0,0.0,0.0,0.0,0.0,0.0,0.0,0.0,0.0
0.776296854019165,0.8473740220069885,0.6952582001686096,0.752114474773407,0.6591709852218628,0.6701375246047974,0.6309606432914734,0.6134423613548279,0.6080676317214966,0.555511474609375,0.7251880168914795,0.5688028335571289,0.7045872211456299,0.47686856985092163,0.697685718536377,0.4246673583984375,0.698647141456604,0.3770514726638794,0.7505046725273132,0.5668337345123291,0.7341066002845764,0.45168206095695496,0.7198103070259094,0.3861519396305084,0.7123668193817139,0.3313167095184326,0.7647289037704468,0.5833896398544312,0.6884486675262451,0.5092607140541077,0.6543114185333252,0.5673965811729431,0.6470141410827637,0.6138017773628235,0.7642648220062256,0.6155845522880554,0.6904332041740417,0.5523582100868225,0.6627572774887085,0.592703640460968,0.6586121320724487,0.6353628635406494,0.0,0.0,0.0,0.0,0.0,0.0,0.0,0.0,0.0,0.0,0.0,0.0,0.0,0.0,0.0,0.0,0.0,0.0,0.0,0.0,0.0,0.0,0.0,0.0,0.0,0.0,0.0,0.0,0.0,0.0,0.0,0.0,0.0,0.0,0.0,0.0,0.0,0.0,0.0,0.0,0.0,0.0
0.775395393371582,0.8491314649581909,0.6933331489562988,0.7540708184242249,0.6576810479164124,0.6717913746833801,0.6293377876281738,0.6157981157302856,0.6078523993492126,0.5586240887641907,0.7240697145462036,0.5695282816886902,0.7040992379188538,0.47559189796447754,0.6971560716629028,0.4226451516151428,0.6978683471679688,0.3751472234725952,0.7487807869911194,0.567793071269989,0.7325546145439148,0.45160186290740967,0.7181819081306458,0.38464462757110596,0.7108087539672852,0.3299010992050171,0.7628931999206543,0.5846896171569824,0.6885522603988647,0.5118955969810486,0.6542980670928955,0.5678207874298096,0.646182119846344,0.6133273243904114,0.7623558640480042,0.6165627837181091,0.6896299123764038,0.5530136823654175,0.6614577174186707,0.5919835567474365,0.6561517119407654,0.634535551071167,0.0,0.0,0.0,0.0,0.0,0.0,0.0,0.0,0.0,0.0,0.0,0.0,0.0,0.0,0.0,0.0,0.0,0.0,0.0,0.0,0.0,0.0,0.0,0.0,0.0,0.0,0.0,0.0,0.0,0.0,0.0,0.0,0.0,0.0,0.0,0.0,0.0,0.0,0.0,0.0,0.0,0.0
0.7749255895614624,0.8485996127128601,0.6931825280189514,0.7549822330474854,0.656182587146759,0.6731257438659668,0.6288091540336609,0.6162101626396179,0.6069759130477905,0.5590663552284241,0.7254388332366943,0.5696197152137756,0.7044077515602112,0.475355327129364,0.6968516111373901,0.4220131039619446,0.6974706053733826,0.37454110383987427,0.7506897449493408,0.567978024482727,0.7334020137786865,0.45098090171813965,0.7189992070198059,0.38480430841445923,0.7121226787567139,0.3296625316143036,0.76407390832901,0.5849314332008362,0.6863189935684204,0.5109966397285461,0.6536460518836975,0.5684449672698975,0.6484977602958679,0.6137851476669312,0.7624421119689941,0.617267906665802,0.6886084675788879,0.5544122457504272,0.6629656553268433,0.5953359603881836,0.661499559879303,0.6379079222679138,0.0,0.0,0.0,0.0,0.0,0.0,0.0,0.0,0.0,0.0,0.0,0.0,0.0,0.0,0.0,0.0,0.0,0.0,0.0,0.0,0.0,0.0,0.0,0.0,0.0,0.0,0.0,0.0,0.0,0.0,0.0,0.0,0.0,0.0,0.0,0.0,0.0,0.0,0.0,0.0,0.0,0.0
0.7758275270462036,0.8478201627731323,0.6926432251930237,0.7580294609069824,0.6545955538749695,0.6755872964859009,0.6247422099113464,0.6214263439178467,0.6018815636634827,0.5639089345932007,0.7221196293830872,0.5692772269248962,0.701499342918396,0.4757288098335266,0.6943267583847046,0.42193174362182617,0.6946876049041748,0.37407177686691284,0.7472624778747559,0.5688445568084717,0.7298452258110046,0.45365074276924133,0.7148528099060059,0.3870825171470642,0.7062958478927612,0.3306874930858612,0.7619009017944336,0.5863874554634094,0.6851432919502258,0.5160231590270996,0.6505013108253479,0.5723312497138977,0.6417157053947449,0.6177114844322205,0.7608994841575623,0.6184375286102295,0.6881704330444336,0.557062566280365,0.658440113067627,0.5948344469070435,0.6511358618736267,0.6359348297119141,0.0,0.0,0.0,0.0,0.0,0.0,0.0,0.0,0.0,0.0,0.0,0.0,0.0,0.0,0.0,0.0,0.0,0.0,0.0,0.0,0.0,0.0,0.0,0.0,0.0,0.0,0.0,0.0,0.0,0.0,0.0,0.0,0.0,0.0,0.0,0.0,0.0,0.0,0.0,0.0,0.0,0.0
0.7742380499839783,0.8464785814285278,0.6909864544868469,0.7566750645637512,0.6527929306030273,0.6758974194526672,0.6243873238563538,0.6215188503265381,0.6019692420959473,0.5657766461372375,0.721705436706543,0.5689062476158142,0.700598955154419,0.47465622425079346,0.6927797794342041,0.4204030930995941,0.6921713352203369,0.3715502619743347,0.7469620704650879,0.5679728984832764,0.7324380874633789,0.45058929920196533,0.719171404838562,0.3828261196613312,0.712096095085144,0.32542961835861206,0.7609658241271973,0.5864222049713135,0.682298481464386,0.5150967240333557,0.648427426815033,0.5728513598442078,0.6411219835281372,0.6179139018058777,0.7597518563270569,0.6210275888442993,0.6848686337471008,0.5586515069007874,0.6575421690940857,0.5982316732406616,0.653840184211731,0.6394432783126831,0.0,0.0,0.0,0.0,0.0,0.0,0.0,0.0,0.0,0.0,0.0,0.0,0.0,0.0,0.0,0.0,0.0,0.0,0.0,0.0,0.0,0.0,0.0,0.0,0.0,0.0,0.0,0.0,0.0,0.0,0.0,0.0,0.0,0.0,0.0,0.0,0.0,0.0,0.0,0.0,0.0,0.0
0.7748019099235535,0.8444725275039673,0.6901419758796692,0.7584033012390137,0.6517598032951355,0.6779379844665527,0.6226902604103088,0.6252523064613342,0.5993396639823914,0.569503664970398,0.7224397659301758,0.5682279467582703,0.700321614742279,0.47461703419685364,0.6926606297492981,0.42019832134246826,0.691887617111206,0.37118762731552124,0.7477690577507019,0.568827748298645,0.7297148704528809,0.45093077421188354,0.715377926826477,0.3824002146720886,0.7070575952529907,0.3252086341381073,0.7609329223632812,0.5882073640823364,0.6788492798805237,0.5181624293327332,0.6445220112800598,0.5766112208366394,0.6365742087364197,0.6224588751792908,0.7580525875091553,0.6230155825614929,0.6831148266792297,0.5632545351982117,0.6540203094482422,0.6026790142059326,0.64708411693573,0.6435441970825195,0.0,0.0,0.0,0.0,0.0,0.0,0.0,0.0,0.0,0.0,0.0,0.0,0.0,0.0,0.0,0.0,0.0,0.0,0.0,0.0,0.0,0.0,0.0,0.0,0.0,0.0,0.0,0.0,0.0,0.0,0.0,0.0,0.0,0.0,0.0,0.0,0.0,0.0,0.0,0.0,0.0,0.0
0.7727434039115906,0.8429575562477112,0.6887285113334656,0.7587924599647522,0.6504446268081665,0.6779327392578125,0.6218858361244202,0.6250134110450745,0.5989504456520081,0.5696583986282349,0.7192790508270264,0.5674431324005127,0.6985294818878174,0.4741867780685425,0.691283106803894,0.41915860772132874,0.6910219788551331,0.3702210783958435,0.7457082271575928,0.5679516196250916,0.7305068373680115,0.4502819776535034,0.7163645029067993,0.3818914294242859,0.7079665064811707,0.3242465853691101,0.7605628967285156,0.5873967409133911,0.6786496639251709,0.5185291171073914,0.6456883549690247,0.5776448845863342,0.6392555236816406,0.6220236420631409,0.7597368359565735,0.6230317950248718,0.6832334995269775,0.5634243488311768,0.6555107831954956,0.6032710671424866,0.6509078741073608,0.6432386040687561,0.0,0.0,0.0,0.0,0.0,0.0,0.0,0.0,0.0,0.0,0.0,0.0,0.0,0.0,0.0,0.0,0.0,0.0,0.0,0.0,0.0,0.0,0.0,0.0,0.0,0.0,0.0,0.0,0.0,0.0,0.0,0.0,0.0,0.0,0.0,0.0,0.0,0.0,0.0,0.0,0.0,0.0
0.7726860046386719,0.842189610004425,0.689688503742218,0.759156346321106,0.6512362957000732,0.6778135299682617,0.6222631335258484,0.6250603795051575,0.5992031097412109,0.5691561102867126,0.7174994349479675,0.5675820708274841,0.6980721354484558,0.474666953086853,0.6907958984375,0.4196014702320099,0.6904253363609314,0.3713727593421936,0.7434203028678894,0.5674328207969666,0.7308317422866821,0.45073238015174866,0.7169789671897888,0.3823832869529724,0.7088470458984375,0.32480958104133606,0.7584334015846252,0.5862009525299072,0.67911696434021,0.5182778239250183,0.6460986137390137,0.5773434638977051,0.6393294930458069,0.621386706829071,0.7583146691322327,0.6210435032844543,0.6831023693084717,0.5624312162399292,0.6553570032119751,0.6027291417121887,0.6507129669189453,0.6425199508666992,0.0,0.0,0.0,0.0,0.0,0.0,0.0,0.0,0.0,0.0,0.0,0.0,0.0,0.0,0.0,0.0,0.0,0.0,0.0,0.0,0.0,0.0,0.0,0.0,0.0,0.0,0.0,0.0,0.0,0.0,0.0,0.0,0.0,0.0,0.0,0.0,0.0,0.0,0.0,0.0,0.0,0.0
0.771594762802124,0.8430267572402954,0.6885544657707214,0.756127119064331,0.6508598923683167,0.6757687330245972,0.6222164034843445,0.6235436797142029,0.5987119078636169,0.5692824125289917,0.7173590660095215,0.567876398563385,0.6971747279167175,0.4735080301761627,0.6907811760902405,0.4189795255661011,0.6912713050842285,0.3703750967979431,0.7440612316131592,0.5682371854782104,0.7294490933418274,0.4511183202266693,0.7164900898933411,0.3821061849594116,0.7096090316772461,0.32625290751457214,0.7592360377311707,0.5877292156219482,0.680671215057373,0.5203585624694824,0.6474320888519287,0.5784059762954712,0.6400576829910278,0.6231546401977539,0.7589851021766663,0.6229444742202759,0.6842870116233826,0.5622382760047913,0.6570202112197876,0.6027485728263855,0.6524612903594971,0.6440324783325195,0.0,0.0,0.0,0.0,0.0,0.0,0.0,0.0,0.0,0.0,0.0,0.0,0.0,0.0,0.0,0.0,0.0,0.0,0.0,0.0,0.0,0.0,0.0,0.0,0.0,0.0,0.0,0.0,0.0,0.0,0.0,0.0,0.0,0.0,0.0,0.0,0.0,0.0,0.0,0.0,0.0,0.0
0.7740164995193481,0.8425405025482178,0.690015971660614,0.7583144307136536,0.6514520645141602,0.6765592694282532,0.6222448348999023,0.6243475079536438,0.5985277891159058,0.5691096782684326,0.7168723940849304,0.5674295425415039,0.6970940232276917,0.47376710176467896,0.6906962394714355,0.4192858934402466,0.6908848881721497,0.3705085515975952,0.7439523935317993,0.5686376690864563,0.7298272252082825,0.45110732316970825,0.7167807221412659,0.38238656520843506,0.709446370601654,0.3257808983325958,0.7598440647125244,0.5888587236404419,0.6802375912666321,0.5206809639930725,0.6463470458984375,0.5791046619415283,0.6386176347732544,0.622839629650116,0.7597852945327759,0.6251386404037476,0.6840980052947998,0.5648967027664185,0.6553246378898621,0.6043087840080261,0.649339497089386,0.643813967704773,0.0,0.0,0.0,0.0,0.0,0.0,0.0,0.0,0.0,0.0,0.0,0.0,0.0,0.0,0.0,0.0,0.0,0.0,0.0,0.0,0.0,0.0,0.0,0.0,0.0,0.0,0.0,0.0,0.0,0.0,0.0,0.0,0.0,0.0,0.0,0.0,0.0,0.0,0.0,0.0,0.0,0.0
0.7755993604660034,0.8448295593261719,0.6907086968421936,0.7576526403427124,0.6523364782333374,0.6778945326805115,0.6229156851768494,0.6257206201553345,0.5995297431945801,0.5699818134307861,0.7173347473144531,0.569172203540802,0.6965785026550293,0.4753994941711426,0.6898863315582275,0.4213554859161377,0.6902998089790344,0.3727495074272156,0.7439443469047546,0.5690439939498901,0.7289813756942749,0.4511144757270813,0.7156779170036316,0.38189929723739624,0.7086613178253174,0.32498231530189514,0.7595943212509155,0.5882290005683899,0.6800863146781921,0.5191487073898315,0.6461965441703796,0.578572690486908,0.6381335258483887,0.6237010955810547,0.7601313591003418,0.6234289407730103,0.6835737824440002,0.5623844265937805,0.6555590033531189,0.6039219498634338,0.6504740118980408,0.6459115743637085,0.0,0.0,0.0,0.0,0.0,0.0,0.0,0.0,0.0,0.0,0.0,0.0,0.0,0.0,0.0,0.0,0.0,0.0,0.0,0.0,0.0,0.0,0.0,0.0,0.0,0.0,0.0,0.0,0.0,0.0,0.0,0.0,0.0,0.0,0.0,0.0,0.0,0.0,0.0,0.0,0.0,0.0
0.7722097635269165,0.8455796837806702,0.6893594861030579,0.7601955533027649,0.6515279412269592,0.6791319847106934,0.622167706489563,0.6278917789459229,0.5976235270500183,0.5733510255813599,0.7175824046134949,0.5670838356018066,0.69745934009552,0.47397279739379883,0.6917697787284851,0.42058688402175903,0.692893385887146,0.37238943576812744,0.744452714920044,0.5673685669898987,0.7274246215820312,0.45247477293014526,0.7155606150627136,0.38414764404296875,0.7093948721885681,0.3279803693294525,0.759264349937439,0.5874958634376526,0.6739369630813599,0.524941086769104,0.6414902210235596,0.5865159034729004,0.6353641152381897,0.6330544352531433,0.7589942812919617,0.623073160648346,0.6798317432403564,0.5705727934837341,0.6504005789756775,0.6117001175880432,0.6430772542953491,0.6509121656417847,0.0,0.0,0.0,0.0,0.0,0.0,0.0,0.0,0.0,0.0,0.0,0.0,0.0,0.0,0.0,0.0,0.0,0.0,0.0,0.0,0.0,0.0,0.0,0.0,0.0,0.0,0.0,0.0,0.0,0.0,0.0,0.0,0.0,0.0,0.0,0.0,0.0,0.0,0.0,0.0,0.0,0.0
0.7716332077980042,0.8493165373802185,0.6890092492103577,0.7626569271087646,0.6507956981658936,0.6820048093795776,0.620229184627533,0.6301702260971069,0.5961586236953735,0.5738459825515747,0.7182393074035645,0.5691007971763611,0.6976747512817383,0.47618594765663147,0.6917826533317566,0.42261603474617004,0.6927515864372253,0.37332773208618164,0.7446660995483398,0.5692410469055176,0.7282863855361938,0.45323818922042847,0.7171140909194946,0.3840705454349518,0.7110719680786133,0.32595402002334595,0.7587414979934692,0.5893729329109192,0.6714118719100952,0.5265176296234131,0.6387797594070435,0.5892053246498108,0.6323783993721008,0.6358773112297058,0.757093608379364,0.6248731017112732,0.6763691306114197,0.573333203792572,0.6470779180526733,0.6152269840240479,0.6402047276496887,0.6545804738998413,0.0,0.0,0.0,0.0,0.0,0.0,0.0,0.0,0.0,0.0,0.0,0.0,0.0,0.0,0.0,0.0,0.0,0.0,0.0,0.0,0.0,0.0,0.0,0.0,0.0,0.0,0.0,0.0,0.0,0.0,0.0,0.0,0.0,0.0,0.0,0.0,0.0,0.0,0.0,0.0,0.0,0.0
0.7723456621170044,0.8495405316352844,0.6892073154449463,0.763641893863678,0.6504552364349365,0.6830300092697144,0.6202037930488586,0.6312799453735352,0.5959318280220032,0.5755605101585388,0.7189823389053345,0.5699834823608398,0.6989808082580566,0.4754480719566345,0.6934453248977661,0.4221206307411194,0.6944307088851929,0.3737226128578186,0.7452172040939331,0.5704092979431152,0.7277473211288452,0.45509129762649536,0.7170560956001282,0.38665685057640076,0.7116187214851379,0.32998064160346985,0.7586051225662231,0.5903115272521973,0.6710240840911865,0.5275205373764038,0.6381403803825378,0.5883201956748962,0.6317805647850037,0.6348792910575867,0.7562595009803772,0.6245290040969849,0.676546037197113,0.5750275254249573,0.6479094624519348,0.6163261532783508,0.6415718793869019,0.6550577878952026,0.0,0.0,0.0,0.0,0.0,0.0,0.0,0.0,0.0,0.0,0.0,0.0,0.0,0.0,0.0,0.0,0.0,0.0,0.0,0.0,0.0,0.0,0.0,0.0,0.0,0.0,0.0,0.0,0.0,0.0,0.0,0.0,0.0,0.0,0.0,0.0,0.0,0.0,0.0,0.0,0.0,0.0
0.7727962732315063,0.8481058478355408,0.689464271068573,0.7650945782661438,0.6480389833450317,0.6834464073181152,0.6161302328109741,0.6339895725250244,0.5907553434371948,0.582987368106842,0.7124603390693665,0.5729323625564575,0.6924036145210266,0.4796239733695984,0.6874502897262573,0.42820215225219727,0.6887107491493225,0.38026267290115356,0.7385576963424683,0.573285698890686,0.7248713970184326,0.4576255679130554,0.714684784412384,0.3892248868942261,0.70985347032547,0.33387598395347595,0.7528552412986755,0.594532310962677,0.6706190705299377,0.5285400748252869,0.6388213634490967,0.5885043144226074,0.6324390172958374,0.6324774026870728,0.7521309852600098,0.6331292390823364,0.6749716401100159,0.5772976279258728,0.6455485224723816,0.6187201738357544,0.6384097933769226,0.6567351818084717,0.0,0.0,0.0,0.0,0.0,0.0,0.0,0.0,0.0,0.0,0.0,0.0,0.0,0.0,0.0,0.0,0.0,0.0,0.0,0.0,0.0,0.0,0.0,0.0,0.0,0.0,0.0,0.0,0.0,0.0,0.0,0.0,0.0,0.0,0.0,0.0,0.0,0.0,0.0,0.0,0.0,0.0
0.770240306854248,0.8479070067405701,0.6865789294242859,0.7639058828353882,0.646798849105835,0.6876669526100159,0.6166703104972839,0.6388624310493469,0.5923486948013306,0.5856241583824158,0.7117998600006104,0.5693758130073547,0.6935685276985168,0.47472909092903137,0.6888060569763184,0.4213295578956604,0.6901392340660095,0.37366434931755066,0.7384878396987915,0.5700386166572571,0.7247404456138611,0.4550080895423889,0.715572714805603,0.3866339325904846,0.7106714248657227,0.33072760701179504,0.7531724572181702,0.5919421911239624,0.6652780771255493,0.5314163565635681,0.6343606114387512,0.5934725999832153,0.629126787185669,0.6401156783103943,0.7528952360153198,0.6306824684143066,0.6698908805847168,0.582026481628418,0.6412826776504517,0.6235582232475281,0.635130763053894,0.6620582938194275,0.0,0.0,0.0,0.0,0.0,0.0,0.0,0.0,0.0,0.0,0.0,0.0,0.0,0.0,0.0,0.0,0.0,0.0,0.0,0.0,0.0,0.0,0.0,0.0,0.0,0.0,0.0,0.0,0.0,0.0,0.0,0.0,0.0,0.0,0.0,0.0,0.0,0.0,0.0,0.0,0.0,0.0
0.769182026386261,0.8507252335548401,0.6864343881607056,0.7727094292640686,0.6445716023445129,0.6925036311149597,0.6126917600631714,0.6438859105110168,0.5885410308837891,0.5930742621421814,0.7062436938285828,0.574234664440155,0.687901496887207,0.4805700182914734,0.683188259601593,0.4276050627231598,0.6831533908843994,0.3791327476501465,0.7336629629135132,0.576485276222229,0.7203294038772583,0.4626399278640747,0.7096171975135803,0.39402705430984497,0.7030203342437744,0.3399079144001007,0.7492204904556274,0.5991761684417725,0.6678944230079651,0.5369932651519775,0.6341100931167603,0.5955947041511536,0.6250446438789368,0.6405721306800842,0.7497434616088867,0.6386715173721313,0.6711813807487488,0.5904769897460938,0.6378083229064941,0.6284641623497009,0.6253727674484253,0.6637362837791443,0.0,0.0,0.0,0.0,0.0,0.0,0.0,0.0,0.0,0.0,0.0,0.0,0.0,0.0,0.0,0.0,0.0,0.0,0.0,0.0,0.0,0.0,0.0,0.0,0.0,0.0,0.0,0.0,0.0,0.0,0.0,0.0,0.0,0.0,0.0,0.0,0.0,0.0,0.0,0.0,0.0,0.0
0.7717916965484619,0.8515059947967529,0.6864484548568726,0.7744648456573486,0.6447339057922363,0.6977893114089966,0.6126449704170227,0.6503586173057556,0.5876224040985107,0.6005474328994751,0.706828773021698,0.578241229057312,0.6859487891197205,0.4840499758720398,0.6804701685905457,0.429901659488678,0.6807775497436523,0.3815115988254547,0.7336017489433289,0.5770263075828552,0.7192686200141907,0.4638430178165436,0.7087799310684204,0.3949582278728485,0.7031669020652771,0.3395180404186249,0.7478520274162292,0.5982298851013184,0.6606261730194092,0.540633499622345,0.6302444338798523,0.6031109690666199,0.6253007650375366,0.6487594246864319,0.7472584247589111,0.6376705169677734,0.665450394153595,0.5935146808624268,0.6364155411720276,0.6362718343734741,0.6292694807052612,0.6741155385971069,0.0,0.0,0.0,0.0,0.0,0.0,0.0,0.0,0.0,0.0,0.0,0.0,0.0,0.0,0.0,0.0,0.0,0.0,0.0,0.0,0.0,0.0,0.0,0.0,0.0,0.0,0.0,0.0,0.0,0.0,0.0,0.0,0.0,0.0,0.0,0.0,0.0,0.0,0.0,0.0,0.0,0.0
0.7711570858955383,0.852664589881897,0.6838244199752808,0.7725105285644531,0.6402772068977356,0.7000282406806946,0.6044716238975525,0.6552709937095642,0.5790868401527405,0.6065510511398315,0.7011127471923828,0.5823349952697754,0.6790635585784912,0.4861335754394531,0.6724802851676941,0.4315738081932068,0.6715537905693054,0.3831261098384857,0.7265457510948181,0.5825632214546204,0.7115920782089233,0.47076427936553955,0.7012048959732056,0.40120232105255127,0.6963413953781128,0.34677425026893616,0.7389308214187622,0.6052141189575195,0.6541783213615417,0.5486370921134949,0.6249947547912598,0.6070701479911804,0.6206907629966736,0.6497473120689392,0.7371155619621277,0.6444677710533142,0.6544466018676758,0.6021984815597534,0.6251651644706726,0.642014741897583,0.6186749935150146,0.6769164204597473,0.0,0.0,0.0,0.0,0.0,0.0,0.0,0.0,0.0,0.0,0.0,0.0,0.0,0.0,0.0,0.0,0.0,0.0,0.0,0.0,0.0,0.0,0.0,0.0,0.0,0.0,0.0,0.0,0.0,0.0,0.0,0.0,0.0,0.0,0.0,0.0,0.0,0.0,0.0,0.0,0.0,0.0
0.7709528803825378,0.8509817123413086,0.6826536059379578,0.7749245166778564,0.6401564478874207,0.7060502171516418,0.6049448251724243,0.6620713472366333,0.579234778881073,0.6140236854553223,0.7064529657363892,0.5824260115623474,0.681154727935791,0.48965537548065186,0.6746294498443604,0.4367886781692505,0.6736447811126709,0.3880116939544678,0.7301176190376282,0.5811927914619446,0.7111124396324158,0.46995460987091064,0.7014196515083313,0.40199869871139526,0.6965785622596741,0.34637972712516785,0.7403173446655273,0.6027649641036987,0.6456893682479858,0.5486516356468201,0.6187057495117188,0.610633909702301,0.617132306098938,0.6545556783676147,0.7359198927879333,0.6437968611717224,0.6488279700279236,0.6049368381500244,0.623773992061615,0.6488006711006165,0.6218582391738892,0.6860360503196716,0.0,0.0,0.0,0.0,0.0,0.0,0.0,0.0,0.0,0.0,0.0,0.0,0.0,0.0,0.0,0.0,0.0,0.0,0.0,0.0,0.0,0.0,0.0,0.0,0.0,0.0,0.0,0.0,0.0,0.0,0.0,0.0,0.0,0.0,0.0,0.0,0.0,0.0,0.0,0.0,0.0,0.0
0.7725830078125,0.8547161817550659,0.6809529066085815,0.7748501300811768,0.6391860842704773,0.705973744392395,0.6035473346710205,0.6610193252563477,0.5791816115379333,0.6108237504959106,0.7088163495063782,0.5861700773239136,0.6815586686134338,0.49189722537994385,0.6743081212043762,0.4370994567871094,0.6723731160163879,0.38799068331718445,0.7306689023971558,0.5857844948768616,0.7115886807441711,0.4721129536628723,0.7000404000282288,0.4029633700847626,0.693847119808197,0.34497833251953125,0.7389434576034546,0.6073961853981018,0.6463424563407898,0.5488340258598328,0.6211374998092651,0.6123451590538025,0.6205858588218689,0.655737578868866,0.7332693338394165,0.646577775478363,0.6476545929908752,0.602868914604187,0.6212605834007263,0.6471847891807556,0.6179729700088501,0.6846252083778381,0.0,0.0,0.0,0.0,0.0,0.0,0.0,0.0,0.0,0.0,0.0,0.0,0.0,0.0,0.0,0.0,0.0,0.0,0.0,0.0,0.0,0.0,0.0,0.0,0.0,0.0,0.0,0.0,0.0,0.0,0.0,0.0,0.0,0.0,0.0,0.0,0.0,0.0,0.0,0.0,0.0,0.0
0.7716383934020996,0.8543606996536255,0.6803328394889832,0.7750177383422852,0.6384987831115723,0.7076053619384766,0.6033358573913574,0.6617653965950012,0.5798521637916565,0.6133646368980408,0.7088351249694824,0.5854995250701904,0.6823804378509521,0.4927123188972473,0.6750221252441406,0.43809378147125244,0.6731071472167969,0.3897402584552765,0.7310218811035156,0.5843742489814758,0.7115935683250427,0.4712449908256531,0.7003284692764282,0.4036116600036621,0.6942402124404907,0.3472389578819275,0.739317774772644,0.6059784889221191,0.644859790802002,0.5488366484642029,0.6206405162811279,0.612109899520874,0.6213198900222778,0.6549593210220337,0.733171284198761,0.6466711759567261,0.6459195017814636,0.6044448018074036,0.624133825302124,0.6504579186439514,0.6260156035423279,0.6888713240623474,0.0,0.0,0.0,0.0,0.0,0.0,0.0,0.0,0.0,0.0,0.0,0.0,0.0,0.0,0.0,0.0,0.0,0.0,0.0,0.0,0.0,0.0,0.0,0.0,0.0,0.0,0.0,0.0,0.0,0.0,0.0,0.0,0.0,0.0,0.0,0.0,0.0,0.0,0.0,0.0,0.0,0.0
0.7746034264564514,0.858556866645813,0.682201623916626,0.7781898379325867,0.6400309205055237,0.7084935903549194,0.6040894985198975,0.6623641848564148,0.5785192847251892,0.6121441721916199,0.7112023234367371,0.5896704196929932,0.6830017566680908,0.494587242603302,0.6753848791122437,0.4385892152786255,0.6733819246292114,0.38820740580558777,0.7328354120254517,0.5880087018013,0.7109456658363342,0.4741194248199463,0.6991924047470093,0.4041910767555237,0.6932163834571838,0.3457755148410797,0.7402240633964539,0.6085577011108398,0.6439385414123535,0.5505944490432739,0.6208726763725281,0.6149523258209229,0.6230430006980896,0.6582831144332886,0.733343780040741,0.6466749310493469,0.6456237435340881,0.6035637855529785,0.6243488192558289,0.6505240797996521,0.6264338493347168,0.6896671056747437,0.0,0.0,0.0,0.0,0.0,0.0,0.0,0.0,0.0,0.0,0.0,0.0,0.0,0.0,0.0,0.0,0.0,0.0,0.0,0.0,0.0,0.0,0.0,0.0,0.0,0.0,0.0,0.0,0.0,0.0,0.0,0.0,0.0,0.0,0.0,0.0,0.0,0.0,0.0,0.0,0.0,0.0
0.7742218971252441,0.8574792146682739,0.6815080046653748,0.7768154144287109,0.6391602158546448,0.7087888717651367,0.6035553812980652,0.6624041795730591,0.5796377658843994,0.6126790642738342,0.7114307880401611,0.5879098176956177,0.6838052868843079,0.49399131536483765,0.6762285232543945,0.4386853575706482,0.6743765473365784,0.38940420746803284,0.7335267066955566,0.5864241123199463,0.7109389901161194,0.472577303647995,0.6991260647773743,0.404152512550354,0.6930604577064514,0.3460996448993683,0.7414343357086182,0.6066405773162842,0.6439867615699768,0.5496687889099121,0.6220666766166687,0.6141594052314758,0.6253875494003296,0.6570752859115601,0.734946608543396,0.6444395780563354,0.64525306224823,0.6037999391555786,0.6258413195610046,0.6514097452163696,0.6308246850967407,0.6899852752685547,0.0,0.0,0.0,0.0,0.0,0.0,0.0,0.0,0.0,0.0,0.0,0.0,0.0,0.0,0.0,0.0,0.0,0.0,0.0,0.0,0.0,0.0,0.0,0.0,0.0,0.0,0.0,0.0,0.0,0.0,0.0,0.0,0.0,0.0,0.0,0.0,0.0,0.0,0.0,0.0,0.0,0.0
0.7752620577812195,0.8608290553092957,0.6822148561477661,0.7780836820602417,0.6400988698005676,0.7092167139053345,0.6040142774581909,0.6633815765380859,0.5783596038818359,0.6139369010925293,0.7121357321739197,0.5903301239013672,0.6830664873123169,0.49537065625190735,0.6744767427444458,0.43947434425354004,0.6713629364967346,0.3895208239555359,0.7335628867149353,0.5886768102645874,0.7122878432273865,0.4737321734428406,0.6993815898895264,0.4046790599822998,0.6922724843025208,0.3473636507987976,0.7406269907951355,0.6098921298980713,0.6439706683158875,0.5518354177474976,0.6215254664421082,0.6173657178878784,0.6241308450698853,0.6603377461433411,0.7336929440498352,0.6490634083747864,0.6453875303268433,0.6051181554794312,0.6255221962928772,0.6536734700202942,0.6294590830802917,0.6932087540626526,0.0,0.0,0.0,0.0,0.0,0.0,0.0,0.0,0.0,0.0,0.0,0.0,0.0,0.0,0.0,0.0,0.0,0.0,0.0,0.0,0.0,0.0,0.0,0.0,0.0,0.0,0.0,0.0,0.0,0.0,0.0,0.0,0.0,0.0,0.0,0.0,0.0,0.0,0.0,0.0,0.0,0.0
0.7750281691551208,0.8615479469299316,0.6826895475387573,0.7793708443641663,0.6408176422119141,0.7103843092918396,0.6047828197479248,0.6639692187309265,0.5793492794036865,0.6143022179603577,0.7133954763412476,0.5898749232292175,0.6847658157348633,0.49528592824935913,0.6760128140449524,0.4401485025882721,0.6730027794837952,0.3908681571483612,0.7342778444290161,0.5883257389068604,0.7128233909606934,0.4729965329170227,0.7002449035644531,0.40502214431762695,0.693311870098114,0.3473443388938904,0.7410441040992737,0.6088614463806152,0.6447241902351379,0.5497199296951294,0.6217191815376282,0.6135897040367126,0.6238508224487305,0.656417191028595,0.7335999011993408,0.6470661759376526,0.6453683376312256,0.6018271446228027,0.6251875758171082,0.6479955315589905,0.6289302110671997,0.6866199374198914,0.0,0.0,0.0,0.0,0.0,0.0,0.0,0.0,0.0,0.0,0.0,0.0,0.0,0.0,0.0,0.0,0.0,0.0,0.0,0.0,0.0,0.0,0.0,0.0,0.0,0.0,0.0,0.0,0.0,0.0,0.0,0.0,0.0,0.0,0.0,0.0,0.0,0.0,0.0,0.0,0.0,0.0
0.7763187289237976,0.8625501394271851,0.6831766963005066,0.7789274454116821,0.6413003206253052,0.7104345560073853,0.605498194694519,0.6638896465301514,0.5798646211624146,0.6135704517364502,0.7119351625442505,0.5894073843955994,0.68422931432724,0.4947163462638855,0.6757922768592834,0.4392068386077881,0.6734872460365295,0.3902403712272644,0.73282790184021,0.5874708890914917,0.7118711471557617,0.47285324335098267,0.6991530656814575,0.4050021171569824,0.6925212740898132,0.348644882440567,0.7400742769241333,0.6079705953598022,0.6450544595718384,0.5490593314170837,0.6225301623344421,0.6127336025238037,0.6251111030578613,0.6552419066429138,0.7333811521530151,0.6462348699569702,0.6457276940345764,0.6007112860679626,0.625953197479248,0.6477185487747192,0.630225658416748,0.6870725750923157,0.0,0.0,0.0,0.0,0.0,0.0,0.0,0.0,0.0,0.0,0.0,0.0,0.0,0.0,0.0,0.0,0.0,0.0,0.0,0.0,0.0,0.0,0.0,0.0,0.0,0.0,0.0,0.0,0.0,0.0,0.0,0.0,0.0,0.0,0.0,0.0,0.0,0.0,0.0,0.0,0.0,0.0
0.77558833360672,0.8627481460571289,0.6822797656059265,0.7778816223144531,0.6403710842132568,0.7092243432998657,0.6044595837593079,0.6629922986030579,0.5791212916374207,0.612578809261322,0.7113587260246277,0.5882138013839722,0.684893786907196,0.4940575957298279,0.6769363284111023,0.4396262466907501,0.674361526966095,0.39111214876174927,0.731980562210083,0.5866511464118958,0.7124350070953369,0.47244882583618164,0.7000485062599182,0.4052666425704956,0.6927913427352905,0.349109023809433,0.7392508387565613,0.6074990034103394,0.6449495553970337,0.5489418506622314,0.6223925352096558,0.6128530502319336,0.6242600679397583,0.6559056043624878,0.7326532602310181,0.6461804509162903,0.6454328894615173,0.5999600887298584,0.6246549487113953,0.6466911435127258,0.6277753710746765,0.6863545775413513,0.0,0.0,0.0,0.0,0.0,0.0,0.0,0.0,0.0,0.0,0.0,0.0,0.0,0.0,0.0,0.0,0.0,0.0,0.0,0.0,0.0,0.0,0.0,0.0,0.0,0.0,0.0,0.0,0.0,0.0,0.0,0.0,0.0,0.0,0.0,0.0,0.0,0.0,0.0,0.0,0.0,0.0
0.7766752243041992,0.8622065782546997,0.683028519153595,0.7778425216674805,0.6412250995635986,0.7095634341239929,0.605138897895813,0.6638674139976501,0.5786924958229065,0.6139481663703918,0.7113518714904785,0.588074803352356,0.68403559923172,0.49323558807373047,0.6754333972930908,0.43856266140937805,0.6727111339569092,0.38989317417144775,0.7317026257514954,0.5866920351982117,0.7112356424331665,0.47283270955085754,0.6994545459747314,0.40597712993621826,0.6930660009384155,0.34960368275642395,0.7387360334396362,0.6079964637756348,0.6450989246368408,0.5492662191390991,0.6217479705810547,0.6125141382217407,0.6226752996444702,0.65535968542099,0.7318995594978333,0.6473173499107361,0.6453319787979126,0.6013391017913818,0.6236986517906189,0.6463865637779236,0.6255989670753479,0.6853421926498413,0.0,0.0,0.0,0.0,0.0,0.0,0.0,0.0,0.0,0.0,0.0,0.0,0.0,0.0,0.0,0.0,0.0,0.0,0.0,0.0,0.0,0.0,0.0,0.0,0.0,0.0,0.0,0.0,0.0,0.0,0.0,0.0,0.0,0.0,0.0,0.0,0.0,0.0,0.0,0.0,0.0,0.0
0.7754212617874146,0.8624264597892761,0.6820172667503357,0.7773756384849548,0.6407315731048584,0.709816038608551,0.6048782467842102,0.6637279391288757,0.5782859921455383,0.613455593585968,0.7116206884384155,0.5881223082542419,0.6831151843070984,0.4945985674858093,0.6744264960289001,0.4407349228858948,0.6718000173568726,0.39261147379875183,0.7321499586105347,0.5860342383384705,0.7110694646835327,0.47190892696380615,0.6993103623390198,0.40482598543167114,0.6929160356521606,0.34748920798301697,0.7392472624778748,0.6066344380378723,0.6435451507568359,0.5489485859870911,0.6213680505752563,0.6135789752006531,0.6234769821166992,0.6576288938522339,0.7322378158569336,0.6446873545646667,0.6443819403648376,0.599997878074646,0.6229526400566101,0.6460387110710144,0.6253113746643066,0.6857653856277466,0.0,0.0,0.0,0.0,0.0,0.0,0.0,0.0,0.0,0.0,0.0,0.0,0.0,0.0,0.0,0.0,0.0,0.0,0.0,0.0,0.0,0.0,0.0,0.0,0.0,0.0,0.0,0.0,0.0,0.0,0.0,0.0,0.0,0.0,0.0,0.0,0.0,0.0,0.0,0.0,0.0,0.0
0.7756010293960571,0.8614691495895386,0.6825709342956543,0.7775313854217529,0.6403964757919312,0.7089025378227234,0.6043201088905334,0.6633843779563904,0.5779483318328857,0.6135925650596619,0.7108083367347717,0.5881297588348389,0.6828122138977051,0.4948466420173645,0.6739065647125244,0.44031694531440735,0.6711006760597229,0.39146220684051514,0.7315757274627686,0.5864304304122925,0.7105808258056641,0.4730854034423828,0.698263943195343,0.4057273864746094,0.6918459534645081,0.348904013633728,0.738988995552063,0.6073897480964661,0.6444358229637146,0.5498372316360474,0.6209453344345093,0.6135345101356506,0.6225208640098572,0.6560126543045044,0.7325229048728943,0.6467345952987671,0.6452633738517761,0.6020481586456299,0.624126136302948,0.6485533714294434,0.6271608471870422,0.6874072551727295,0.0,0.0,0.0,0.0,0.0,0.0,0.0,0.0,0.0,0.0,0.0,0.0,0.0,0.0,0.0,0.0,0.0,0.0,0.0,0.0,0.0,0.0,0.0,0.0,0.0,0.0,0.0,0.0,0.0,0.0,0.0,0.0,0.0,0.0,0.0,0.0,0.0,0.0,0.0,0.0,0.0,0.0
0.7777144908905029,0.8623234629631042,0.6833715438842773,0.7772021889686584,0.6415007710456848,0.7097403407096863,0.6052445769309998,0.6634928584098816,0.5780845880508423,0.61259526014328,0.7140717506408691,0.5889742374420166,0.685408890247345,0.49524855613708496,0.6761782169342041,0.44096654653549194,0.6730157136917114,0.3933568298816681,0.7339407205581665,0.5863529443740845,0.712169885635376,0.4713183641433716,0.6994982957839966,0.404984712600708,0.6917983293533325,0.34726446866989136,0.7406333088874817,0.6059518456459045,0.6440035700798035,0.546207070350647,0.6215087175369263,0.6105690598487854,0.6233417987823486,0.6548004150390625,0.7327717542648315,0.6431626081466675,0.6444072127342224,0.5988708138465881,0.623170018196106,0.6445015072822571,0.6257297992706299,0.684178352355957,0.0,0.0,0.0,0.0,0.0,0.0,0.0,0.0,0.0,0.0,0.0,0.0,0.0,0.0,0.0,0.0,0.0,0.0,0.0,0.0,0.0,0.0,0.0,0.0,0.0,0.0,0.0,0.0,0.0,0.0,0.0,0.0,0.0,0.0,0.0,0.0,0.0,0.0,0.0,0.0,0.0,0.0
0.7762209177017212,0.8610279560089111,0.6833474636077881,0.7777484059333801,0.6414517760276794,0.709282636642456,0.6055351495742798,0.6637401580810547,0.578350305557251,0.6129782795906067,0.7098950147628784,0.588165283203125,0.681638240814209,0.4936767816543579,0.6731324791908264,0.4390643239021301,0.6707777380943298,0.390529602766037,0.7309150695800781,0.5859237313270569,0.7097787857055664,0.47303178906440735,0.6979554891586304,0.4055531620979309,0.6919000148773193,0.3487529754638672,0.7392260432243347,0.6057860255241394,0.6453851461410522,0.5488231182098389,0.6223571300506592,0.611871063709259,0.623823344707489,0.654594898223877,0.7335413694381714,0.6433196067810059,0.6459522843360901,0.5998350977897644,0.6235789656639099,0.6451370716094971,0.6253806352615356,0.6830999851226807,0.0,0.0,0.0,0.0,0.0,0.0,0.0,0.0,0.0,0.0,0.0,0.0,0.0,0.0,0.0,0.0,0.0,0.0,0.0,0.0,0.0,0.0,0.0,0.0,0.0,0.0,0.0,0.0,0.0,0.0,0.0,0.0,0.0,0.0,0.0,0.0,0.0,0.0,0.0,0.0,0.0,0.0
0.7775351405143738,0.8612984418869019,0.6835970282554626,0.7761303782463074,0.6421966552734375,0.7092347145080566,0.6057698726654053,0.6632649898529053,0.5792277455329895,0.6127681732177734,0.7134011387825012,0.5882666110992432,0.6848680973052979,0.49488160014152527,0.675715446472168,0.4411498010158539,0.6727886199951172,0.3938581347465515,0.7335267663002014,0.5856237411499023,0.7122254967689514,0.47115689516067505,0.6994395852088928,0.4056257903575897,0.6918652653694153,0.3490767478942871,0.7405879497528076,0.6052613854408264,0.6451358795166016,0.5460952520370483,0.622764527797699,0.6095756888389587,0.6242838501930237,0.6526623964309692,0.7333793640136719,0.6426079869270325,0.6444770693778992,0.5987591743469238,0.6231978535652161,0.6441612839698792,0.6259375810623169,0.6831701993942261,0.0,0.0,0.0,0.0,0.0,0.0,0.0,0.0,0.0,0.0,0.0,0.0,0.0,0.0,0.0,0.0,0.0,0.0,0.0,0.0,0.0,0.0,0.0,0.0,0.0,0.0,0.0,0.0,0.0,0.0,0.0,0.0,0.0,0.0,0.0,0.0,0.0,0.0,0.0,0.0,0.0,0.0
0.7768672108650208,0.8598533868789673,0.6836910843849182,0.7763954401016235,0.6412899494171143,0.7073466181755066,0.6054791808128357,0.6619712114334106,0.578943133354187,0.6121041178703308,0.7117124795913696,0.5870016813278198,0.6829978227615356,0.4940606951713562,0.6739697456359863,0.4400404989719391,0.6711116433143616,0.39136219024658203,0.7327781319618225,0.5851523280143738,0.7104760408401489,0.47207146883010864,0.6980136632919312,0.40574634075164795,0.6912233829498291,0.34917154908180237,0.740565836429596,0.6055469512939453,0.6448133587837219,0.548988938331604,0.6221878528594971,0.6129406690597534,0.6244343519210815,0.6560255885124207,0.7341697216033936,0.6440621614456177,0.6464341282844543,0.6006448268890381,0.6253960132598877,0.6467844843864441,0.6282991170883179,0.6854402422904968,0.0,0.0,0.0,0.0,0.0,0.0,0.0,0.0,0.0,0.0,0.0,0.0,0.0,0.0,0.0,0.0,0.0,0.0,0.0,0.0,0.0,0.0,0.0,0.0,0.0,0.0,0.0,0.0,0.0,0.0,0.0,0.0,0.0,0.0,0.0,0.0,0.0,0.0,0.0,0.0,0.0,0.0
0.7764643430709839,0.8600989580154419,0.683042585849762,0.7761654853820801,0.6411262154579163,0.7074538469314575,0.6049313545227051,0.661755383014679,0.5789720416069031,0.6120944023132324,0.7124764919281006,0.587639570236206,0.6835731863975525,0.49566999077796936,0.6745127439498901,0.4415688216686249,0.671660304069519,0.3930133283138275,0.7331389784812927,0.5853927135467529,0.7109174132347107,0.4729975461959839,0.6979705691337585,0.406768798828125,0.6909744143486023,0.350149542093277,0.7404096722602844,0.6054755449295044,0.6450343728065491,0.548061192035675,0.6233628988265991,0.6122046113014221,0.62623131275177,0.6550132036209106,0.733476996421814,0.6434838175773621,0.6451449990272522,0.5997899770736694,0.6244543194770813,0.6465283632278442,0.6277092099189758,0.6855829954147339,0.0,0.0,0.0,0.0,0.0,0.0,0.0,0.0,0.0,0.0,0.0,0.0,0.0,0.0,0.0,0.0,0.0,0.0,0.0,0.0,0.0,0.0,0.0,0.0,0.0,0.0,0.0,0.0,0.0,0.0,0.0,0.0,0.0,0.0,0.0,0.0,0.0,0.0,0.0,0.0,0.0,0.0
0.7765821814537048,0.8607065677642822,0.6839292049407959,0.7767508029937744,0.6417453289031982,0.7080944776535034,0.6055150628089905,0.6627416014671326,0.5796141624450684,0.6126883625984192,0.7111555337905884,0.587519109249115,0.683283805847168,0.49486446380615234,0.6741495132446289,0.4405989348888397,0.6715334057807922,0.3925069570541382,0.7322308421134949,0.5849246978759766,0.710435152053833,0.47281020879745483,0.6979946494102478,0.40661048889160156,0.6913694739341736,0.34968996047973633,0.7400891780853271,0.6049314737319946,0.6446797251701355,0.5473901033401489,0.623679518699646,0.6113274693489075,0.6270419955253601,0.6537760496139526,0.7337659001350403,0.6428232192993164,0.6453170776367188,0.5989787578582764,0.6250758171081543,0.6455389857292175,0.628702700138092,0.6844896078109741,0.0,0.0,0.0,0.0,0.0,0.0,0.0,0.0,0.0,0.0,0.0,0.0,0.0,0.0,0.0,0.0,0.0,0.0,0.0,0.0,0.0,0.0,0.0,0.0,0.0,0.0,0.0,0.0,0.0,0.0,0.0,0.0,0.0,0.0,0.0,0.0,0.0,0.0,0.0,0.0,0.0,0.0
0.7776155471801758,0.8610996007919312,0.6844362616539001,0.7766305804252625,0.6420549750328064,0.7086952328681946,0.6056813597679138,0.6632503867149353,0.5791752338409424,0.6123397350311279,0.7113116383552551,0.5878683924674988,0.6834923624992371,0.4952554702758789,0.6744286417961121,0.4410722255706787,0.6717683672904968,0.39337387681007385,0.7323787212371826,0.5853298902511597,0.7108648419380188,0.4727831780910492,0.6983226537704468,0.4066733717918396,0.6913751363754272,0.34917545318603516,0.740358293056488,0.6053268313407898,0.6453953981399536,0.5466066598892212,0.6240318417549133,0.6103284358978271,0.6270523071289062,0.6530476808547974,0.7340917587280273,0.6429531574249268,0.6458144187927246,0.5989915728569031,0.6253921985626221,0.645136296749115,0.6289731860160828,0.6842263340950012,0.0,0.0,0.0,0.0,0.0,0.0,0.0,0.0,0.0,0.0,0.0,0.0,0.0,0.0,0.0,0.0,0.0,0.0,0.0,0.0,0.0,0.0,0.0,0.0,0.0,0.0,0.0,0.0,0.0,0.0,0.0,0.0,0.0,0.0,0.0,0.0,0.0,0.0,0.0,0.0,0.0,0.0
0.7781244516372681,0.8614819049835205,0.6846025586128235,0.7769803404808044,0.6421579718589783,0.7091557383537292,0.6061696410179138,0.6635037064552307,0.5796185731887817,0.6121070384979248,0.712092399597168,0.5872686505317688,0.6840186715126038,0.4944806396961212,0.6748413443565369,0.44040966033935547,0.671995222568512,0.39292585849761963,0.7329712510108948,0.5851054787635803,0.7116833329200745,0.4714497923851013,0.6989290118217468,0.40584439039230347,0.6911037564277649,0.3484840989112854,0.7411994934082031,0.6051769256591797,0.6452721953392029,0.5469313859939575,0.6236293315887451,0.6103919148445129,0.6261308193206787,0.65354984998703,0.7351046800613403,0.643048882484436,0.6459354758262634,0.5986751317977905,0.624313473701477,0.64339280128479,0.6269055008888245,0.6818338632583618,0.0,0.0,0.0,0.0,0.0,0.0,0.0,0.0,0.0,0.0,0.0,0.0,0.0,0.0,0.0,0.0,0.0,0.0,0.0,0.0,0.0,0.0,0.0,0.0,0.0,0.0,0.0,0.0,0.0,0.0,0.0,0.0,0.0,0.0,0.0,0.0,0.0,0.0,0.0,0.0,0.0,0.0
0.7771776914596558,0.8609809875488281,0.6843178868293762,0.7766700983047485,0.6419792175292969,0.7081300616264343,0.6060495376586914,0.6627627015113831,0.5791457891464233,0.611763060092926,0.7105724215507507,0.5877611041069031,0.6827973127365112,0.49409937858581543,0.6736405491828918,0.43982017040252686,0.67075514793396,0.39155906438827515,0.7324879169464111,0.585633397102356,0.7105948328971863,0.47248101234436035,0.6979750990867615,0.4060319662094116,0.6907483339309692,0.34901243448257446,0.7413890361785889,0.6056978106498718,0.6466848850250244,0.5476731657981873,0.6243703365325928,0.6114528179168701,0.6264064908027649,0.654967188835144,0.735944926738739,0.6431869268417358,0.6478964686393738,0.5980892181396484,0.6257662773132324,0.6433765292167664,0.6276305913925171,0.6823468804359436,0.0,0.0,0.0,0.0,0.0,0.0,0.0,0.0,0.0,0.0,0.0,0.0,0.0,0.0,0.0,0.0,0.0,0.0,0.0,0.0,0.0,0.0,0.0,0.0,0.0,0.0,0.0,0.0,0.0,0.0,0.0,0.0,0.0,0.0,0.0,0.0,0.0,0.0,0.0,0.0,0.0,0.0
0.7769755125045776,0.8609800934791565,0.6850554347038269,0.7772663831710815,0.6423771381378174,0.7079786062240601,0.6066687703132629,0.6630750298500061,0.5804150700569153,0.6125160455703735,0.7105317115783691,0.5866905450820923,0.6827115416526794,0.49407708644866943,0.6736135482788086,0.4402405619621277,0.6707647442817688,0.3923390507698059,0.7327089905738831,0.584792971611023,0.7110795378684998,0.4720463156700134,0.6983243227005005,0.40567612648010254,0.6909087300300598,0.3488956093788147,0.7417789101600647,0.6052846312522888,0.6468942761421204,0.5475135445594788,0.6249805688858032,0.6111000180244446,0.6273710131645203,0.653827428817749,0.7366124391555786,0.6438734531402588,0.6480995416641235,0.599574089050293,0.6266207098960876,0.6449808478355408,0.6291439533233643,0.6833652853965759,0.0,0.0,0.0,0.0,0.0,0.0,0.0,0.0,0.0,0.0,0.0,0.0,0.0,0.0,0.0,0.0,0.0,0.0,0.0,0.0,0.0,0.0,0.0,0.0,0.0,0.0,0.0,0.0,0.0,0.0,0.0,0.0,0.0,0.0,0.0,0.0,0.0,0.0,0.0,0.0,0.0,0.0
0.7793582081794739,0.8616048097610474,0.685533344745636,0.7769932746887207,0.6431509852409363,0.708647608757019,0.6071423292160034,0.6635090112686157,0.5805355310440063,0.6130146384239197,0.7101982831954956,0.588813304901123,0.6817845702171326,0.4958209991455078,0.6725465655326843,0.4418424963951111,0.6694631576538086,0.3936145305633545,0.7320666909217834,0.5864003896713257,0.7116959095001221,0.4730951488018036,0.6986579298973083,0.40560537576675415,0.6915509104728699,0.34879621863365173,0.7411872744560242,0.6066585779190063,0.6483968496322632,0.5486201047897339,0.6260599493980408,0.6131677627563477,0.6277743577957153,0.6560540795326233,0.7364785075187683,0.6448306441307068,0.6488875150680542,0.5995583534240723,0.6269645690917969,0.6464778780937195,0.6291550397872925,0.6862150430679321,0.0,0.0,0.0,0.0,0.0,0.0,0.0,0.0,0.0,0.0,0.0,0.0,0.0,0.0,0.0,0.0,0.0,0.0,0.0,0.0,0.0,0.0,0.0,0.0,0.0,0.0,0.0,0.0,0.0,0.0,0.0,0.0,0.0,0.0,0.0,0.0,0.0,0.0,0.0,0.0,0.0,0.0
0.7820167541503906,0.8631073236465454,0.6860880851745605,0.7759511470794678,0.6446807980537415,0.7091367840766907,0.6090537309646606,0.6636187434196472,0.5821011662483215,0.6120032668113708,0.7139485478401184,0.5887190103530884,0.6850788593292236,0.4961993098258972,0.6754226684570312,0.44229453802108765,0.6722660660743713,0.3951742947101593,0.734656572341919,0.5861508846282959,0.713506817817688,0.47045207023620605,0.6995908617973328,0.4050186276435852,0.6907143592834473,0.3475332260131836,0.7432141304016113,0.6055158972740173,0.6476832032203674,0.5462462902069092,0.6256998777389526,0.6116949319839478,0.6276955008506775,0.6565143465995789,0.7372248768806458,0.6426280736923218,0.6479150056838989,0.5971882343292236,0.6264362335205078,0.6442880630493164,0.6295205950737,0.685783863067627,0.0,0.0,0.0,0.0,0.0,0.0,0.0,0.0,0.0,0.0,0.0,0.0,0.0,0.0,0.0,0.0,0.0,0.0,0.0,0.0,0.0,0.0,0.0,0.0,0.0,0.0,0.0,0.0,0.0,0.0,0.0,0.0,0.0,0.0,0.0,0.0,0.0,0.0,0.0,0.0,0.0,0.0
0.7802607417106628,0.8616717457771301,0.6854405403137207,0.7750000953674316,0.6441522240638733,0.7077975273132324,0.6081396341323853,0.6624395251274109,0.5807115435600281,0.6117782592773438,0.7129623889923096,0.5880627632141113,0.6840468049049377,0.49430450797080994,0.6758113503456116,0.44031423330307007,0.6736992597579956,0.391422301530838,0.7337904572486877,0.5863838195800781,0.7111793756484985,0.4722532629966736,0.6988552212715149,0.40520453453063965,0.6920682191848755,0.3491789400577545,0.741619348526001,0.6070318222045898,0.6473351120948792,0.5476351976394653,0.6260842084884644,0.6124020218849182,0.6285813450813293,0.6577317714691162,0.7358497381210327,0.6443345546722412,0.6494680643081665,0.5960176587104797,0.6280697584152222,0.6425688862800598,0.6302193999290466,0.6839747428894043,0.0,0.0,0.0,0.0,0.0,0.0,0.0,0.0,0.0,0.0,0.0,0.0,0.0,0.0,0.0,0.0,0.0,0.0,0.0,0.0,0.0,0.0,0.0,0.0,0.0,0.0,0.0,0.0,0.0,0.0,0.0,0.0,0.0,0.0,0.0,0.0,0.0,0.0,0.0,0.0,0.0,0.0
0.783086895942688,0.8626577854156494,0.6870253086090088,0.7754201292991638,0.6453676223754883,0.708580493927002,0.6096305251121521,0.663228452205658,0.5821876525878906,0.611958920955658,0.7145165205001831,0.5883033871650696,0.6860484480857849,0.4948282539844513,0.6768685579299927,0.4411355257034302,0.6741041541099548,0.39381521940231323,0.7347845435142517,0.5853723883628845,0.7131209969520569,0.47067001461982727,0.6999452710151672,0.4050319194793701,0.6917752027511597,0.3477705121040344,0.743144690990448,0.6048160195350647,0.6475783586502075,0.5460114479064941,0.6263629794120789,0.6110383868217468,0.6288224458694458,0.6558133959770203,0.7374436855316162,0.6417596936225891,0.6480968594551086,0.5957299470901489,0.6260362863540649,0.6425845623016357,0.6284917593002319,0.6839517951011658,0.0,0.0,0.0,0.0,0.0,0.0,0.0,0.0,0.0,0.0,0.0,0.0,0.0,0.0,0.0,0.0,0.0,0.0,0.0,0.0,0.0,0.0,0.0,0.0,0.0,0.0,0.0,0.0,0.0,0.0,0.0,0.0,0.0,0.0,0.0,0.0,0.0,0.0,0.0,0.0,0.0,0.0
0.7811599969863892,0.8603858947753906,0.6862562298774719,0.7749332189559937,0.6449739336967468,0.7082585096359253,0.6091389060020447,0.6625081300735474,0.5815935134887695,0.6114442944526672,0.7137296199798584,0.5873333811759949,0.6846639513969421,0.4949148893356323,0.6761108636856079,0.44178640842437744,0.6741449236869812,0.3933996260166168,0.734869122505188,0.5851613879203796,0.7120288610458374,0.47102653980255127,0.6989151239395142,0.4043920040130615,0.6913503408432007,0.34780585765838623,0.7432442903518677,0.6053628921508789,0.6480063199996948,0.5463000535964966,0.6261023283004761,0.6117947101593018,0.6282625794410706,0.6578587889671326,0.7376390099525452,0.642718493938446,0.6506803035736084,0.5953789949417114,0.6288895606994629,0.6426787376403809,0.6308169364929199,0.6847347617149353,0.0,0.0,0.0,0.0,0.0,0.0,0.0,0.0,0.0,0.0,0.0,0.0,0.0,0.0,0.0,0.0,0.0,0.0,0.0,0.0,0.0,0.0,0.0,0.0,0.0,0.0,0.0,0.0,0.0,0.0,0.0,0.0,0.0,0.0,0.0,0.0,0.0,0.0,0.0,0.0,0.0,0.0
0.782351553440094,0.8626499772071838,0.6874334216117859,0.7764399647712708,0.645327091217041,0.7081573009490967,0.6093002557754517,0.6631640195846558,0.5820319056510925,0.6120030879974365,0.7142032384872437,0.588096022605896,0.6851741671562195,0.49498260021209717,0.6764376163482666,0.44085389375686646,0.6741405129432678,0.3922629654407501,0.7352246046066284,0.5856152772903442,0.7123542428016663,0.4718637466430664,0.6996382474899292,0.4048665165901184,0.6923747062683105,0.34772825241088867,0.7437103390693665,0.6057578921318054,0.6481472849845886,0.5479834079742432,0.6271771788597107,0.6131330132484436,0.6298107504844666,0.6574286222457886,0.7384064197540283,0.6436976194381714,0.6500846743583679,0.5985139608383179,0.6292269229888916,0.6454356908798218,0.6321344971656799,0.6860800385475159,0.0,0.0,0.0,0.0,0.0,0.0,0.0,0.0,0.0,0.0,0.0,0.0,0.0,0.0,0.0,0.0,0.0,0.0,0.0,0.0,0.0,0.0,0.0,0.0,0.0,0.0,0.0,0.0,0.0,0.0,0.0,0.0,0.0,0.0,0.0,0.0,0.0,0.0,0.0,0.0,0.0,0.0
0.7835140228271484,0.8621722459793091,0.687914252281189,0.7751332521438599,0.6463555693626404,0.7084296345710754,0.6102481484413147,0.662639856338501,0.5825687050819397,0.6114447712898254,0.7154377698898315,0.5873823761940002,0.6863620281219482,0.4940575957298279,0.6771740317344666,0.4404224753379822,0.6744862794876099,0.3931734561920166,0.7358779311180115,0.5844813585281372,0.7133762836456299,0.4704277515411377,0.7003499865531921,0.40537136793136597,0.692104160785675,0.34943094849586487,0.7441699504852295,0.6040019392967224,0.6482130289077759,0.5458914041519165,0.6272587776184082,0.611415445804596,0.6296408772468567,0.6567660570144653,0.738109827041626,0.6408963203430176,0.6488516330718994,0.5955972075462341,0.6270386576652527,0.6425371170043945,0.6291394233703613,0.6841232776641846,0.0,0.0,0.0,0.0,0.0,0.0,0.0,0.0,0.0,0.0,0.0,0.0,0.0,0.0,0.0,0.0,0.0,0.0,0.0,0.0,0.0,0.0,0.0,0.0,0.0,0.0,0.0,0.0,0.0,0.0,0.0,0.0,0.0,0.0,0.0,0.0,0.0,0.0,0.0,0.0,0.0,0.0
0.7832714319229126,0.8615676164627075,0.6885346174240112,0.7746803164482117,0.6463958621025085,0.7077320218086243,0.6102433800697327,0.6621680855751038,0.5830008387565613,0.6114736795425415,0.7147369384765625,0.58711177110672,0.6856086850166321,0.49391406774520874,0.6765974760055542,0.4403935372829437,0.6741133332252502,0.3926001489162445,0.7358797192573547,0.5848166346549988,0.7133265137672424,0.47029945254325867,0.7004401087760925,0.40482550859451294,0.6927196979522705,0.34913212060928345,0.7443172931671143,0.6050609350204468,0.648796558380127,0.5467069149017334,0.6269374489784241,0.6121251583099365,0.6291109919548035,0.6580518484115601,0.7385478019714355,0.6427720189094543,0.6513766646385193,0.596695065498352,0.6292862892150879,0.6431471705436707,0.6306883096694946,0.6848287582397461,0.0,0.0,0.0,0.0,0.0,0.0,0.0,0.0,0.0,0.0,0.0,0.0,0.0,0.0,0.0,0.0,0.0,0.0,0.0,0.0,0.0,0.0,0.0,0.0,0.0,0.0,0.0,0.0,0.0,0.0,0.0,0.0,0.0,0.0,0.0,0.0,0.0,0.0,0.0,0.0,0.0,0.0
0.7833064794540405,0.8613724708557129,0.6882044672966003,0.7741536498069763,0.6460092067718506,0.7075711488723755,0.6101613640785217,0.6619323492050171,0.5826148390769958,0.6112240552902222,0.7141968607902527,0.5867141485214233,0.6860886216163635,0.4941188097000122,0.6774073243141174,0.44040852785110474,0.6750321388244629,0.3927658796310425,0.7355427145957947,0.5844762325286865,0.713990330696106,0.4705016016960144,0.7011333107948303,0.40526482462882996,0.6932297348976135,0.3491537868976593,0.7445349097251892,0.6047828793525696,0.6490949988365173,0.5462684035301208,0.627186119556427,0.6116757988929749,0.6293473839759827,0.656989336013794,0.7394068837165833,0.6429721117019653,0.6516881585121155,0.5975345373153687,0.6293559670448303,0.6439399123191833,0.6310311555862427,0.6852943301200867,0.0,0.0,0.0,0.0,0.0,0.0,0.0,0.0,0.0,0.0,0.0,0.0,0.0,0.0,0.0,0.0,0.0,0.0,0.0,0.0,0.0,0.0,0.0,0.0,0.0,0.0,0.0,0.0,0.0,0.0,0.0,0.0,0.0,0.0,0.0,0.0,0.0,0.0,0.0,0.0,0.0,0.0
0.7837570905685425,0.8600844144821167,0.6880587339401245,0.772584080696106,0.6458758115768433,0.7068389654159546,0.6100763082504272,0.6615703105926514,0.5826252698898315,0.611099362373352,0.7140904664993286,0.5857327580451965,0.6864041686058044,0.4935537278652191,0.6782584190368652,0.44022440910339355,0.6762511730194092,0.3929704427719116,0.7355838418006897,0.5836272239685059,0.7147256135940552,0.4694322943687439,0.7015626430511475,0.4042552411556244,0.6931569576263428,0.3482532799243927,0.7445453405380249,0.6042133569717407,0.6496957540512085,0.5453681945800781,0.6277707815170288,0.6103379726409912,0.6296197175979614,0.6554012298583984,0.7393404245376587,0.6427856683731079,0.6520101428031921,0.5967484712600708,0.6298595666885376,0.6431540250778198,0.6316890716552734,0.6845194697380066,0.0,0.0,0.0,0.0,0.0,0.0,0.0,0.0,0.0,0.0,0.0,0.0,0.0,0.0,0.0,0.0,0.0,0.0,0.0,0.0,0.0,0.0,0.0,0.0,0.0,0.0,0.0,0.0,0.0,0.0,0.0,0.0,0.0,0.0,0.0,0.0,0.0,0.0,0.0,0.0,0.0,0.0
0.7842397093772888,0.8616605997085571,0.6884655952453613,0.7740164995193481,0.6467158794403076,0.7071112394332886,0.6109606623649597,0.661335825920105,0.5833322405815125,0.61119544506073,0.7156180143356323,0.5865651369094849,0.6867867112159729,0.49444061517715454,0.6781162023544312,0.44145241379737854,0.675697386264801,0.3939051926136017,0.7364253401756287,0.5838196277618408,0.7143788933753967,0.46902740001678467,0.7005965113639832,0.403587281703949,0.6918137073516846,0.3485803008079529,0.7447800636291504,0.6041625142097473,0.6486433744430542,0.5469269752502441,0.6272048950195312,0.6124684810638428,0.6296370625495911,0.6578106880187988,0.739043653011322,0.6422358751296997,0.6517059803009033,0.5967050790786743,0.6310231685638428,0.6438159346580505,0.6339524984359741,0.6856134533882141,0.0,0.0,0.0,0.0,0.0,0.0,0.0,0.0,0.0,0.0,0.0,0.0,0.0,0.0,0.0,0.0,0.0,0.0,0.0,0.0,0.0,0.0,0.0,0.0,0.0,0.0,0.0,0.0,0.0,0.0,0.0,0.0,0.0,0.0,0.0,0.0,0.0,0.0,0.0,0.0,0.0,0.0
0.7851903438568115,0.8635269403457642,0.6899330019950867,0.7753965854644775,0.647365927696228,0.7073550224304199,0.6116250157356262,0.6613664627075195,0.5842898488044739,0.6109734177589417,0.7162988781929016,0.5872591733932495,0.6877291202545166,0.4953366816043854,0.6791865825653076,0.44278544187545776,0.6771756410598755,0.39514586329460144,0.7375354170799255,0.5842560529708862,0.7155984044075012,0.46970295906066895,0.7028549909591675,0.40445441007614136,0.6949927806854248,0.3484027087688446,0.7462829351425171,0.6043027639389038,0.6498913168907166,0.5468640327453613,0.6275198459625244,0.6132918000221252,0.6295471787452698,0.659335196018219,0.7407084703445435,0.642103910446167,0.6527213454246521,0.5958586931228638,0.6313720345497131,0.642895519733429,0.6337331533432007,0.6849671006202698,0.0,0.0,0.0,0.0,0.0,0.0,0.0,0.0,0.0,0.0,0.0,0.0,0.0,0.0,0.0,0.0,0.0,0.0,0.0,0.0,0.0,0.0,0.0,0.0,0.0,0.0,0.0,0.0,0.0,0.0,0.0,0.0,0.0,0.0,0.0,0.0,0.0,0.0,0.0,0.0,0.0,0.0
0.7851106524467468,0.8618206977844238,0.6890247464179993,0.7742329239845276,0.6473694443702698,0.7072608470916748,0.6119539141654968,0.6606667041778564,0.5845451951026917,0.610185444355011,0.7159278988838196,0.5870003700256348,0.6882942318916321,0.49399128556251526,0.6807869076728821,0.4403291940689087,0.6795701384544373,0.3919648826122284,0.7376474738121033,0.584806501865387,0.7159300446510315,0.46989789605140686,0.7035137414932251,0.4031803607940674,0.6963505744934082,0.34669771790504456,0.7465201020240784,0.6053902506828308,0.6511183381080627,0.5466278195381165,0.6290854215621948,0.611958384513855,0.631479799747467,0.6580105423927307,0.7410622239112854,0.6432716250419617,0.6538402438163757,0.5958770513534546,0.632485032081604,0.6427809000015259,0.6351416110992432,0.6849342584609985,0.0,0.0,0.0,0.0,0.0,0.0,0.0,0.0,0.0,0.0,0.0,0.0,0.0,0.0,0.0,0.0,0.0,0.0,0.0,0.0,0.0,0.0,0.0,0.0,0.0,0.0,0.0,0.0,0.0,0.0,0.0,0.0,0.0,0.0,0.0,0.0,0.0,0.0,0.0,0.0,0.0,0.0
0.785654604434967,0.8629403710365295,0.6902390718460083,0.7756003141403198,0.6487773060798645,0.7074974775314331,0.6133334636688232,0.6610102653503418,0.5860301852226257,0.610535740852356,0.7204749584197998,0.5860846638679504,0.6921937465667725,0.4931759238243103,0.6838375926017761,0.4397960901260376,0.6820548176765442,0.39163175225257874,0.7411985397338867,0.584287166595459,0.7173579931259155,0.4702962636947632,0.7044857144355774,0.4048287868499756,0.6967995166778564,0.3489297926425934,0.7487035393714905,0.6052843332290649,0.650899350643158,0.5476771593093872,0.6288022994995117,0.6131821274757385,0.6315617561340332,0.659466564655304,0.7413867115974426,0.6433197259902954,0.6537761092185974,0.5969743728637695,0.6321211457252502,0.6430827975273132,0.6342154741287231,0.68475341796875,0.0,0.0,0.0,0.0,0.0,0.0,0.0,0.0,0.0,0.0,0.0,0.0,0.0,0.0,0.0,0.0,0.0,0.0,0.0,0.0,0.0,0.0,0.0,0.0,0.0,0.0,0.0,0.0,0.0,0.0,0.0,0.0,0.0,0.0,0.0,0.0,0.0,0.0,0.0,0.0,0.0,0.0
0.7860370874404907,0.8626764416694641,0.6901503801345825,0.7761570811271667,0.6476761102676392,0.707741379737854,0.6117030382156372,0.6622458696365356,0.5847530364990234,0.6107916831970215,0.7155554294586182,0.5877057313919067,0.6888447403907776,0.4929073750972748,0.680559515953064,0.4381561875343323,0.6784226298332214,0.39000403881073,0.7374454736709595,0.5857478976249695,0.7164057493209839,0.47222572565078735,0.7041085958480835,0.40604400634765625,0.6973543167114258,0.3490910828113556,0.7468382716178894,0.6056180596351624,0.653998613357544,0.5465666055679321,0.6311016082763672,0.6115754246711731,0.632712721824646,0.6568011045455933,0.7417865991592407,0.6426774859428406,0.656512439250946,0.5945486426353455,0.633656919002533,0.6405282616615295,0.6348650455474854,0.6817680597305298,0.0,0.0,0.0,0.0,0.0,0.0,0.0,0.0,0.0,0.0,0.0,0.0,0.0,0.0,0.0,0.0,0.0,0.0,0.0,0.0,0.0,0.0,0.0,0.0,0.0,0.0,0.0,0.0,0.0,0.0,0.0,0.0,0.0,0.0,0.0,0.0,0.0,0.0,0.0,0.0,0.0,0.0
0.7864211797714233,0.8615613579750061,0.6902189254760742,0.7748285531997681,0.6491566300392151,0.7069316506385803,0.6146923303604126,0.6595473885536194,0.5877999067306519,0.6105369925498962,0.7194580435752869,0.5858646631240845,0.691973865032196,0.4924951195716858,0.6829347014427185,0.4383983612060547,0.6802321076393127,0.39082106947898865,0.7410946488380432,0.5845216512680054,0.7190970778465271,0.46960073709487915,0.705200731754303,0.4043310284614563,0.696292519569397,0.3484775125980377,0.7497158050537109,0.6050459742546082,0.6537439823150635,0.5457990765571594,0.6299558877944946,0.6094704866409302,0.6308521032333374,0.6551042795181274,0.7435005903244019,0.6435386538505554,0.6551635265350342,0.5964428782463074,0.6318681836128235,0.6422457695007324,0.6328089833259583,0.683753490447998,0.0,0.0,0.0,0.0,0.0,0.0,0.0,0.0,0.0,0.0,0.0,0.0,0.0,0.0,0.0,0.0,0.0,0.0,0.0,0.0,0.0,0.0,0.0,0.0,0.0,0.0,0.0,0.0,0.0,0.0,0.0,0.0,0.0,0.0,0.0,0.0,0.0,0.0,0.0,0.0,0.0,0.0
0.7856969237327576,0.8625726103782654,0.6911266446113586,0.7750434875488281,0.6495522260665894,0.7054000496864319,0.614192008972168,0.6599432229995728,0.5851429104804993,0.6094345450401306,0.7175970077514648,0.5869798064231873,0.6893317103385925,0.4924676716327667,0.6806038022041321,0.43826454877853394,0.6778796315193176,0.38951417803764343,0.7398731112480164,0.585918128490448,0.7172669172286987,0.47248750925064087,0.7050328850746155,0.40649402141571045,0.6979568004608154,0.35048210620880127,0.7487919330596924,0.607288658618927,0.6549293994903564,0.548088788986206,0.6322077512741089,0.6134868860244751,0.6336484551429749,0.6593759059906006,0.7433057427406311,0.645796000957489,0.6589495539665222,0.5959608554840088,0.6363115310668945,0.6421619057655334,0.6367620229721069,0.6842304468154907,0.0,0.0,0.0,0.0,0.0,0.0,0.0,0.0,0.0,0.0,0.0,0.0,0.0,0.0,0.0,0.0,0.0,0.0,0.0,0.0,0.0,0.0,0.0,0.0,0.0,0.0,0.0,0.0,0.0,0.0,0.0,0.0,0.0,0.0,0.0,0.0,0.0,0.0,0.0,0.0,0.0,0.0
