1.024817943572998,0.5070115327835083,0.9575867652893066,0.42877328395843506,0.8905463814735413,0.4057464599609375,0.8452044725418091,0.4384728670120239,0.8047127723693848,0.4747928977012634,0.8752961158752441,0.3963434100151062,0.7974615097045898,0.3649749457836151,0.7326741218566895,0.34521302580833435,0.6795678734779358,0.33716610074043274,0.9001182913780212,0.46923017501831055,0.7887758612632751,0.5108412504196167,0.7143785357475281,0.5432212948799133,0.6594606637954712,0.5769200921058655,0.9139881134033203,0.5504945516586304,0.8237336874008179,0.5606664419174194,0.8407058715820312,0.5365964770317078,0.867464005947113,0.5237882137298584,0.9215131998062134,0.6083083748817444,0.8440479636192322,0.6023054718971252,0.8559243083000183,0.5784832835197449,0.8753023743629456,0.566478431224823,0.0,0.0,0.0,0.0,0.0,0.0,0.0,0.0,0.0,0.0,0.0,0.0,0.0,0.0,0.0,0.0,0.0,0.0,0.0,0.0,0.0,0.0,0.0,0.0,0.0,0.0,0.0,0.0,0.0,0.0,0.0,0.0,0.0,0.0,0.0,0.0,0.0,0.0,0.0,0.0,0.0,0.0
1.0150818824768066,0.49898096919059753,0.9426947832107544,0.42021241784095764,0.878017008304596,0.40035948157310486,0.8329023718833923,0.4294579029083252,0.7890902161598206,0.4624752700328827,0.862088143825531,0.38898685574531555,0.7864320278167725,0.3652932643890381,0.7253016829490662,0.35012286901474,0.6745922565460205,0.3467649221420288,0.885546863079071,0.4644939601421356,0.7747873067855835,0.5112284421920776,0.7073602676391602,0.5455765724182129,0.6540059447288513,0.5792771577835083,0.8964348435401917,0.5450161099433899,0.8177099227905273,0.5613945126533508,0.8415662050247192,0.5415894985198975,0.8689356446266174,0.5281757116317749,0.902562141418457,0.6012732982635498,0.8429876565933228,0.6022417545318604,0.8575963377952576,0.5817310810089111,0.8754969239234924,0.5664545297622681,0.0,0.0,0.0,0.0,0.0,0.0,0.0,0.0,0.0,0.0,0.0,0.0,0.0,0.0,0.0,0.0,0.0,0.0,0.0,0.0,0.0,0.0,0.0,0.0,0.0,0.0,0.0,0.0,0.0,0.0,0.0,0.0,0.0,0.0,0.0,0.0,0.0,0.0,0.0,0.0,0.0,0.0
1.0143446922302246,0.5045425295829773,0.9445763826370239,0.4249066710472107,0.8772419095039368,0.40249350666999817,0.8305053114891052,0.43236035108566284,0.7883473038673401,0.46640875935554504,0.8617604374885559,0.3918079137802124,0.7828933596611023,0.3686673045158386,0.7205721139907837,0.3512703776359558,0.6699835062026978,0.3461669683456421,0.8861066102981567,0.46807605028152466,0.7704871892929077,0.5170326232910156,0.7002159357070923,0.5487862825393677,0.6454622745513916,0.5812042355537415,0.8984900116920471,0.5495215058326721,0.8122506141662598,0.5664010047912598,0.8320292830467224,0.5426981449127197,0.8590690493583679,0.5280497670173645,0.9056366682052612,0.6073834896087646,0.8382521271705627,0.6038932800292969,0.8505122661590576,0.580590546131134,0.8679244518280029,0.5638759136199951,0.0,0.0,0.0,0.0,0.0,0.0,0.0,0.0,0.0,0.0,0.0,0.0,0.0,0.0,0.0,0.0,0.0,0.0,0.0,0.0,0.0,0.0,0.0,0.0,0.0,0.0,0.0,0.0,0.0,0.0,0.0,0.0,0.0,0.0,0.0,0.0,0.0,0.0,0.0,0.0,0.0,0.0
1.0134278535842896,0.51997971534729,0.9471573829650879,0.43282845616340637,0.8781554102897644,0.40723392367362976,0.8275893926620483,0.43768322467803955,0.7823147177696228,0.470071017742157,0.8563414216041565,0.3942357301712036,0.7724095582962036,0.3752579092979431,0.7103019952774048,0.36047598719596863,0.6581597924232483,0.35729289054870605,0.8765162229537964,0.4732687175273895,0.7616693377494812,0.5238541960716248,0.6929578185081482,0.5558150410652161,0.6381286382675171,0.586370050907135,0.8875925540924072,0.5560293197631836,0.8040036559104919,0.5679810047149658,0.8226326107978821,0.5448271036148071,0.8499128818511963,0.5309279561042786,0.8943904042243958,0.615261971950531,0.8253827691078186,0.6070559024810791,0.8277561068534851,0.58263099193573,0.8342393636703491,0.5641250610351562,0.0,0.0,0.0,0.0,0.0,0.0,0.0,0.0,0.0,0.0,0.0,0.0,0.0,0.0,0.0,0.0,0.0,0.0,0.0,0.0,0.0,0.0,0.0,0.0,0.0,0.0,0.0,0.0,0.0,0.0,0.0,0.0,0.0,0.0,0.0,0.0,0.0,0.0,0.0,0.0,0.0,0.0
1.0282139778137207,0.5231735110282898,0.967892050743103,0.43654555082321167,0.8908634781837463,0.41004931926727295,0.8351051211357117,0.4503386318683624,0.7949733734130859,0.49531984329223633,0.8701894283294678,0.3959008753299713,0.7759836316108704,0.3787795305252075,0.714500904083252,0.3609800934791565,0.6620146036148071,0.35260239243507385,0.887103796005249,0.4745528995990753,0.7647668123245239,0.5293140411376953,0.6935520172119141,0.5556612610816956,0.6366299390792847,0.5797733664512634,0.8991779088973999,0.5571177005767822,0.8023489117622375,0.5774242877960205,0.8150102496147156,0.5538396835327148,0.8448264598846436,0.5366879105567932,0.9054557085037231,0.6221123933792114,0.8038941621780396,0.629253625869751,0.7652227282524109,0.618224024772644,0.7419331669807434,0.6022825241088867,0.0,0.0,0.0,0.0,0.0,0.0,0.0,0.0,0.0,0.0,0.0,0.0,0.0,0.0,0.0,0.0,0.0,0.0,0.0,0.0,0.0,0.0,0.0,0.0,0.0,0.0,0.0,0.0,0.0,0.0,0.0,0.0,0.0,0.0,0.0,0.0,0.0,0.0,0.0,0.0,0.0,0.0
1.033476710319519,0.5269606113433838,0.9723005890846252,0.4387379586696625,0.8929286599159241,0.4153662323951721,0.833899199962616,0.4550008773803711,0.7946178317070007,0.5006933808326721,0.8747830986976624,0.40000173449516296,0.7752668261528015,0.3782406449317932,0.7126160860061646,0.36386311054229736,0.6594362258911133,0.35799187421798706,0.8886865377426147,0.47797638177871704,0.7628844976425171,0.52951580286026,0.69273841381073,0.5594693422317505,0.635809600353241,0.5873275995254517,0.9006136655807495,0.5586773157119751,0.8009385466575623,0.5804449319839478,0.8189165592193604,0.5559822916984558,0.851688027381897,0.5381035208702087,0.9067397713661194,0.6244072914123535,0.8002216815948486,0.6368695497512817,0.753930389881134,0.628838837146759,0.7217592597007751,0.6138342022895813,0.0,0.0,0.0,0.0,0.0,0.0,0.0,0.0,0.0,0.0,0.0,0.0,0.0,0.0,0.0,0.0,0.0,0.0,0.0,0.0,0.0,0.0,0.0,0.0,0.0,0.0,0.0,0.0,0.0,0.0,0.0,0.0,0.0,0.0,0.0,0.0,0.0,0.0,0.0,0.0,0.0,0.0
1.0341131687164307,0.5239115357398987,0.9733290672302246,0.44095227122306824,0.8964648842811584,0.4203003942966461,0.8380928635597229,0.465349018573761,0.8003921508789062,0.5143086314201355,0.8752159476280212,0.39853930473327637,0.7737508416175842,0.3793606758117676,0.7102181315422058,0.3671222925186157,0.6570428609848022,0.3604643940925598,0.8889032602310181,0.47820860147476196,0.7616701722145081,0.5306144952774048,0.6891688704490662,0.5600656867027283,0.6308151483535767,0.5861380696296692,0.8985585570335388,0.5575470924377441,0.7971187829971313,0.578117847442627,0.8099557757377625,0.5569144487380981,0.8382858037948608,0.5427616238594055,0.904187798500061,0.620866060256958,0.8095747232437134,0.627882719039917,0.7822203636169434,0.6145828366279602,0.7663568258285522,0.5982270240783691,0.0,0.0,0.0,0.0,0.0,0.0,0.0,0.0,0.0,0.0,0.0,0.0,0.0,0.0,0.0,0.0,0.0,0.0,0.0,0.0,0.0,0.0,0.0,0.0,0.0,0.0,0.0,0.0,0.0,0.0,0.0,0.0,0.0,0.0,0.0,0.0,0.0,0.0,0.0,0.0,0.0,0.0
1.032619595527649,0.5317139029502869,0.9759840965270996,0.4428299069404602,0.8953458666801453,0.41613614559173584,0.8315032124519348,0.4558566212654114,0.7934959530830383,0.5032602548599243,0.8761170506477356,0.398220956325531,0.7706968784332275,0.3761405348777771,0.7079014778137207,0.3650747537612915,0.6567743420600891,0.35543569922447205,0.8876997828483582,0.4782428741455078,0.7601171135902405,0.5278244018554688,0.6874578595161438,0.5569794178009033,0.6318749189376831,0.5813063979148865,0.8984596729278564,0.5552020072937012,0.7960873246192932,0.5771129727363586,0.8101372718811035,0.5547924041748047,0.8392866253852844,0.5399982333183289,0.9050617814064026,0.6179598569869995,0.8039975762367249,0.6275601387023926,0.7724025845527649,0.6170080900192261,0.7542918920516968,0.6057451963424683,0.0,0.0,0.0,0.0,0.0,0.0,0.0,0.0,0.0,0.0,0.0,0.0,0.0,0.0,0.0,0.0,0.0,0.0,0.0,0.0,0.0,0.0,0.0,0.0,0.0,0.0,0.0,0.0,0.0,0.0,0.0,0.0,0.0,0.0,0.0,0.0,0.0,0.0,0.0,0.0,0.0,0.0
1.039297342300415,0.533038318157196,0.9805375337600708,0.44473370909690857,0.9004985094070435,0.42072421312332153,0.8374441862106323,0.4621483385562897,0.8008856773376465,0.5081616044044495,0.8749730587005615,0.400198757648468,0.7715911269187927,0.37668097019195557,0.7079676389694214,0.3646364212036133,0.6560860872268677,0.3556647300720215,0.8861159682273865,0.4790041446685791,0.7613834142684937,0.5256686210632324,0.6907726526260376,0.5545854568481445,0.6344835162162781,0.5791330933570862,0.8969554901123047,0.5558638572692871,0.7974210381507874,0.576022744178772,0.8149001598358154,0.5559565424919128,0.8453947901725769,0.5420966148376465,0.9033660292625427,0.61916184425354,0.8005765676498413,0.6330446600914001,0.7583868503570557,0.6264016628265381,0.7290915250778198,0.6159086227416992,0.0,0.0,0.0,0.0,0.0,0.0,0.0,0.0,0.0,0.0,0.0,0.0,0.0,0.0,0.0,0.0,0.0,0.0,0.0,0.0,0.0,0.0,0.0,0.0,0.0,0.0,0.0,0.0,0.0,0.0,0.0,0.0,0.0,0.0,0.0,0.0,0.0,0.0,0.0,0.0,0.0,0.0
1.0345855951309204,0.5225582122802734,0.9731817245483398,0.43791016936302185,0.8926454782485962,0.41203659772872925,0.8295384645462036,0.44745326042175293,0.7902061939239502,0.492576003074646,0.8714951276779175,0.3932770788669586,0.7665700912475586,0.3753938674926758,0.7032027244567871,0.36365705728530884,0.6511522531509399,0.3561546802520752,0.8853620886802673,0.47305649518966675,0.7562592625617981,0.5238672494888306,0.6855728626251221,0.5537065863609314,0.6304343938827515,0.5800070762634277,0.8965044021606445,0.5519561767578125,0.7949405312538147,0.5749292373657227,0.8112884759902954,0.5563288927078247,0.8413301110267639,0.5449149012565613,0.9049529433250427,0.6160288453102112,0.8144181370735168,0.6195918321609497,0.7958905696868896,0.6040449738502502,0.7863821387290955,0.5891778469085693,0.0,0.0,0.0,0.0,0.0,0.0,0.0,0.0,0.0,0.0,0.0,0.0,0.0,0.0,0.0,0.0,0.0,0.0,0.0,0.0,0.0,0.0,0.0,0.0,0.0,0.0,0.0,0.0,0.0,0.0,0.0,0.0,0.0,0.0,0.0,0.0,0.0,0.0,0.0,0.0,0.0,0.0
1.0414659976959229,0.5277754068374634,0.9821022748947144,0.4384506642818451,0.8993958830833435,0.41209596395492554,0.8344428539276123,0.4507739841938019,0.7968907356262207,0.4962809085845947,0.8767680525779724,0.39570438861846924,0.7701221704483032,0.3743523359298706,0.7058087587356567,0.36491698026657104,0.6532518863677979,0.35720759630203247,0.8861283659934998,0.47561559081077576,0.7590139508247375,0.522415280342102,0.6887128949165344,0.551328182220459,0.6334137916564941,0.575641930103302,0.896975040435791,0.5528972148895264,0.7955419421195984,0.5763612389564514,0.8121071457862854,0.5566094517707825,0.8424709439277649,0.5432729721069336,0.9040461778640747,0.6166519522666931,0.8010119795799255,0.6293931603431702,0.7573657631874084,0.6247944235801697,0.727728009223938,0.6184114813804626,0.0,0.0,0.0,0.0,0.0,0.0,0.0,0.0,0.0,0.0,0.0,0.0,0.0,0.0,0.0,0.0,0.0,0.0,0.0,0.0,0.0,0.0,0.0,0.0,0.0,0.0,0.0,0.0,0.0,0.0,0.0,0.0,0.0,0.0,0.0,0.0,0.0,0.0,0.0,0.0,0.0,0.0
1.0367809534072876,0.5239070653915405,0.977037787437439,0.4360697865486145,0.8946434855461121,0.40847089886665344,0.8292685151100159,0.44212162494659424,0.7904439568519592,0.48510971665382385,0.8749153017997742,0.3918393552303314,0.7687893509864807,0.3711532950401306,0.7042205333709717,0.3590748906135559,0.6518319249153137,0.34951770305633545,0.8872071504592896,0.46999239921569824,0.7583641409873962,0.5189984440803528,0.6873857378959656,0.5480787754058838,0.6315194964408875,0.5731576681137085,0.8988222479820251,0.5462092757225037,0.7953202128410339,0.5735320448875427,0.8096975088119507,0.5585117340087891,0.8390634655952454,0.5473794937133789,0.9067090749740601,0.6096068620681763,0.8028595447540283,0.6272165775299072,0.7631109952926636,0.6216640472412109,0.7370571494102478,0.6121703386306763,0.0,0.0,0.0,0.0,0.0,0.0,0.0,0.0,0.0,0.0,0.0,0.0,0.0,0.0,0.0,0.0,0.0,0.0,0.0,0.0,0.0,0.0,0.0,0.0,0.0,0.0,0.0,0.0,0.0,0.0,0.0,0.0,0.0,0.0,0.0,0.0,0.0,0.0,0.0,0.0,0.0,0.0
1.0341497659683228,0.5184168219566345,0.97517329454422,0.43189454078674316,0.8940094113349915,0.4090638756752014,0.8296306729316711,0.4498659670352936,0.7947357296943665,0.4988233745098114,0.8735008239746094,0.39126354455947876,0.7669490575790405,0.3707696199417114,0.7035156488418579,0.3600940704345703,0.652100682258606,0.35127973556518555,0.8837208151817322,0.472101628780365,0.7563101649284363,0.5210567116737366,0.6864491701126099,0.5503054261207581,0.6326389312744141,0.5760712623596191,0.8937588334083557,0.5484442114830017,0.7958786487579346,0.5689534544944763,0.8125221133232117,0.5463757514953613,0.8415230512619019,0.5336332321166992,0.9009717702865601,0.6103041768074036,0.8081689476966858,0.6199102997779846,0.7828970551490784,0.6071098446846008,0.7678531408309937,0.5951198935508728,0.0,0.0,0.0,0.0,0.0,0.0,0.0,0.0,0.0,0.0,0.0,0.0,0.0,0.0,0.0,0.0,0.0,0.0,0.0,0.0,0.0,0.0,0.0,0.0,0.0,0.0,0.0,0.0,0.0,0.0,0.0,0.0,0.0,0.0,0.0,0.0,0.0,0.0,0.0,0.0,0.0,0.0
1.0377168655395508,0.524171769618988,0.9792529940605164,0.43449437618255615,0.89638352394104,0.4086642563343048,0.8313032388687134,0.44879958033561707,0.7949463129043579,0.49602556228637695,0.8750101327896118,0.3912057876586914,0.7694928646087646,0.36940455436706543,0.705295205116272,0.356911838054657,0.6530553102493286,0.34665095806121826,0.8847088813781738,0.4704611003398895,0.7609491348266602,0.5163227915763855,0.68922358751297,0.5453039407730103,0.6333670616149902,0.5717187523841858,0.8955432772636414,0.5470486879348755,0.7978359460830688,0.5711833834648132,0.8135037422180176,0.5491747856140137,0.8432940244674683,0.5347188115119934,0.902884304523468,0.6102814674377441,0.8033852577209473,0.625152051448822,0.7662332653999329,0.618502676486969,0.741807758808136,0.6097707748413086,0.0,0.0,0.0,0.0,0.0,0.0,0.0,0.0,0.0,0.0,0.0,0.0,0.0,0.0,0.0,0.0,0.0,0.0,0.0,0.0,0.0,0.0,0.0,0.0,0.0,0.0,0.0,0.0,0.0,0.0,0.0,0.0,0.0,0.0,0.0,0.0,0.0,0.0,0.0,0.0,0.0,0.0
1.0357074737548828,0.5159893035888672,0.9767442941665649,0.43146950006484985,0.8960968852043152,0.40858590602874756,0.8330284357070923,0.4490344226360321,0.7986220717430115,0.4991145730018616,0.8738937973976135,0.38802939653396606,0.7681146860122681,0.3656059503555298,0.704056441783905,0.3527577519416809,0.6526222825050354,0.3419993221759796,0.8845141530036926,0.4670185446739197,0.7574469447135925,0.5142390131950378,0.6866726875305176,0.5421372652053833,0.632131814956665,0.5664734840393066,0.895232617855072,0.5426077246665955,0.7975854873657227,0.5673570036888123,0.8130254745483398,0.5477550625801086,0.8414087891578674,0.5356240272521973,0.9033418893814087,0.6049075722694397,0.8119391798973083,0.6157547831535339,0.7883950471878052,0.604767382144928,0.7749052047729492,0.5935928821563721,0.0,0.0,0.0,0.0,0.0,0.0,0.0,0.0,0.0,0.0,0.0,0.0,0.0,0.0,0.0,0.0,0.0,0.0,0.0,0.0,0.0,0.0,0.0,0.0,0.0,0.0,0.0,0.0,0.0,0.0,0.0,0.0,0.0,0.0,0.0,0.0,0.0,0.0,0.0,0.0,0.0,0.0
1.0392181873321533,0.5236377716064453,0.9802026748657227,0.43389207124710083,0.8973372578620911,0.4062088131904602,0.831169068813324,0.4431229829788208,0.791708767414093,0.48713594675064087,0.8738135099411011,0.3886174261569977,0.7698190212249756,0.36509519815444946,0.7056940197944641,0.352009654045105,0.6530506610870361,0.34157735109329224,0.8844984173774719,0.46629926562309265,0.7608378529548645,0.5133979916572571,0.6884968876838684,0.5423898100852966,0.6306053400039673,0.566182017326355,0.8958671689033508,0.5433099269866943,0.7955423593521118,0.5692393779754639,0.8117814064025879,0.552076518535614,0.8422031998634338,0.5389369130134583,0.9028679728507996,0.6081185340881348,0.7987613677978516,0.6259170770645142,0.7520865797996521,0.6246619820594788,0.7185561060905457,0.6193827986717224,0.0,0.0,0.0,0.0,0.0,0.0,0.0,0.0,0.0,0.0,0.0,0.0,0.0,0.0,0.0,0.0,0.0,0.0,0.0,0.0,0.0,0.0,0.0,0.0,0.0,0.0,0.0,0.0,0.0,0.0,0.0,0.0,0.0,0.0,0.0,0.0,0.0,0.0,0.0,0.0,0.0,0.0
1.0356693267822266,0.5184141993522644,0.9766829013824463,0.43208202719688416,0.894821286201477,0.405501127243042,0.8290393352508545,0.4388893246650696,0.7911425828933716,0.48330777883529663,0.8722524046897888,0.3856929540634155,0.7677026987075806,0.3642928898334503,0.703904926776886,0.3523385524749756,0.6521587371826172,0.34369146823883057,0.8834684491157532,0.46340835094451904,0.7555495500564575,0.5129740238189697,0.6853476762771606,0.5431250333786011,0.6295590400695801,0.5684086680412292,0.8949059247970581,0.5401525497436523,0.7955964207649231,0.5678038597106934,0.810616135597229,0.5535553693771362,0.838452160358429,0.5437413454055786,0.9027694463729858,0.6048005223274231,0.80299311876297,0.6225715279579163,0.7656937837600708,0.6186469197273254,0.7401089072227478,0.6115930080413818,0.0,0.0,0.0,0.0,0.0,0.0,0.0,0.0,0.0,0.0,0.0,0.0,0.0,0.0,0.0,0.0,0.0,0.0,0.0,0.0,0.0,0.0,0.0,0.0,0.0,0.0,0.0,0.0,0.0,0.0,0.0,0.0,0.0,0.0,0.0,0.0,0.0,0.0,0.0,0.0,0.0,0.0
1.037419080734253,0.5149316787719727,0.9773419499397278,0.4291459918022156,0.8951542973518372,0.4051114320755005,0.8289637565612793,0.4429353177547455,0.7909473180770874,0.4899667799472809,0.8719387054443359,0.38379645347595215,0.7674084901809692,0.3624557852745056,0.7035272121429443,0.3513399362564087,0.651796817779541,0.34321165084838867,0.8824329972267151,0.4633740484714508,0.7546147108078003,0.5127601623535156,0.6828845739364624,0.5440092086791992,0.6275452971458435,0.5706532001495361,0.8930120468139648,0.5401470065116882,0.795220136642456,0.5676587820053101,0.8102167844772339,0.5512354373931885,0.8384774923324585,0.5402361154556274,0.9013108611106873,0.6031999588012695,0.8122124671936035,0.6145137548446655,0.7947879433631897,0.6018666625022888,0.7880017757415771,0.588863730430603,0.0,0.0,0.0,0.0,0.0,0.0,0.0,0.0,0.0,0.0,0.0,0.0,0.0,0.0,0.0,0.0,0.0,0.0,0.0,0.0,0.0,0.0,0.0,0.0,0.0,0.0,0.0,0.0,0.0,0.0,0.0,0.0,0.0,0.0,0.0,0.0,0.0,0.0,0.0,0.0,0.0,0.0
1.0412864685058594,0.5202577710151672,0.9781029224395752,0.43079084157943726,0.8945868611335754,0.4053611755371094,0.8312011957168579,0.44758978486061096,0.7922888994216919,0.49579936265945435,0.8693966865539551,0.3896254599094391,0.7659209370613098,0.3698263168334961,0.7016435861587524,0.3576647639274597,0.6477248668670654,0.3486137390136719,0.88326096534729,0.4669932723045349,0.7579156756401062,0.5193068981170654,0.6904682517051697,0.5516223311424255,0.6336502432823181,0.5779538154602051,0.8961049914360046,0.5448527336120605,0.7961380481719971,0.5768601894378662,0.8121603727340698,0.5618478655815125,0.8422499299049377,0.547691822052002,0.9053490161895752,0.6111493110656738,0.8044110536575317,0.6292365789413452,0.7615354657173157,0.6289039850234985,0.7307823896408081,0.621453583240509,0.0,0.0,0.0,0.0,0.0,0.0,0.0,0.0,0.0,0.0,0.0,0.0,0.0,0.0,0.0,0.0,0.0,0.0,0.0,0.0,0.0,0.0,0.0,0.0,0.0,0.0,0.0,0.0,0.0,0.0,0.0,0.0,0.0,0.0,0.0,0.0,0.0,0.0,0.0,0.0,0.0,0.0
1.0394777059555054,0.5163124799728394,0.9745228886604309,0.42763057351112366,0.8898741006851196,0.40087953209877014,0.8227488398551941,0.43747133016586304,0.7844042778015137,0.4829447865486145,0.8691931962966919,0.39166271686553955,0.7626954317092896,0.3729601204395294,0.6969320178031921,0.3655291795730591,0.6445889472961426,0.3587280511856079,0.8818553686141968,0.47442346811294556,0.7563731670379639,0.526863157749176,0.6855309009552002,0.5602170825004578,0.6342531442642212,0.5866025686264038,0.8936011791229248,0.5499985814094543,0.7756933569908142,0.5888988375663757,0.7368397116661072,0.5922272801399231,0.7208883762359619,0.5922232866287231,0.9050766825675964,0.6094610691070557,0.8073551058769226,0.6257582902908325,0.7713342905044556,0.6222682595252991,0.7509376406669617,0.6136370301246643,0.0,0.0,0.0,0.0,0.0,0.0,0.0,0.0,0.0,0.0,0.0,0.0,0.0,0.0,0.0,0.0,0.0,0.0,0.0,0.0,0.0,0.0,0.0,0.0,0.0,0.0,0.0,0.0,0.0,0.0,0.0,0.0,0.0,0.0,0.0,0.0,0.0,0.0,0.0,0.0,0.0,0.0
1.038088321685791,0.5131204724311829,0.9683893322944641,0.42754989862442017,0.8818101286888123,0.4059527814388275,0.8166600465774536,0.4472311735153198,0.7801388502120972,0.4954276382923126,0.86505526304245,0.39561110734939575,0.7603289484977722,0.3772197961807251,0.6946655511856079,0.37025439739227295,0.6425293684005737,0.3634801506996155,0.8802014589309692,0.4754377603530884,0.7612807154655457,0.5313882827758789,0.691655158996582,0.5643125772476196,0.641649603843689,0.588217556476593,0.8942970037460327,0.5508959889411926,0.7770506739616394,0.594874382019043,0.7277765274047852,0.602096438407898,0.7012491226196289,0.6043475270271301,0.9072473049163818,0.6106772422790527,0.8065476417541504,0.6350659132003784,0.7619523406028748,0.6362217664718628,0.7344897985458374,0.631453812122345,0.0,0.0,0.0,0.0,0.0,0.0,0.0,0.0,0.0,0.0,0.0,0.0,0.0,0.0,0.0,0.0,0.0,0.0,0.0,0.0,0.0,0.0,0.0,0.0,0.0,0.0,0.0,0.0,0.0,0.0,0.0,0.0,0.0,0.0,0.0,0.0,0.0,0.0,0.0,0.0,0.0,0.0
1.0277494192123413,0.5186235904693604,0.9611025452613831,0.4328165352344513,0.8732109665870667,0.4143058955669403,0.8091121912002563,0.4575650095939636,0.7730727791786194,0.5051485300064087,0.8579262495040894,0.407898873090744,0.7483239769935608,0.39353495836257935,0.6839450597763062,0.3897305130958557,0.6323206424713135,0.38392162322998047,0.8696494698524475,0.48759064078330994,0.7545761466026306,0.5363688468933105,0.6878108978271484,0.5637974143028259,0.6379351615905762,0.5844072103500366,0.8830930590629578,0.5639979243278503,0.7740577459335327,0.590999186038971,0.7680869698524475,0.574630081653595,0.7842740416526794,0.5635339617729187,0.8952507972717285,0.6258435845375061,0.7924050092697144,0.6433690190315247,0.753437876701355,0.6369867324829102,0.7334253191947937,0.6298841238021851,0.0,0.0,0.0,0.0,0.0,0.0,0.0,0.0,0.0,0.0,0.0,0.0,0.0,0.0,0.0,0.0,0.0,0.0,0.0,0.0,0.0,0.0,0.0,0.0,0.0,0.0,0.0,0.0,0.0,0.0,0.0,0.0,0.0,0.0,0.0,0.0,0.0,0.0,0.0,0.0,0.0,0.0
1.0315589904785156,0.5224461555480957,0.968338131904602,0.43861958384513855,0.880871593952179,0.41805601119995117,0.8140611052513123,0.45715001225471497,0.7751884460449219,0.5027417540550232,0.8625001311302185,0.40284213423728943,0.7498795390129089,0.3903220593929291,0.6863217353820801,0.38225680589675903,0.6359193325042725,0.374162495136261,0.8745441436767578,0.48273247480392456,0.7534137964248657,0.5278611779212952,0.6821558475494385,0.5544214844703674,0.630881667137146,0.5741319060325623,0.8871479034423828,0.5599326491355896,0.7759933471679688,0.5845332741737366,0.7702562212944031,0.5737877488136292,0.7861149907112122,0.5669649243354797,0.89762282371521,0.6233003735542297,0.7934201955795288,0.6396918892860413,0.7569947242736816,0.6326402425765991,0.7396893501281738,0.6257773041725159,0.0,0.0,0.0,0.0,0.0,0.0,0.0,0.0,0.0,0.0,0.0,0.0,0.0,0.0,0.0,0.0,0.0,0.0,0.0,0.0,0.0,0.0,0.0,0.0,0.0,0.0,0.0,0.0,0.0,0.0,0.0,0.0,0.0,0.0,0.0,0.0,0.0,0.0,0.0,0.0,0.0,0.0
1.0337517261505127,0.5196710824966431,0.9703537821769714,0.43687596917152405,0.8829177021980286,0.4134196639060974,0.8154724836349487,0.4495026469230652,0.7759218215942383,0.49640536308288574,0.862267017364502,0.3976832330226898,0.7521224021911621,0.385896235704422,0.6878612637519836,0.3790370225906372,0.636445164680481,0.37235593795776367,0.874165415763855,0.4780493676662445,0.7507250905036926,0.5287628769874573,0.6822956204414368,0.5572648644447327,0.6320675015449524,0.5787942409515381,0.8873939514160156,0.5551559329032898,0.7810660004615784,0.5833678245544434,0.7852086424827576,0.5707969069480896,0.8069365620613098,0.562831699848175,0.8989174962043762,0.6191169023513794,0.8014681339263916,0.632216215133667,0.7802453637123108,0.6192377209663391,0.7744906544685364,0.6076174378395081,0.0,0.0,0.0,0.0,0.0,0.0,0.0,0.0,0.0,0.0,0.0,0.0,0.0,0.0,0.0,0.0,0.0,0.0,0.0,0.0,0.0,0.0,0.0,0.0,0.0,0.0,0.0,0.0,0.0,0.0,0.0,0.0,0.0,0.0,0.0,0.0,0.0,0.0,0.0,0.0,0.0,0.0
1.0356471538543701,0.5166066884994507,0.9687365889549255,0.431546151638031,0.8825799226760864,0.40847039222717285,0.8142062425613403,0.4436204433441162,0.7742120623588562,0.488143652677536,0.8618080019950867,0.39799371361732483,0.7538493275642395,0.38596975803375244,0.6885782480239868,0.3799903988838196,0.6360259652137756,0.3761315941810608,0.8737500309944153,0.4781482517719269,0.752644956111908,0.5258297920227051,0.684104323387146,0.5537700057029724,0.6342790126800537,0.5748204588890076,0.886595606803894,0.5540921092033386,0.769893229007721,0.5921905040740967,0.7209287285804749,0.6046731472015381,0.692900538444519,0.6135173439979553,0.8993819355964661,0.614547073841095,0.7985581755638123,0.6355637907981873,0.7522209286689758,0.6379468441009521,0.7212175130844116,0.6364407539367676,0.0,0.0,0.0,0.0,0.0,0.0,0.0,0.0,0.0,0.0,0.0,0.0,0.0,0.0,0.0,0.0,0.0,0.0,0.0,0.0,0.0,0.0,0.0,0.0,0.0,0.0,0.0,0.0,0.0,0.0,0.0,0.0,0.0,0.0,0.0,0.0,0.0,0.0,0.0,0.0,0.0,0.0
1.038941740989685,0.5124975442886353,0.9747387170791626,0.42893457412719727,0.8927604556083679,0.40764519572257996,0.8317435383796692,0.44238412380218506,0.7922495007514954,0.4868620038032532,0.8659607768058777,0.3825643062591553,0.7599948644638062,0.3729623556137085,0.6967432498931885,0.3640251159667969,0.6448118090629578,0.35745441913604736,0.878303050994873,0.4605005383491516,0.7526771426200867,0.5122132897377014,0.6847833395004272,0.5402843356132507,0.6300137639045715,0.5632908344268799,0.8899849653244019,0.538110077381134,0.783875584602356,0.5654425024986267,0.8008076548576355,0.5483710765838623,0.8320407271385193,0.5367356538772583,0.9011611938476562,0.6028327941894531,0.81540846824646,0.6076038479804993,0.8171419501304626,0.589584231376648,0.8292955756187439,0.5735399723052979,0.0,0.0,0.0,0.0,0.0,0.0,0.0,0.0,0.0,0.0,0.0,0.0,0.0,0.0,0.0,0.0,0.0,0.0,0.0,0.0,0.0,0.0,0.0,0.0,0.0,0.0,0.0,0.0,0.0,0.0,0.0,0.0,0.0,0.0,0.0,0.0,0.0,0.0,0.0,0.0,0.0,0.0
1.040995478630066,0.5128817558288574,0.9757798314094543,0.42335736751556396,0.8933519124984741,0.4009901285171509,0.8318309783935547,0.44315165281295776,0.7923442721366882,0.4892841875553131,0.8648507595062256,0.38386446237564087,0.7599573731422424,0.3725219964981079,0.6961399912834167,0.36597758531570435,0.6432262659072876,0.36019736528396606,0.8766651749610901,0.46179279685020447,0.7555516958236694,0.5112165212631226,0.6912461519241333,0.5383968353271484,0.6380326151847839,0.5597755312919617,0.8885466456413269,0.5378350019454956,0.7897234559059143,0.5673741698265076,0.8055400252342224,0.5505625605583191,0.8341448307037354,0.5363917350769043,0.8990089893341064,0.6008431315422058,0.8050880432128906,0.6174086332321167,0.7709224224090576,0.6159564852714539,0.7472272515296936,0.6090804934501648,0.0,0.0,0.0,0.0,0.0,0.0,0.0,0.0,0.0,0.0,0.0,0.0,0.0,0.0,0.0,0.0,0.0,0.0,0.0,0.0,0.0,0.0,0.0,0.0,0.0,0.0,0.0,0.0,0.0,0.0,0.0,0.0,0.0,0.0,0.0,0.0,0.0,0.0,0.0,0.0,0.0,0.0
1.0380207300186157,0.5097167491912842,0.9756041169166565,0.4242441952228546,0.8930258750915527,0.40277665853500366,0.8283045291900635,0.438496470451355,0.7902644276618958,0.48464784026145935,0.8691225647926331,0.3858390748500824,0.7616015076637268,0.37222418189048767,0.6989539861679077,0.3639746904373169,0.6481560468673706,0.35665541887283325,0.8790716528892517,0.46560609340667725,0.7570570111274719,0.5119276642799377,0.6896166205406189,0.5373142957687378,0.6374644637107849,0.5589527487754822,0.8905448317527771,0.5404885411262512,0.790776252746582,0.563697338104248,0.8104627728462219,0.5432987809181213,0.8411271572113037,0.5320830345153809,0.9007630348205566,0.6002779603004456,0.8166797161102295,0.6075637340545654,0.8207263946533203,0.5873132348060608,0.8351356387138367,0.570844292640686,0.0,0.0,0.0,0.0,0.0,0.0,0.0,0.0,0.0,0.0,0.0,0.0,0.0,0.0,0.0,0.0,0.0,0.0,0.0,0.0,0.0,0.0,0.0,0.0,0.0,0.0,0.0,0.0,0.0,0.0,0.0,0.0,0.0,0.0,0.0,0.0,0.0,0.0,0.0,0.0,0.0,0.0
1.0422015190124512,0.5026679635047913,0.9780563116073608,0.41784918308258057,0.894741415977478,0.397666335105896,0.8321520686149597,0.4334993064403534,0.79552161693573,0.4805503487586975,0.8737971186637878,0.3819430470466614,0.7673843502998352,0.36464938521385193,0.7037802338600159,0.3549208641052246,0.6518141627311707,0.34717613458633423,0.8835127353668213,0.4604279398918152,0.7576757669448853,0.5063319206237793,0.6884778738021851,0.5320504307746887,0.6355056166648865,0.5546202063560486,0.8962098956108093,0.5362663865089417,0.7933976650238037,0.5617742538452148,0.8085073232650757,0.5404921174049377,0.8384508490562439,0.5278806090354919,0.9079191088676453,0.5977004170417786,0.8149839639663696,0.6090710759162903,0.8011731505393982,0.5944299697875977,0.8012025952339172,0.5817798972129822,0.0,0.0,0.0,0.0,0.0,0.0,0.0,0.0,0.0,0.0,0.0,0.0,0.0,0.0,0.0,0.0,0.0,0.0,0.0,0.0,0.0,0.0,0.0,0.0,0.0,0.0,0.0,0.0,0.0,0.0,0.0,0.0,0.0,0.0,0.0,0.0,0.0,0.0,0.0,0.0,0.0,0.0
1.0442090034484863,0.5063725113868713,0.9819933772087097,0.4210090935230255,0.8980200290679932,0.3967782258987427,0.8339246511459351,0.4337080121040344,0.7957618832588196,0.4786505401134491,0.8756320476531982,0.3824668228626251,0.7691842913627625,0.3637213110923767,0.7048317790031433,0.35458773374557495,0.6526317596435547,0.346958190202713,0.885772705078125,0.45972469449043274,0.7621380686759949,0.5047765970230103,0.6948399543762207,0.5313963890075684,0.6418072581291199,0.5543988943099976,0.898620069026947,0.5347555875778198,0.7944797277450562,0.561398446559906,0.8087494373321533,0.542871356010437,0.8381264805793762,0.5297888517379761,0.9105242490768433,0.597014307975769,0.8138450384140015,0.6108735799789429,0.7859123945236206,0.6051627397537231,0.7718653678894043,0.5980493426322937,0.0,0.0,0.0,0.0,0.0,0.0,0.0,0.0,0.0,0.0,0.0,0.0,0.0,0.0,0.0,0.0,0.0,0.0,0.0,0.0,0.0,0.0,0.0,0.0,0.0,0.0,0.0,0.0,0.0,0.0,0.0,0.0,0.0,0.0,0.0,0.0,0.0,0.0,0.0,0.0,0.0,0.0
1.0420582294464111,0.5051681995391846,0.9788257479667664,0.4198545813560486,0.8959814310073853,0.39699551463127136,0.83314049243927,0.4318535625934601,0.7955315113067627,0.4782472252845764,0.8742861151695251,0.37990355491638184,0.7694715261459351,0.36536526679992676,0.7060415744781494,0.35639655590057373,0.6536309719085693,0.34984007477760315,0.8850012421607971,0.46004143357276917,0.7606624960899353,0.5059430003166199,0.6932591795921326,0.5309417843818665,0.6398640871047974,0.5546810030937195,0.8967589735984802,0.5367942452430725,0.7924197316169739,0.5584241151809692,0.8121007680892944,0.5343300104141235,0.8446728587150574,0.5212094187736511,0.907764196395874,0.5986220836639404,0.8218057751655579,0.5997510552406311,0.8278852105140686,0.5778334140777588,0.8443388938903809,0.5614523887634277,0.0,0.0,0.0,0.0,0.0,0.0,0.0,0.0,0.0,0.0,0.0,0.0,0.0,0.0,0.0,0.0,0.0,0.0,0.0,0.0,0.0,0.0,0.0,0.0,0.0,0.0,0.0,0.0,0.0,0.0,0.0,0.0,0.0,0.0,0.0,0.0,0.0,0.0,0.0,0.0,0.0,0.0
1.0424814224243164,0.5006200671195984,0.9802822470664978,0.4149656295776367,0.8977141380310059,0.39308109879493713,0.834419310092926,0.4307571351528168,0.7971155047416687,0.477475643157959,0.8753681182861328,0.37814897298812866,0.7702575922012329,0.3619382977485657,0.7074739933013916,0.3521241247653961,0.6557652950286865,0.34456896781921387,0.8871333003044128,0.4567817449569702,0.7615848779678345,0.5028319358825684,0.6923645734786987,0.5284712314605713,0.6386011838912964,0.5526979565620422,0.8998122215270996,0.5333508253097534,0.794657289981842,0.5611127018928528,0.8100208044052124,0.5374624133110046,0.8406321406364441,0.5231156349182129,0.910912275314331,0.5954048037528992,0.8196787238121033,0.6038511395454407,0.8095197081565857,0.5885149836540222,0.8115127086639404,0.5764526128768921,0.0,0.0,0.0,0.0,0.0,0.0,0.0,0.0,0.0,0.0,0.0,0.0,0.0,0.0,0.0,0.0,0.0,0.0,0.0,0.0,0.0,0.0,0.0,0.0,0.0,0.0,0.0,0.0,0.0,0.0,0.0,0.0,0.0,0.0,0.0,0.0,0.0,0.0,0.0,0.0,0.0,0.0
1.0419970750808716,0.5024895668029785,0.9791727662086487,0.4168921411037445,0.8971671462059021,0.39626985788345337,0.8368076086044312,0.4355882406234741,0.8009609580039978,0.48514315485954285,0.8737387657165527,0.37898969650268555,0.7708984613418579,0.36155277490615845,0.7082648277282715,0.3498433232307434,0.655929446220398,0.34161651134490967,0.8866891860961914,0.4581458568572998,0.7637466788291931,0.5028120279312134,0.6953626275062561,0.5289825201034546,0.6402413845062256,0.5548970103263855,0.8992332816123962,0.5358412265777588,0.7925133109092712,0.5599157214164734,0.8108136653900146,0.536170482635498,0.843461275100708,0.522373378276825,0.9100668430328369,0.5978123545646667,0.8220876455307007,0.5989207029342651,0.8238845467567444,0.5792787075042725,0.836208701133728,0.5643547773361206,0.0,0.0,0.0,0.0,0.0,0.0,0.0,0.0,0.0,0.0,0.0,0.0,0.0,0.0,0.0,0.0,0.0,0.0,0.0,0.0,0.0,0.0,0.0,0.0,0.0,0.0,0.0,0.0,0.0,0.0,0.0,0.0,0.0,0.0,0.0,0.0,0.0,0.0,0.0,0.0,0.0,0.0
1.0431010723114014,0.4980446398258209,0.9807124137878418,0.41433650255203247,0.8968732953071594,0.3939729332923889,0.8337439894676208,0.4321930408477783,0.7952665090560913,0.4783940613269806,0.8758553266525269,0.37770187854766846,0.7721206545829773,0.36083534359931946,0.7091371417045593,0.34970399737358093,0.6568573117256165,0.3415184020996094,0.8893136382102966,0.4549970328807831,0.7638251185417175,0.5010250210762024,0.6953842639923096,0.5267062783241272,0.6407996416091919,0.5509073734283447,0.9026355743408203,0.5321810245513916,0.794960618019104,0.5605185031890869,0.8096626996994019,0.5394235253334045,0.8403924703598022,0.5255463719367981,0.9139418601989746,0.5953148007392883,0.8172475695610046,0.6068727374076843,0.7995172142982483,0.5961779952049255,0.7949178814888,0.5855896472930908,0.0,0.0,0.0,0.0,0.0,0.0,0.0,0.0,0.0,0.0,0.0,0.0,0.0,0.0,0.0,0.0,0.0,0.0,0.0,0.0,0.0,0.0,0.0,0.0,0.0,0.0,0.0,0.0,0.0,0.0,0.0,0.0,0.0,0.0,0.0,0.0,0.0,0.0,0.0,0.0,0.0,0.0
1.0413004159927368,0.5059888958930969,0.9806667566299438,0.4194168150424957,0.8966273665428162,0.3952868580818176,0.8321296572685242,0.42939478158950806,0.7929307818412781,0.4757660925388336,0.8783313632011414,0.3768245279788971,0.7733666896820068,0.35940244793891907,0.710532009601593,0.345844566822052,0.6585912704467773,0.3348444104194641,0.8889335989952087,0.4565504491329193,0.764674186706543,0.5032156705856323,0.6963282227516174,0.5272838473320007,0.6430903673171997,0.5505943298339844,0.9007750749588013,0.5336189270019531,0.7940660715103149,0.5594403147697449,0.8147990107536316,0.5339149236679077,0.8487634658813477,0.5201274752616882,0.9115666151046753,0.5959046483039856,0.8252512216567993,0.5984488725662231,0.8383108973503113,0.5756159424781799,0.8626367449760437,0.5606451034545898,0.0,0.0,0.0,0.0,0.0,0.0,0.0,0.0,0.0,0.0,0.0,0.0,0.0,0.0,0.0,0.0,0.0,0.0,0.0,0.0,0.0,0.0,0.0,0.0,0.0,0.0,0.0,0.0,0.0,0.0,0.0,0.0,0.0,0.0,0.0,0.0,0.0,0.0,0.0,0.0,0.0,0.0
1.0416009426116943,0.5063165426254272,0.9805996417999268,0.4182838797569275,0.8989864587783813,0.39501988887786865,0.8364112973213196,0.42729026079177856,0.7982872724533081,0.4743507504463196,0.8792493343353271,0.37585729360580444,0.7742142677307129,0.35894668102264404,0.7117940187454224,0.3477688729763031,0.6595029830932617,0.33880120515823364,0.890388011932373,0.4545913636684418,0.7654438018798828,0.4995255470275879,0.6970674991607666,0.5240061283111572,0.6440141201019287,0.5470651984214783,0.9023799300193787,0.5319664478302002,0.7950239181518555,0.5581016540527344,0.8141254186630249,0.5331066846847534,0.8477381467819214,0.518432080745697,0.9128536581993103,0.5951009392738342,0.8268147110939026,0.5988494753837585,0.8395804166793823,0.5760827660560608,0.8647300601005554,0.5596825480461121,0.0,0.0,0.0,0.0,0.0,0.0,0.0,0.0,0.0,0.0,0.0,0.0,0.0,0.0,0.0,0.0,0.0,0.0,0.0,0.0,0.0,0.0,0.0,0.0,0.0,0.0,0.0,0.0,0.0,0.0,0.0,0.0,0.0,0.0,0.0,0.0,0.0,0.0,0.0,0.0,0.0,0.0
1.0436681509017944,0.5090389251708984,0.9822192192077637,0.41984522342681885,0.9015889167785645,0.3970144987106323,0.8401837944984436,0.4312847852706909,0.8027558326721191,0.47834494709968567,0.8803244829177856,0.3756418526172638,0.7743571996688843,0.35881727933883667,0.712058424949646,0.3479457497596741,0.6598672270774841,0.3389545679092407,0.8912115693092346,0.45473966002464294,0.7674518823623657,0.4978383183479309,0.6978648900985718,0.5225834846496582,0.6439849734306335,0.5455188155174255,0.9027124047279358,0.5326035618782043,0.7974071502685547,0.5580283403396606,0.8159000873565674,0.5342622995376587,0.8489031195640564,0.5201514959335327,0.9124563932418823,0.5960783958435059,0.8266008496284485,0.5997772216796875,0.8367747068405151,0.5779945850372314,0.8592418432235718,0.561517596244812,0.0,0.0,0.0,0.0,0.0,0.0,0.0,0.0,0.0,0.0,0.0,0.0,0.0,0.0,0.0,0.0,0.0,0.0,0.0,0.0,0.0,0.0,0.0,0.0,0.0,0.0,0.0,0.0,0.0,0.0,0.0,0.0,0.0,0.0,0.0,0.0,0.0,0.0,0.0,0.0,0.0,0.0
1.0434179306030273,0.5026107430458069,0.9807149171829224,0.4142324924468994,0.8996134996414185,0.39299800992012024,0.8375903367996216,0.42852911353111267,0.8007900714874268,0.4768538475036621,0.8803689479827881,0.3745375871658325,0.775260865688324,0.357452392578125,0.712880551815033,0.3473329544067383,0.6606383919715881,0.33905184268951416,0.8917327523231506,0.4534912109375,0.7680220007896423,0.4963545501232147,0.697577178478241,0.5205942988395691,0.6437013149261475,0.5440260767936707,0.9037903547286987,0.5306878089904785,0.7975465059280396,0.5573932528495789,0.8151012659072876,0.531536877155304,0.8484136462211609,0.5159180164337158,0.9139630794525146,0.5938413143157959,0.8280912041664124,0.5992419719696045,0.8386589288711548,0.5767706036567688,0.8627132177352905,0.5598433017730713,0.0,0.0,0.0,0.0,0.0,0.0,0.0,0.0,0.0,0.0,0.0,0.0,0.0,0.0,0.0,0.0,0.0,0.0,0.0,0.0,0.0,0.0,0.0,0.0,0.0,0.0,0.0,0.0,0.0,0.0,0.0,0.0,0.0,0.0,0.0,0.0,0.0,0.0,0.0,0.0,0.0,0.0
1.0388720035552979,0.5038372874259949,0.9775023460388184,0.41716673970222473,0.8966872096061707,0.3925013840198517,0.834158182144165,0.42377638816833496,0.7942317724227905,0.46820083260536194,0.8775668740272522,0.3740363121032715,0.7737681269645691,0.35760998725891113,0.7112492918968201,0.3461045026779175,0.6586880683898926,0.338019460439682,0.8909560441970825,0.45226573944091797,0.7651346921920776,0.4969855546951294,0.6956936717033386,0.5220557451248169,0.641693115234375,0.5468702912330627,0.9033071994781494,0.5301677584648132,0.7939904928207397,0.5595781207084656,0.811789333820343,0.5349065661430359,0.8447378873825073,0.5193687081336975,0.9137706160545349,0.5936245918273926,0.8264805674552917,0.5990400910377502,0.836876392364502,0.5766513347625732,0.8593807220458984,0.5589810609817505,0.0,0.0,0.0,0.0,0.0,0.0,0.0,0.0,0.0,0.0,0.0,0.0,0.0,0.0,0.0,0.0,0.0,0.0,0.0,0.0,0.0,0.0,0.0,0.0,0.0,0.0,0.0,0.0,0.0,0.0,0.0,0.0,0.0,0.0,0.0,0.0,0.0,0.0,0.0,0.0,0.0,0.0
1.0401643514633179,0.5030957460403442,0.9788114428520203,0.41632604598999023,0.8982127904891968,0.3930320143699646,0.8364304304122925,0.4247559607028961,0.7969448566436768,0.4704098701477051,0.8787518739700317,0.3740275204181671,0.7732448577880859,0.35790109634399414,0.7110324501991272,0.34603673219680786,0.6588314771652222,0.33734631538391113,0.8914761543273926,0.4523785710334778,0.7669534683227539,0.49731409549713135,0.697513222694397,0.5220211744308472,0.6441606283187866,0.5460156202316284,0.903338611125946,0.5301398634910583,0.7956314086914062,0.5576989054679871,0.814824104309082,0.5329102277755737,0.8483846783638,0.5180648565292358,0.9130570888519287,0.592984139919281,0.8275267481803894,0.598095178604126,0.8409495949745178,0.5763601660728455,0.8658289909362793,0.5593896508216858,0.0,0.0,0.0,0.0,0.0,0.0,0.0,0.0,0.0,0.0,0.0,0.0,0.0,0.0,0.0,0.0,0.0,0.0,0.0,0.0,0.0,0.0,0.0,0.0,0.0,0.0,0.0,0.0,0.0,0.0,0.0,0.0,0.0,0.0,0.0,0.0,0.0,0.0,0.0,0.0,0.0,0.0
1.0402908325195312,0.5057430267333984,0.9804603457450867,0.4178582727909088,0.8996861577033997,0.3940795660018921,0.8371813297271729,0.42567378282546997,0.7993491291999817,0.47284460067749023,0.8797266483306885,0.3748443126678467,0.7731579542160034,0.35707974433898926,0.7113062739372253,0.3463727831840515,0.6593751907348633,0.3376079499721527,0.8915847539901733,0.454135537147522,0.7652179002761841,0.49817508459091187,0.696086049079895,0.5227444767951965,0.6428353190422058,0.5453565120697021,0.9040474891662598,0.5317867994308472,0.7939158082008362,0.5591598153114319,0.812995195388794,0.536732017993927,0.84706711769104,0.5233867764472961,0.9143518209457397,0.5955795049667358,0.8270127177238464,0.6004356145858765,0.8411278128623962,0.5787464380264282,0.8678539395332336,0.5628259181976318,0.0,0.0,0.0,0.0,0.0,0.0,0.0,0.0,0.0,0.0,0.0,0.0,0.0,0.0,0.0,0.0,0.0,0.0,0.0,0.0,0.0,0.0,0.0,0.0,0.0,0.0,0.0,0.0,0.0,0.0,0.0,0.0,0.0,0.0,0.0,0.0,0.0,0.0,0.0,0.0,0.0,0.0
1.0419833660125732,0.5065137147903442,0.9820876121520996,0.41775381565093994,0.9011525511741638,0.394459068775177,0.8387012481689453,0.42637014389038086,0.80198734998703,0.4736827611923218,0.8810502886772156,0.37521451711654663,0.7739101052284241,0.3576894998550415,0.7116602659225464,0.3467214107513428,0.6595592498779297,0.337816059589386,0.8921363949775696,0.4549815356731415,0.7673792243003845,0.49769189953804016,0.696670651435852,0.522230863571167,0.6429436802864075,0.5456220507621765,0.9042651653289795,0.5328484177589417,0.7965147495269775,0.5580641627311707,0.8150507211685181,0.5334583520889282,0.8491095900535583,0.5193613767623901,0.9143996238708496,0.5958598852157593,0.8278512954711914,0.6001137495040894,0.8397878408432007,0.5772835612297058,0.8647834658622742,0.561004638671875,0.0,0.0,0.0,0.0,0.0,0.0,0.0,0.0,0.0,0.0,0.0,0.0,0.0,0.0,0.0,0.0,0.0,0.0,0.0,0.0,0.0,0.0,0.0,0.0,0.0,0.0,0.0,0.0,0.0,0.0,0.0,0.0,0.0,0.0,0.0,0.0,0.0,0.0,0.0,0.0,0.0,0.0
1.0423123836517334,0.5064677000045776,0.9816164374351501,0.4170851707458496,0.90044105052948,0.39442315697669983,0.8386661410331726,0.42921531200408936,0.8024975657463074,0.47973212599754333,0.8804605603218079,0.3766382932662964,0.7739237546920776,0.3589601516723633,0.7115737795829773,0.3483147621154785,0.6591230034828186,0.3393072783946991,0.8918170928955078,0.4560375511646271,0.766059160232544,0.49937447905540466,0.6956449747085571,0.523229718208313,0.6416704654693604,0.5456864833831787,0.9041884541511536,0.5335038304328918,0.7953877449035645,0.559980571269989,0.8143215179443359,0.5363306999206543,0.8485092520713806,0.5224695205688477,0.9145432114601135,0.5969647765159607,0.8270854353904724,0.6011276841163635,0.8411701917648315,0.5788788199424744,0.8686565160751343,0.5629326701164246,0.0,0.0,0.0,0.0,0.0,0.0,0.0,0.0,0.0,0.0,0.0,0.0,0.0,0.0,0.0,0.0,0.0,0.0,0.0,0.0,0.0,0.0,0.0,0.0,0.0,0.0,0.0,0.0,0.0,0.0,0.0,0.0,0.0,0.0,0.0,0.0,0.0,0.0,0.0,0.0,0.0,0.0
1.0418680906295776,0.5087000727653503,0.9809080958366394,0.41968661546707153,0.9001551270484924,0.3949607014656067,0.8379612565040588,0.4313737750053406,0.8012868165969849,0.48386621475219727,0.8797420859336853,0.378613144159317,0.7724974751472473,0.36139971017837524,0.7087816596031189,0.3520578145980835,0.6548470258712769,0.3430117666721344,0.8918349742889404,0.458788126707077,0.7633497714996338,0.5037440657615662,0.6921437978744507,0.5287140607833862,0.6365795135498047,0.550941526889801,0.9041411876678467,0.5363855361938477,0.7928229570388794,0.5639756917953491,0.8113178014755249,0.5411823987960815,0.8457047343254089,0.526090145111084,0.914268434047699,0.6001614332199097,0.8246610164642334,0.6041569709777832,0.8379525542259216,0.582747757434845,0.8649141788482666,0.5655273199081421,0.0,0.0,0.0,0.0,0.0,0.0,0.0,0.0,0.0,0.0,0.0,0.0,0.0,0.0,0.0,0.0,0.0,0.0,0.0,0.0,0.0,0.0,0.0,0.0,0.0,0.0,0.0,0.0,0.0,0.0,0.0,0.0,0.0,0.0,0.0,0.0,0.0,0.0,0.0,0.0,0.0,0.0
1.0418936014175415,0.5101934671401978,0.9809514284133911,0.41965898871421814,0.9008739590644836,0.39560583233833313,0.8386871218681335,0.4340844750404358,0.8027706742286682,0.48573198914527893,0.8786115646362305,0.3782685101032257,0.7713754177093506,0.3632963299751282,0.70772385597229,0.35449981689453125,0.6539254188537598,0.3464486002922058,0.8899592161178589,0.45841675996780396,0.762368381023407,0.5040019750595093,0.691379964351654,0.5303512811660767,0.6358410120010376,0.5537651777267456,0.9019865989685059,0.5361825227737427,0.7927999496459961,0.5643996000289917,0.8097407221794128,0.5404917597770691,0.8426609039306641,0.524232029914856,0.9121498465538025,0.5995380282402039,0.8234413266181946,0.6039817929267883,0.8302702903747559,0.5815635919570923,0.8505418300628662,0.5630286335945129,0.0,0.0,0.0,0.0,0.0,0.0,0.0,0.0,0.0,0.0,0.0,0.0,0.0,0.0,0.0,0.0,0.0,0.0,0.0,0.0,0.0,0.0,0.0,0.0,0.0,0.0,0.0,0.0,0.0,0.0,0.0,0.0,0.0,0.0,0.0,0.0,0.0,0.0,0.0,0.0,0.0,0.0
1.0420321226119995,0.5108923316001892,0.9815517663955688,0.4222298562526703,0.9017108678817749,0.3972072899341583,0.8385964035987854,0.43680575489997864,0.8015322685241699,0.489812970161438,0.8790775537490845,0.3797188103199005,0.7711934447288513,0.3635798990726471,0.7073614001274109,0.3545868396759033,0.653496503829956,0.3461461663246155,0.8905896544456482,0.45948031544685364,0.7632589340209961,0.5043517351150513,0.6932494044303894,0.5307183861732483,0.6374050974845886,0.553166389465332,0.9021326899528503,0.5371087789535522,0.7941456437110901,0.5644542574882507,0.8115204572677612,0.5430704951286316,0.8438225984573364,0.5280136466026306,0.9115408062934875,0.6009069085121155,0.8235035538673401,0.6052842736244202,0.8280057907104492,0.5863282084465027,0.8445957899093628,0.569553554058075,0.0,0.0,0.0,0.0,0.0,0.0,0.0,0.0,0.0,0.0,0.0,0.0,0.0,0.0,0.0,0.0,0.0,0.0,0.0,0.0,0.0,0.0,0.0,0.0,0.0,0.0,0.0,0.0,0.0,0.0,0.0,0.0,0.0,0.0,0.0,0.0,0.0,0.0,0.0,0.0,0.0,0.0
1.043420433998108,0.5064116716384888,0.9824515581130981,0.41926491260528564,0.9021588563919067,0.39687418937683105,0.8400419354438782,0.4374672770500183,0.8055142760276794,0.4918229877948761,0.8778979778289795,0.379304975271225,0.7709144949913025,0.36501970887184143,0.707846999168396,0.3560636043548584,0.654633641242981,0.3471934199333191,0.8878100514411926,0.4592049717903137,0.7626128792762756,0.5049116611480713,0.6929385662078857,0.5311856269836426,0.6381808519363403,0.5540415644645691,0.8998585939407349,0.5361312627792358,0.7935630083084106,0.5645881295204163,0.8129420876502991,0.5414811968803406,0.8462859392166138,0.5260149240493774,0.9108292460441589,0.5991224050521851,0.8253298401832581,0.6046509146690369,0.8364620208740234,0.583356499671936,0.860093891620636,0.5662968158721924,0.0,0.0,0.0,0.0,0.0,0.0,0.0,0.0,0.0,0.0,0.0,0.0,0.0,0.0,0.0,0.0,0.0,0.0,0.0,0.0,0.0,0.0,0.0,0.0,0.0,0.0,0.0,0.0,0.0,0.0,0.0,0.0,0.0,0.0,0.0,0.0,0.0,0.0,0.0,0.0,0.0,0.0
1.0381264686584473,0.5123429298400879,0.9722927808761597,0.4260410964488983,0.8923401832580566,0.3985331654548645,0.8330785036087036,0.431835412979126,0.7892783284187317,0.47225069999694824,0.8674589991569519,0.38285931944847107,0.7682186365127563,0.36833831667900085,0.7043737769126892,0.35496726632118225,0.650102972984314,0.3486272990703583,0.8834937214851379,0.45901399850845337,0.7568813562393188,0.5065719485282898,0.6893755197525024,0.5309303402900696,0.634177565574646,0.5554252862930298,0.8950780630111694,0.5378099083900452,0.7904240489006042,0.5669621229171753,0.8065760731697083,0.5474157333374023,0.8357199430465698,0.5336244702339172,0.9055224061012268,0.6004704833030701,0.8228875398635864,0.6025278568267822,0.8257701396942139,0.5838534235954285,0.8374252319335938,0.5652528405189514,0.0,0.0,0.0,0.0,0.0,0.0,0.0,0.0,0.0,0.0,0.0,0.0,0.0,0.0,0.0,0.0,0.0,0.0,0.0,0.0,0.0,0.0,0.0,0.0,0.0,0.0,0.0,0.0,0.0,0.0,0.0,0.0,0.0,0.0,0.0,0.0,0.0,0.0,0.0,0.0,0.0,0.0
1.0394036769866943,0.5069635510444641,0.9777188897132874,0.41960448026657104,0.8964595794677734,0.39672714471817017,0.8340834975242615,0.43092143535614014,0.7959463596343994,0.48092120885849,0.8766337037086487,0.38253307342529297,0.769178569316864,0.3660416603088379,0.7063195705413818,0.3547060489654541,0.6529892086982727,0.34508973360061646,0.8875295519828796,0.46281489729881287,0.7613251805305481,0.5063515305519104,0.6913242340087891,0.5296610593795776,0.6370783448219299,0.5513401627540588,0.89930659532547,0.5403156280517578,0.7910493612289429,0.5655774474143982,0.8085659146308899,0.5392404198646545,0.8420706987380981,0.523658812046051,0.909599244594574,0.6024978756904602,0.8235170841217041,0.6048848032951355,0.8352251052856445,0.5811430215835571,0.8598306179046631,0.5635186433792114,0.0,0.0,0.0,0.0,0.0,0.0,0.0,0.0,0.0,0.0,0.0,0.0,0.0,0.0,0.0,0.0,0.0,0.0,0.0,0.0,0.0,0.0,0.0,0.0,0.0,0.0,0.0,0.0,0.0,0.0,0.0,0.0,0.0,0.0,0.0,0.0,0.0,0.0,0.0,0.0,0.0,0.0
1.0382388830184937,0.5076307654380798,0.9730006456375122,0.4230167865753174,0.892432689666748,0.3986501395702362,0.8334600329399109,0.4360384941101074,0.7911015152931213,0.48046889901161194,0.8704860210418701,0.3828012943267822,0.7685599327087402,0.36854326725006104,0.7048054337501526,0.3553439676761627,0.6502659320831299,0.34803393483161926,0.8862200379371643,0.46112552285194397,0.7586557269096375,0.507765531539917,0.6898661255836487,0.5317553877830505,0.6334359645843506,0.5569312572479248,0.898027777671814,0.5404127836227417,0.787890613079071,0.5699584484100342,0.805334746837616,0.5474114418029785,0.8368374109268188,0.5329596400260925,0.9080737829208374,0.6026656627655029,0.8223789930343628,0.604816198348999,0.8311793804168701,0.5845065116882324,0.8500112891197205,0.5661186575889587,0.0,0.0,0.0,0.0,0.0,0.0,0.0,0.0,0.0,0.0,0.0,0.0,0.0,0.0,0.0,0.0,0.0,0.0,0.0,0.0,0.0,0.0,0.0,0.0,0.0,0.0,0.0,0.0,0.0,0.0,0.0,0.0,0.0,0.0,0.0,0.0,0.0,0.0,0.0,0.0,0.0,0.0
1.039597749710083,0.5122135281562805,0.9766496419906616,0.42494097352027893,0.8952568769454956,0.39892709255218506,0.8324779272079468,0.43536829948425293,0.7908148169517517,0.48272886872291565,0.8734148740768433,0.3826967179775238,0.7682693600654602,0.3667747676372528,0.7040544748306274,0.35637396574020386,0.649488091468811,0.3486485779285431,0.8869195580482483,0.4637531042098999,0.7579168081283569,0.5092185735702515,0.6873868107795715,0.5335639715194702,0.6313470602035522,0.5572652816772461,0.8983665704727173,0.5429185032844543,0.7865694165229797,0.5717387795448303,0.8033373951911926,0.5490456819534302,0.8362200856208801,0.5347227454185486,0.9079575538635254,0.6061122417449951,0.8196918368339539,0.6086899638175964,0.8290770053863525,0.5873296856880188,0.8504062294960022,0.5685504674911499,0.0,0.0,0.0,0.0,0.0,0.0,0.0,0.0,0.0,0.0,0.0,0.0,0.0,0.0,0.0,0.0,0.0,0.0,0.0,0.0,0.0,0.0,0.0,0.0,0.0,0.0,0.0,0.0,0.0,0.0,0.0,0.0,0.0,0.0,0.0,0.0,0.0,0.0,0.0,0.0,0.0,0.0
1.0387746095657349,0.5108850002288818,0.9726302623748779,0.4253164231777191,0.8905566930770874,0.40094080567359924,0.8299316167831421,0.44048190116882324,0.7882024049758911,0.4860406219959259,0.868010401725769,0.3850756585597992,0.7668601870536804,0.36972057819366455,0.7026218175888062,0.35674721002578735,0.6480538845062256,0.3504982888698578,0.8847429156303406,0.4630279242992401,0.7576671242713928,0.5098519921302795,0.6876835227012634,0.5326929688453674,0.6313895583152771,0.5574307441711426,0.8967690467834473,0.5433589816093445,0.7861499786376953,0.5714029669761658,0.8044478893280029,0.5481983423233032,0.8358993530273438,0.5336660146713257,0.9063279628753662,0.6060737371444702,0.8203110694885254,0.608771562576294,0.8316353559494019,0.588523268699646,0.8529430627822876,0.5709721446037292,0.0,0.0,0.0,0.0,0.0,0.0,0.0,0.0,0.0,0.0,0.0,0.0,0.0,0.0,0.0,0.0,0.0,0.0,0.0,0.0,0.0,0.0,0.0,0.0,0.0,0.0,0.0,0.0,0.0,0.0,0.0,0.0,0.0,0.0,0.0,0.0,0.0,0.0,0.0,0.0,0.0,0.0
1.0406973361968994,0.515439510345459,0.9791101813316345,0.42673587799072266,0.8968556523323059,0.4007697105407715,0.8321821093559265,0.43673190474510193,0.7902606725692749,0.4838203489780426,0.8732579350471497,0.38548338413238525,0.7672486901283264,0.36920851469039917,0.7027072906494141,0.35939809679985046,0.6480867862701416,0.3517385721206665,0.8864117860794067,0.4676502048969269,0.7584096193313599,0.5110878944396973,0.6873060464859009,0.5368992686271667,0.6307390928268433,0.5609090328216553,0.8981585502624512,0.5474194288253784,0.7875949144363403,0.5715577602386475,0.803066074848175,0.5503227710723877,0.8349692821502686,0.5373963713645935,0.9078226685523987,0.6103542447090149,0.8184885382652283,0.6093149185180664,0.818170428276062,0.5884124040603638,0.8288837671279907,0.5709578990936279,0.0,0.0,0.0,0.0,0.0,0.0,0.0,0.0,0.0,0.0,0.0,0.0,0.0,0.0,0.0,0.0,0.0,0.0,0.0,0.0,0.0,0.0,0.0,0.0,0.0,0.0,0.0,0.0,0.0,0.0,0.0,0.0,0.0,0.0,0.0,0.0,0.0,0.0,0.0,0.0,0.0,0.0
1.0447306632995605,0.5184850692749023,0.9797931909561157,0.4274109899997711,0.8950185775756836,0.4026590585708618,0.8323731422424316,0.44191062450408936,0.78990238904953,0.4876030385494232,0.8712429404258728,0.3898908197879791,0.7679919600486755,0.3718549609184265,0.7025796175003052,0.36046287417411804,0.6470733284950256,0.3536815047264099,0.8854857087135315,0.4673929512500763,0.7584216594696045,0.5126105546951294,0.6894669532775879,0.5370107889175415,0.6320844888687134,0.5590149164199829,0.8983414173126221,0.5464110374450684,0.7901361584663391,0.5777326822280884,0.8017439842224121,0.5616267323493958,0.8320912718772888,0.5472713112831116,0.9089849591255188,0.6119937300682068,0.8049337267875671,0.6272526383399963,0.7646601796150208,0.6255804300308228,0.7393314838409424,0.6171750426292419,0.0,0.0,0.0,0.0,0.0,0.0,0.0,0.0,0.0,0.0,0.0,0.0,0.0,0.0,0.0,0.0,0.0,0.0,0.0,0.0,0.0,0.0,0.0,0.0,0.0,0.0,0.0,0.0,0.0,0.0,0.0,0.0,0.0,0.0,0.0,0.0,0.0,0.0,0.0,0.0,0.0,0.0
1.042507290840149,0.5152971148490906,0.9776788949966431,0.42714956402778625,0.8924834132194519,0.40279054641723633,0.8271721005439758,0.4389539361000061,0.7830167412757874,0.4831821918487549,0.875279426574707,0.38797253370285034,0.7673361897468567,0.3699148893356323,0.7017683982849121,0.36094996333122253,0.6476811170578003,0.3546070456504822,0.8895736932754517,0.4696337580680847,0.7568042278289795,0.5161500573158264,0.685007631778717,0.5421541929244995,0.6288223266601562,0.5647480487823486,0.9013569951057434,0.5478932857513428,0.7864989638328552,0.5726304650306702,0.7936280965805054,0.5553673505783081,0.8205286264419556,0.5433623194694519,0.9107131958007812,0.6114802360534668,0.8074889779090881,0.6207885146141052,0.7814247608184814,0.6109532713890076,0.7705339193344116,0.5990369319915771,0.0,0.0,0.0,0.0,0.0,0.0,0.0,0.0,0.0,0.0,0.0,0.0,0.0,0.0,0.0,0.0,0.0,0.0,0.0,0.0,0.0,0.0,0.0,0.0,0.0,0.0,0.0,0.0,0.0,0.0,0.0,0.0,0.0,0.0,0.0,0.0,0.0,0.0,0.0,0.0,0.0,0.0
1.040055274963379,0.5202588438987732,0.9802524447441101,0.43297383189201355,0.8946914076805115,0.4049474596977234,0.8242326974868774,0.43590623140335083,0.7806650996208191,0.4782889783382416,0.8756715655326843,0.38888102769851685,0.7677159309387207,0.37224534153938293,0.7036761045455933,0.36220645904541016,0.6509494781494141,0.3538474142551422,0.8871976733207703,0.46991026401519775,0.7582921981811523,0.5152937173843384,0.6880224943161011,0.5389685034751892,0.633858323097229,0.5610581040382385,0.8987209796905518,0.5475183725357056,0.7877248525619507,0.5721716284751892,0.8086801767349243,0.5497212409973145,0.8431513905525208,0.5378950834274292,0.9080657958984375,0.6099578738212585,0.8189655542373657,0.6118538975715637,0.831270158290863,0.5898773074150085,0.8547084331512451,0.575024425983429,0.0,0.0,0.0,0.0,0.0,0.0,0.0,0.0,0.0,0.0,0.0,0.0,0.0,0.0,0.0,0.0,0.0,0.0,0.0,0.0,0.0,0.0,0.0,0.0,0.0,0.0,0.0,0.0,0.0,0.0,0.0,0.0,0.0,0.0,0.0,0.0,0.0,0.0,0.0,0.0,0.0,0.0
1.0432541370391846,0.5180636644363403,0.9795869588851929,0.42928948998451233,0.8978551030158997,0.4056435227394104,0.8360276818275452,0.44549113512039185,0.7950806617736816,0.4931710660457611,0.8751958608627319,0.3886963129043579,0.7683241367340088,0.3748286962509155,0.7044528126716614,0.3642186224460602,0.6508454084396362,0.35654041171073914,0.8886607885360718,0.46858566999435425,0.7609819769859314,0.5149526596069336,0.6927450895309448,0.5418368577957153,0.6382772922515869,0.5667417049407959,0.9000081419944763,0.5466546416282654,0.7929238080978394,0.5730730891227722,0.8087838888168335,0.5498582124710083,0.8398311734199524,0.534313440322876,0.9091654419898987,0.6099939346313477,0.8195534348487854,0.6145662069320679,0.8133963942527771,0.5969457626342773,0.8174307942390442,0.5797276496887207,0.0,0.0,0.0,0.0,0.0,0.0,0.0,0.0,0.0,0.0,0.0,0.0,0.0,0.0,0.0,0.0,0.0,0.0,0.0,0.0,0.0,0.0,0.0,0.0,0.0,0.0,0.0,0.0,0.0,0.0,0.0,0.0,0.0,0.0,0.0,0.0,0.0,0.0,0.0,0.0,0.0,0.0
1.0421983003616333,0.5157196521759033,0.9789949059486389,0.4268707036972046,0.8950618505477905,0.402346670627594,0.831114649772644,0.441606730222702,0.7908919453620911,0.4890141189098358,0.8740611672401428,0.386165589094162,0.7669056057929993,0.37219029664993286,0.7028036713600159,0.3640071153640747,0.649308443069458,0.3579231798648834,0.8880510926246643,0.46705374121665955,0.7600302696228027,0.5157463550567627,0.6923311948776245,0.5441973209381104,0.6382083892822266,0.5684191584587097,0.9007589221000671,0.545727014541626,0.793746829032898,0.574884295463562,0.8072560429573059,0.5547437071800232,0.8366127610206604,0.5394020676612854,0.9110795855522156,0.6102107763290405,0.8144317269325256,0.6199926137924194,0.7933400273323059,0.607588529586792,0.7845902442932129,0.5931779146194458,0.0,0.0,0.0,0.0,0.0,0.0,0.0,0.0,0.0,0.0,0.0,0.0,0.0,0.0,0.0,0.0,0.0,0.0,0.0,0.0,0.0,0.0,0.0,0.0,0.0,0.0,0.0,0.0,0.0,0.0,0.0,0.0,0.0,0.0,0.0,0.0,0.0,0.0,0.0,0.0,0.0,0.0
1.0407053232192993,0.5147882699966431,0.9794186353683472,0.4267042875289917,0.896195113658905,0.4020995497703552,0.8299697041511536,0.43797141313552856,0.7896015644073486,0.48499539494514465,0.8757756948471069,0.386762410402298,0.7667709589004517,0.3733690083026886,0.7027236223220825,0.36531776189804077,0.6498847603797913,0.35823875665664673,0.8875890970230103,0.4689960777759552,0.7582653760910034,0.5175734758377075,0.6889035701751709,0.5431755781173706,0.6358672380447388,0.5653003454208374,0.8993119597434998,0.5466972589492798,0.7915233969688416,0.5730816125869751,0.8070627450942993,0.5486199855804443,0.8380919694900513,0.5335512161254883,0.9089952707290649,0.6093713045120239,0.8192562460899353,0.6132321357727051,0.8206378221511841,0.5902740955352783,0.8340198397636414,0.5719239115715027,0.0,0.0,0.0,0.0,0.0,0.0,0.0,0.0,0.0,0.0,0.0,0.0,0.0,0.0,0.0,0.0,0.0,0.0,0.0,0.0,0.0,0.0,0.0,0.0,0.0,0.0,0.0,0.0,0.0,0.0,0.0,0.0,0.0,0.0,0.0,0.0,0.0,0.0,0.0,0.0,0.0,0.0
1.035545825958252,0.5045433044433594,0.9691445231437683,0.42039257287979126,0.8865497708320618,0.39939460158348083,0.8270589709281921,0.4403453767299652,0.785668134689331,0.48544561862945557,0.8666373491287231,0.3847569227218628,0.7622163891792297,0.3730315566062927,0.6991355419158936,0.36431804299354553,0.6458174586296082,0.3590152859687805,0.883059024810791,0.46516677737236023,0.75764000415802,0.5144396424293518,0.689876914024353,0.5416422486305237,0.634800374507904,0.5670651793479919,0.8955049514770508,0.543528139591217,0.7886313199996948,0.5696909427642822,0.8013848662376404,0.5459434390068054,0.8294398784637451,0.5301340222358704,0.9058765172958374,0.6053340435028076,0.8152726292610168,0.6077979207038879,0.8056365251541138,0.5888878107070923,0.8065294623374939,0.5710211396217346,0.0,0.0,0.0,0.0,0.0,0.0,0.0,0.0,0.0,0.0,0.0,0.0,0.0,0.0,0.0,0.0,0.0,0.0,0.0,0.0,0.0,0.0,0.0,0.0,0.0,0.0,0.0,0.0,0.0,0.0,0.0,0.0,0.0,0.0,0.0,0.0,0.0,0.0,0.0,0.0,0.0,0.0
1.0364524126052856,0.5051586627960205,0.972675621509552,0.4210614562034607,0.8896558880805969,0.3994922637939453,0.828684389591217,0.4409049153327942,0.786455512046814,0.4853553771972656,0.8685521483421326,0.3849824368953705,0.7623969316482544,0.3720312714576721,0.6986931562423706,0.3631298542022705,0.6455650329589844,0.3566412329673767,0.8831844925880432,0.4666364789009094,0.7574511170387268,0.5131442546844482,0.6893398761749268,0.5396319627761841,0.6344613432884216,0.5646783113479614,0.8951016068458557,0.5440903306007385,0.7856726050376892,0.5685395002365112,0.7982116937637329,0.5450838804244995,0.8271217346191406,0.5310484170913696,0.9054508805274963,0.604671061038971,0.814935564994812,0.6047055721282959,0.8079076409339905,0.5838444232940674,0.8118578791618347,0.5660651922225952,0.0,0.0,0.0,0.0,0.0,0.0,0.0,0.0,0.0,0.0,0.0,0.0,0.0,0.0,0.0,0.0,0.0,0.0,0.0,0.0,0.0,0.0,0.0,0.0,0.0,0.0,0.0,0.0,0.0,0.0,0.0,0.0,0.0,0.0,0.0,0.0,0.0,0.0,0.0,0.0,0.0,0.0
1.0344452857971191,0.5067214965820312,0.9661262035369873,0.42399951815605164,0.8858140110969543,0.4030458629131317,0.8292440176010132,0.4444415271282196,0.7876610159873962,0.48775336146354675,0.8587274551391602,0.3880326747894287,0.7596917748451233,0.37515074014663696,0.6964145302772522,0.3636527359485626,0.6434901356697083,0.3594928979873657,0.8757269382476807,0.4644084572792053,0.7565867900848389,0.5148406624794006,0.6902948617935181,0.5422240495681763,0.6354454159736633,0.5691078901290894,0.888249397277832,0.5430775880813599,0.7885262966156006,0.5702570080757141,0.8032564520835876,0.54998379945755,0.8302873969078064,0.5363956093788147,0.8988113403320312,0.6040220856666565,0.8176001906394958,0.6047897338867188,0.8133055567741394,0.5854610204696655,0.8165642619132996,0.5669345259666443,0.0,0.0,0.0,0.0,0.0,0.0,0.0,0.0,0.0,0.0,0.0,0.0,0.0,0.0,0.0,0.0,0.0,0.0,0.0,0.0,0.0,0.0,0.0,0.0,0.0,0.0,0.0,0.0,0.0,0.0,0.0,0.0,0.0,0.0,0.0,0.0,0.0,0.0,0.0,0.0,0.0,0.0
1.0373311042785645,0.5105759501457214,0.9710055589675903,0.4260169267654419,0.8878905177116394,0.40276601910591125,0.8283833861351013,0.44129109382629395,0.785119354724884,0.48425373435020447,0.8639465570449829,0.38716772198677063,0.7616653442382812,0.3748399615287781,0.6985212564468384,0.3630024492740631,0.6451162695884705,0.35612523555755615,0.878882884979248,0.46642062067985535,0.7562719583511353,0.5165507793426514,0.6891125440597534,0.5428223609924316,0.6337824463844299,0.568652868270874,0.890609860420227,0.5451379418373108,0.7879924178123474,0.5722553730010986,0.8058279156684875,0.5496876835823059,0.8355177640914917,0.5362294316291809,0.9005160927772522,0.6067696213722229,0.8162527084350586,0.6072757840156555,0.815587043762207,0.5872458219528198,0.8227018117904663,0.5696561932563782,0.0,0.0,0.0,0.0,0.0,0.0,0.0,0.0,0.0,0.0,0.0,0.0,0.0,0.0,0.0,0.0,0.0,0.0,0.0,0.0,0.0,0.0,0.0,0.0,0.0,0.0,0.0,0.0,0.0,0.0,0.0,0.0,0.0,0.0,0.0,0.0,0.0,0.0,0.0,0.0,0.0,0.0
1.0330743789672852,0.511023223400116,0.9620589017868042,0.42913302779197693,0.8828458786010742,0.40683555603027344,0.8271175622940063,0.44242626428604126,0.7822653651237488,0.48122531175613403,0.857441782951355,0.387880802154541,0.7605536580085754,0.37745094299316406,0.6969759464263916,0.36428117752075195,0.6445909142494202,0.35917848348617554,0.8751868605613708,0.4637228548526764,0.7553577423095703,0.5153377056121826,0.6897032856941223,0.5427775979042053,0.6350786685943604,0.5688148736953735,0.8871526122093201,0.5424856543540955,0.7892075777053833,0.5724717974662781,0.8058502078056335,0.5539314150810242,0.8330787420272827,0.5407819747924805,0.8971854448318481,0.6038823127746582,0.8184367418289185,0.6093128323554993,0.8141498565673828,0.5907161831855774,0.8165695071220398,0.5721791982650757,0.0,0.0,0.0,0.0,0.0,0.0,0.0,0.0,0.0,0.0,0.0,0.0,0.0,0.0,0.0,0.0,0.0,0.0,0.0,0.0,0.0,0.0,0.0,0.0,0.0,0.0,0.0,0.0,0.0,0.0,0.0,0.0,0.0,0.0,0.0,0.0,0.0,0.0,0.0,0.0,0.0,0.0
1.0358057022094727,0.5121319890022278,0.9741934537887573,0.4251970648765564,0.8915654420852661,0.4015292525291443,0.8281598091125488,0.43877702951431274,0.7882307767868042,0.4867016673088074,0.8695626854896545,0.3857616186141968,0.7626720666885376,0.37293219566345215,0.6997038125991821,0.36353808641433716,0.6473759412765503,0.35587024688720703,0.8819335103034973,0.46615949273109436,0.7550317645072937,0.5168682932853699,0.6870121359825134,0.544069230556488,0.6344757676124573,0.5688563585281372,0.8946376442909241,0.5432389974594116,0.7887506484985352,0.5715478658676147,0.8087180256843567,0.5463703274726868,0.8414502143859863,0.531764805316925,0.9056717157363892,0.6050547957420349,0.8193314075469971,0.610046923160553,0.8284593820571899,0.5866538286209106,0.8476261496543884,0.5684829354286194,0.0,0.0,0.0,0.0,0.0,0.0,0.0,0.0,0.0,0.0,0.0,0.0,0.0,0.0,0.0,0.0,0.0,0.0,0.0,0.0,0.0,0.0,0.0,0.0,0.0,0.0,0.0,0.0,0.0,0.0,0.0,0.0,0.0,0.0,0.0,0.0,0.0,0.0,0.0,0.0,0.0,0.0
1.0357847213745117,0.5080554485321045,0.9682646989822388,0.4240770637989044,0.8864995837211609,0.40331360697746277,0.8288803100585938,0.4456276595592499,0.7867386937141418,0.4916902184486389,0.8618625998497009,0.38832613825798035,0.761801540851593,0.3757796585559845,0.7002136707305908,0.36363473534584045,0.6477385759353638,0.35737407207489014,0.8784806728363037,0.46541184186935425,0.7559221982955933,0.5170283317565918,0.6907250285148621,0.5451214909553528,0.6364384889602661,0.5712155699729919,0.8915096521377563,0.5434531569480896,0.7903323769569397,0.5732628703117371,0.8054824471473694,0.552819550037384,0.83370041847229,0.5380810499191284,0.902558445930481,0.6060971021652222,0.8146583437919617,0.614383339881897,0.7997598052024841,0.6021718978881836,0.7935720086097717,0.5877381563186646,0.0,0.0,0.0,0.0,0.0,0.0,0.0,0.0,0.0,0.0,0.0,0.0,0.0,0.0,0.0,0.0,0.0,0.0,0.0,0.0,0.0,0.0,0.0,0.0,0.0,0.0,0.0,0.0,0.0,0.0,0.0,0.0,0.0,0.0,0.0,0.0,0.0,0.0,0.0,0.0,0.0,0.0
1.036043405532837,0.5047167539596558,0.9725130796432495,0.4225982129573822,0.8877960443496704,0.4015084505081177,0.8229944109916687,0.44059330224990845,0.7822322845458984,0.4860885441303253,0.8671045899391174,0.3885343670845032,0.7622866630554199,0.37211155891418457,0.6995691061019897,0.3612877130508423,0.647870659828186,0.35336679220199585,0.8798115849494934,0.4694536030292511,0.7551652193069458,0.5178290009498596,0.6880042552947998,0.545368492603302,0.6345072388648987,0.5719471573829651,0.8926754593849182,0.54610675573349,0.7895346879959106,0.5730530619621277,0.808276355266571,0.5484014749526978,0.8389614820480347,0.534681499004364,0.9040132164955139,0.6073454022407532,0.8174303770065308,0.6106576919555664,0.8190421462059021,0.588253378868103,0.8296729326248169,0.5708503127098083,0.0,0.0,0.0,0.0,0.0,0.0,0.0,0.0,0.0,0.0,0.0,0.0,0.0,0.0,0.0,0.0,0.0,0.0,0.0,0.0,0.0,0.0,0.0,0.0,0.0,0.0,0.0,0.0,0.0,0.0,0.0,0.0,0.0,0.0,0.0,0.0,0.0,0.0,0.0,0.0,0.0,0.0
1.0356494188308716,0.5044718980789185,0.9730401635169983,0.42285770177841187,0.8886536359786987,0.40076422691345215,0.8254411816596985,0.43973308801651,0.7847136855125427,0.487221360206604,0.8660428524017334,0.39018869400024414,0.7620011568069458,0.37187957763671875,0.6985219717025757,0.3596441447734833,0.6464685201644897,0.3508605360984802,0.8792638182640076,0.46947741508483887,0.755756139755249,0.5179263353347778,0.6889457106590271,0.5457860827445984,0.6351339817047119,0.5723196864128113,0.8921468257904053,0.5460556745529175,0.7882987856864929,0.5733503699302673,0.8066983222961426,0.5516961216926575,0.8380741477012634,0.539709210395813,0.9041770696640015,0.6068065762519836,0.8164077997207642,0.6075923442840576,0.8152040839195251,0.5874803066253662,0.8233060836791992,0.5716830492019653,0.0,0.0,0.0,0.0,0.0,0.0,0.0,0.0,0.0,0.0,0.0,0.0,0.0,0.0,0.0,0.0,0.0,0.0,0.0,0.0,0.0,0.0,0.0,0.0,0.0,0.0,0.0,0.0,0.0,0.0,0.0,0.0,0.0,0.0,0.0,0.0,0.0,0.0,0.0,0.0,0.0,0.0
1.0316568613052368,0.505862832069397,0.964962899684906,0.42501211166381836,0.8818351030349731,0.4035540223121643,0.8207593560218811,0.44073033332824707,0.7754836082458496,0.482564240694046,0.8590522408485413,0.3913465440273285,0.7599325180053711,0.3742234706878662,0.6969058513641357,0.3602987825870514,0.6441373825073242,0.35315051674842834,0.8758155107498169,0.46869564056396484,0.7556124925613403,0.5195502042770386,0.6898896098136902,0.5467369556427002,0.635531485080719,0.5748445987701416,0.8886157870292664,0.5469485521316528,0.7867611050605774,0.5757881999015808,0.8051651120185852,0.553290605545044,0.8352497816085815,0.5400652885437012,0.900181233882904,0.607622504234314,0.8181044459342957,0.6090562343597412,0.8215428590774536,0.5874320864677429,0.8328925371170044,0.5690406560897827,0.0,0.0,0.0,0.0,0.0,0.0,0.0,0.0,0.0,0.0,0.0,0.0,0.0,0.0,0.0,0.0,0.0,0.0,0.0,0.0,0.0,0.0,0.0,0.0,0.0,0.0,0.0,0.0,0.0,0.0,0.0,0.0,0.0,0.0,0.0,0.0,0.0,0.0,0.0,0.0,0.0,0.0
1.028654932975769,0.5053914785385132,0.9581578969955444,0.42755192518234253,0.8784730434417725,0.41017386317253113,0.8249478340148926,0.44698596000671387,0.7809855937957764,0.4864031970500946,0.8547238111495972,0.3923182785511017,0.7601132988929749,0.37647873163223267,0.6973713636398315,0.36002635955810547,0.6452751755714417,0.35357367992401123,0.8726301789283752,0.4699133336544037,0.7545230984687805,0.5194486975669861,0.6915265321731567,0.5470671057701111,0.6377428770065308,0.5765180587768555,0.884279727935791,0.5489838123321533,0.787319540977478,0.5757835507392883,0.8066999912261963,0.5538601279258728,0.8351718187332153,0.5411531329154968,0.8941594958305359,0.6088628768920898,0.8181490898132324,0.6087912321090698,0.8180042505264282,0.5879800915718079,0.8237055540084839,0.5702457427978516,0.0,0.0,0.0,0.0,0.0,0.0,0.0,0.0,0.0,0.0,0.0,0.0,0.0,0.0,0.0,0.0,0.0,0.0,0.0,0.0,0.0,0.0,0.0,0.0,0.0,0.0,0.0,0.0,0.0,0.0,0.0,0.0,0.0,0.0,0.0,0.0,0.0,0.0,0.0,0.0,0.0,0.0
1.0285017490386963,0.5123078227043152,0.9628350734710693,0.43061238527297974,0.8807893395423889,0.40957263112068176,0.8227624297142029,0.44652050733566284,0.7780584096908569,0.4865363836288452,0.8583731651306152,0.3914404809474945,0.7607070803642273,0.37456223368644714,0.6991026401519775,0.35802924633026123,0.6469843983650208,0.3481048345565796,0.8739993572235107,0.4687678813934326,0.7534089088439941,0.5192474126815796,0.6889693737030029,0.5476986765861511,0.6348385214805603,0.5754943490028381,0.8856610655784607,0.5467999577522278,0.7871715426445007,0.5741528272628784,0.8063275218009949,0.5547176599502563,0.8362132906913757,0.5433909893035889,0.8960765600204468,0.6074589490890503,0.8165721297264099,0.6069027781486511,0.816032350063324,0.5877395272254944,0.821868360042572,0.57218337059021,0.0,0.0,0.0,0.0,0.0,0.0,0.0,0.0,0.0,0.0,0.0,0.0,0.0,0.0,0.0,0.0,0.0,0.0,0.0,0.0,0.0,0.0,0.0,0.0,0.0,0.0,0.0,0.0,0.0,0.0,0.0,0.0,0.0,0.0,0.0,0.0,0.0,0.0,0.0,0.0,0.0,0.0
1.0281070470809937,0.5127855539321899,0.9648109674453735,0.42788463830947876,0.882648229598999,0.404153436422348,0.8217952847480774,0.44325119256973267,0.7774189710617065,0.48831629753112793,0.8629242777824402,0.38943514227867126,0.7618452906608582,0.3754827380180359,0.6996230483055115,0.36186376214027405,0.646362841129303,0.3529740571975708,0.8785569071769714,0.46829211711883545,0.7547569870948792,0.5203717947006226,0.6894810199737549,0.5458984375,0.636352002620697,0.5713064670562744,0.8905739784240723,0.5457413196563721,0.7876928448677063,0.5726174712181091,0.809148371219635,0.5488262176513672,0.8412243127822876,0.5352588295936584,0.9002653360366821,0.6066478490829468,0.8186426758766174,0.6085066199302673,0.8293009996414185,0.5873100161552429,0.8470025658607483,0.5699490308761597,0.0,0.0,0.0,0.0,0.0,0.0,0.0,0.0,0.0,0.0,0.0,0.0,0.0,0.0,0.0,0.0,0.0,0.0,0.0,0.0,0.0,0.0,0.0,0.0,0.0,0.0,0.0,0.0,0.0,0.0,0.0,0.0,0.0,0.0,0.0,0.0,0.0,0.0,0.0,0.0,0.0,0.0
1.0267058610916138,0.5085883140563965,0.9587517976760864,0.4258333742618561,0.8791869282722473,0.40498727560043335,0.8230160474777222,0.44600334763526917,0.7786576747894287,0.4870690405368805,0.8575964570045471,0.3894975185394287,0.7591272592544556,0.37789279222488403,0.6974620223045349,0.36351120471954346,0.6455420851707458,0.356466680765152,0.8758827447891235,0.466348797082901,0.7547627091407776,0.5191408395767212,0.689524233341217,0.5456994771957397,0.636711061000824,0.5729339122772217,0.8881335258483887,0.5452584028244019,0.7872720956802368,0.5737743377685547,0.8067721724510193,0.5489712357521057,0.8360529541969299,0.5331928133964539,0.897969126701355,0.606010913848877,0.8199177384376526,0.6099888682365417,0.8268605470657349,0.5879455804824829,0.8403241038322449,0.5685563683509827,0.0,0.0,0.0,0.0,0.0,0.0,0.0,0.0,0.0,0.0,0.0,0.0,0.0,0.0,0.0,0.0,0.0,0.0,0.0,0.0,0.0,0.0,0.0,0.0,0.0,0.0,0.0,0.0,0.0,0.0,0.0,0.0,0.0,0.0,0.0,0.0,0.0,0.0,0.0,0.0,0.0,0.0
1.0274451971054077,0.5092099905014038,0.9627179503440857,0.4248209297657013,0.879998505115509,0.4036811888217926,0.8214829564094543,0.44315171241760254,0.7777384519577026,0.4876885712146759,0.8599010705947876,0.38960132002830505,0.7604559659957886,0.3740885257720947,0.6986743211746216,0.36019349098205566,0.646183967590332,0.35189372301101685,0.8757456541061401,0.46911484003067017,0.7543838620185852,0.519703209400177,0.6889817714691162,0.5453458428382874,0.6356025338172913,0.5703648328781128,0.8878419995307922,0.5470728874206543,0.7875276803970337,0.5714132189750671,0.8044002056121826,0.5484822988510132,0.8337043523788452,0.5353860855102539,0.8977052569389343,0.6076429486274719,0.8133370876312256,0.6101676225662231,0.8083159923553467,0.5917789340019226,0.8111834526062012,0.5755446553230286,0.0,0.0,0.0,0.0,0.0,0.0,0.0,0.0,0.0,0.0,0.0,0.0,0.0,0.0,0.0,0.0,0.0,0.0,0.0,0.0,0.0,0.0,0.0,0.0,0.0,0.0,0.0,0.0,0.0,0.0,0.0,0.0,0.0,0.0,0.0,0.0,0.0,0.0,0.0,0.0,0.0,0.0
1.0273696184158325,0.5090709328651428,0.9629907011985779,0.42445138096809387,0.8799651265144348,0.40389853715896606,0.8204932808876038,0.4447980523109436,0.7777009010314941,0.49034759402275085,0.8609938025474548,0.38843807578086853,0.7611950039863586,0.3726222813129425,0.6995459794998169,0.35870361328125,0.6473932862281799,0.35033440589904785,0.8768589496612549,0.46711990237236023,0.7547868490219116,0.5190004706382751,0.6889181137084961,0.544566810131073,0.6360884308815002,0.570158839225769,0.8894627690315247,0.544707715511322,0.7877968549728394,0.5709867477416992,0.8069589734077454,0.5466588735580444,0.8380712866783142,0.5336328148841858,0.8992766737937927,0.6055529117584229,0.8147671222686768,0.6071211695671082,0.8173072338104248,0.5853624939918518,0.8274286389350891,0.5680415630340576,0.0,0.0,0.0,0.0,0.0,0.0,0.0,0.0,0.0,0.0,0.0,0.0,0.0,0.0,0.0,0.0,0.0,0.0,0.0,0.0,0.0,0.0,0.0,0.0,0.0,0.0,0.0,0.0,0.0,0.0,0.0,0.0,0.0,0.0,0.0,0.0,0.0,0.0,0.0,0.0,0.0,0.0
1.0252091884613037,0.5077189207077026,0.9569372534751892,0.42481890320777893,0.875678539276123,0.405170738697052,0.8199405074119568,0.443368136882782,0.7739278078079224,0.4832671880722046,0.8567358255386353,0.38840800523757935,0.7603271007537842,0.37550026178359985,0.6986756920814514,0.36072254180908203,0.6461044549942017,0.3533002734184265,0.8754892945289612,0.46530959010124207,0.7535666227340698,0.5181804895401001,0.6894888877868652,0.5441130995750427,0.6366792321205139,0.5709607601165771,0.8876713514328003,0.5436844825744629,0.7860562205314636,0.5708476901054382,0.8090676665306091,0.5464819669723511,0.8401603698730469,0.5321799516677856,0.897803783416748,0.6036275029182434,0.8196156024932861,0.6058534383773804,0.8327004909515381,0.585241436958313,0.8521968722343445,0.5687453746795654,0.0,0.0,0.0,0.0,0.0,0.0,0.0,0.0,0.0,0.0,0.0,0.0,0.0,0.0,0.0,0.0,0.0,0.0,0.0,0.0,0.0,0.0,0.0,0.0,0.0,0.0,0.0,0.0,0.0,0.0,0.0,0.0,0.0,0.0,0.0,0.0,0.0,0.0,0.0,0.0,0.0,0.0
1.028533697128296,0.500961184501648,0.9663507342338562,0.4155919551849365,0.8851984143257141,0.3941041827201843,0.8249039649963379,0.43363767862319946,0.7860382795333862,0.48172834515571594,0.8654589056968689,0.3867415189743042,0.7619441747665405,0.3732302188873291,0.6994075179100037,0.3631470203399658,0.6473233699798584,0.3556022644042969,0.8784335255622864,0.4671711027622223,0.7544519901275635,0.5196800231933594,0.6898420453071594,0.547516405582428,0.6388806104660034,0.5733609795570374,0.8912351727485657,0.5421102046966553,0.788124144077301,0.5669544339179993,0.8073071241378784,0.5394968390464783,0.8396934866905212,0.5232993364334106,0.9028634428977966,0.60059654712677,0.8201130628585815,0.602883517742157,0.8305358290672302,0.5798432230949402,0.8507769107818604,0.5620145797729492,0.0,0.0,0.0,0.0,0.0,0.0,0.0,0.0,0.0,0.0,0.0,0.0,0.0,0.0,0.0,0.0,0.0,0.0,0.0,0.0,0.0,0.0,0.0,0.0,0.0,0.0,0.0,0.0,0.0,0.0,0.0,0.0,0.0,0.0,0.0,0.0,0.0,0.0,0.0,0.0,0.0,0.0
1.0289385318756104,0.49478453397750854,0.9637541770935059,0.41270047426223755,0.8818960189819336,0.3928765654563904,0.8231385350227356,0.43084535002708435,0.7833788394927979,0.4778558611869812,0.8596385717391968,0.38834404945373535,0.7602642178535461,0.37242674827575684,0.6976436972618103,0.3625923991203308,0.6450773477554321,0.3567897081375122,0.8754868507385254,0.46600157022476196,0.7552585005760193,0.5162597894668579,0.6910860538482666,0.5444613695144653,0.6380817890167236,0.5715090036392212,0.8898724913597107,0.541551947593689,0.7872578501701355,0.5709120035171509,0.8007940053939819,0.546911895275116,0.8305180668830872,0.5306384563446045,0.9031869173049927,0.601168692111969,0.8160353302955627,0.6055750250816345,0.8095542788505554,0.5873367190361023,0.8142045140266418,0.5703399777412415,0.0,0.0,0.0,0.0,0.0,0.0,0.0,0.0,0.0,0.0,0.0,0.0,0.0,0.0,0.0,0.0,0.0,0.0,0.0,0.0,0.0,0.0,0.0,0.0,0.0,0.0,0.0,0.0,0.0,0.0,0.0,0.0,0.0,0.0,0.0,0.0,0.0,0.0,0.0,0.0,0.0,0.0
1.0297396183013916,0.4860849678516388,0.9647728800773621,0.4081805646419525,0.8817567229270935,0.39456743001937866,0.8243881464004517,0.437465101480484,0.7910505533218384,0.48793825507164,0.8613207936286926,0.38577336072921753,0.760145902633667,0.3720307946205139,0.6988522410392761,0.36028218269348145,0.6489874720573425,0.3505588173866272,0.8738108277320862,0.4640353322029114,0.7551003098487854,0.5173771977424622,0.6902617812156677,0.5450649857521057,0.6402239799499512,0.5720755457878113,0.8892033100128174,0.5378056168556213,0.790142297744751,0.5659381747245789,0.8105100989341736,0.5397347211837769,0.8430739045143127,0.5264695882797241,0.9043633937835693,0.5957930684089661,0.8213678598403931,0.6012840270996094,0.8338978886604309,0.5779198408126831,0.8572489619255066,0.56294846534729,0.0,0.0,0.0,0.0,0.0,0.0,0.0,0.0,0.0,0.0,0.0,0.0,0.0,0.0,0.0,0.0,0.0,0.0,0.0,0.0,0.0,0.0,0.0,0.0,0.0,0.0,0.0,0.0,0.0,0.0,0.0,0.0,0.0,0.0,0.0,0.0,0.0,0.0,0.0,0.0,0.0,0.0
1.0357774496078491,0.4863766133785248,0.9700613617897034,0.4075670838356018,0.8887941241264343,0.3954945504665375,0.8322625756263733,0.43821537494659424,0.8000398278236389,0.49029746651649475,0.8674343228340149,0.3875347971916199,0.765645444393158,0.37415972352027893,0.7049489617347717,0.36316803097724915,0.654729425907135,0.35340219736099243,0.8801143765449524,0.4670872390270233,0.7650296092033386,0.5187675952911377,0.6980687379837036,0.5477991104125977,0.6464674472808838,0.5746279954910278,0.8963350653648376,0.5419566035270691,0.7971736788749695,0.5717403292655945,0.8139470815658569,0.5449334979057312,0.8457655310630798,0.5298240184783936,0.911766767501831,0.6000328660011292,0.8295228481292725,0.6065267324447632,0.8401936292648315,0.5819478034973145,0.8639451861381531,0.5649310350418091,0.0,0.0,0.0,0.0,0.0,0.0,0.0,0.0,0.0,0.0,0.0,0.0,0.0,0.0,0.0,0.0,0.0,0.0,0.0,0.0,0.0,0.0,0.0,0.0,0.0,0.0,0.0,0.0,0.0,0.0,0.0,0.0,0.0,0.0,0.0,0.0,0.0,0.0,0.0,0.0,0.0,0.0
1.0358591079711914,0.48932474851608276,0.9664347767829895,0.4122864603996277,0.8851190209388733,0.39879167079925537,0.8329209685325623,0.44392478466033936,0.798536479473114,0.49531254172325134,0.8633882999420166,0.3897615373134613,0.7679367661476135,0.3790337145328522,0.7069700360298157,0.3672311305999756,0.6561490893363953,0.35947877168655396,0.8806843757629395,0.4678354263305664,0.7654862999916077,0.5248810052871704,0.7001564502716064,0.5534638166427612,0.6481825113296509,0.5827288627624512,0.8966714143753052,0.5444496870040894,0.7981371879577637,0.5781084299087524,0.8150954246520996,0.5513449311256409,0.8461333513259888,0.5346043705940247,0.9113454222679138,0.6036689281463623,0.8303360342979431,0.6115677356719971,0.8397600054740906,0.588289201259613,0.8602792620658875,0.5686387419700623,0.0,0.0,0.0,0.0,0.0,0.0,0.0,0.0,0.0,0.0,0.0,0.0,0.0,0.0,0.0,0.0,0.0,0.0,0.0,0.0,0.0,0.0,0.0,0.0,0.0,0.0,0.0,0.0,0.0,0.0,0.0,0.0,0.0,0.0,0.0,0.0,0.0,0.0,0.0,0.0,0.0,0.0
1.0488933324813843,0.507885217666626,0.982537031173706,0.4268791377544403,0.9013347029685974,0.4134178161621094,0.8444075584411621,0.4557237923145294,0.8118334412574768,0.51045823097229,0.8846742510795593,0.40703630447387695,0.7814550399780273,0.3871721923351288,0.7189244627952576,0.377183735370636,0.6673449873924255,0.36872971057891846,0.8986225128173828,0.48552405834198,0.780779242515564,0.5333268046379089,0.7108344435691833,0.5609061121940613,0.6573788523674011,0.5850895047187805,0.9140477776527405,0.5606973171234131,0.808407723903656,0.586836576461792,0.8190539479255676,0.5616246461868286,0.8487820625305176,0.5472790002822876,0.9269267320632935,0.6195488572120667,0.8383388519287109,0.6266602873802185,0.8432902097702026,0.602096676826477,0.8639657497406006,0.5843585729598999,0.0,0.0,0.0,0.0,0.0,0.0,0.0,0.0,0.0,0.0,0.0,0.0,0.0,0.0,0.0,0.0,0.0,0.0,0.0,0.0,0.0,0.0,0.0,0.0,0.0,0.0,0.0,0.0,0.0,0.0,0.0,0.0,0.0,0.0,0.0,0.0,0.0,0.0,0.0,0.0,0.0,0.0
1.0462265014648438,0.5122799277305603,0.9764665961265564,0.4320690631866455,0.8920308947563171,0.4216308891773224,0.8342095017433167,0.4668804407119751,0.7973860502243042,0.5210691690444946,0.8829362392425537,0.41446810960769653,0.7832099795341492,0.39637964963912964,0.7211287021636963,0.3832760453224182,0.669331431388855,0.37530457973480225,0.9008198976516724,0.49349528551101685,0.7828894853591919,0.5420770049095154,0.7117258310317993,0.5689206719398499,0.6576610803604126,0.5978052020072937,0.9166768789291382,0.5713282823562622,0.8084571361541748,0.5938398241996765,0.8174242973327637,0.5606528520584106,0.8481271266937256,0.5416809916496277,0.9297741651535034,0.6313162446022034,0.8372381329536438,0.6330642700195312,0.8418418765068054,0.604081928730011,0.863575279712677,0.5837870240211487,0.0,0.0,0.0,0.0,0.0,0.0,0.0,0.0,0.0,0.0,0.0,0.0,0.0,0.0,0.0,0.0,0.0,0.0,0.0,0.0,0.0,0.0,0.0,0.0,0.0,0.0,0.0,0.0,0.0,0.0,0.0,0.0,0.0,0.0,0.0,0.0,0.0,0.0,0.0,0.0,0.0,0.0
1.0465567111968994,0.5260685682296753,0.9810852408409119,0.4447133243083954,0.8973314762115479,0.42913326621055603,0.8385464549064636,0.46820470690727234,0.8021773099899292,0.5221782922744751,0.8919320106506348,0.42265376448631287,0.7884231209754944,0.40545788407325745,0.7265279293060303,0.3933354318141937,0.6753100156784058,0.3838486671447754,0.9082441926002502,0.5001965165138245,0.7850359678268433,0.5491170883178711,0.71422278881073,0.5740463733673096,0.6613833904266357,0.5990718007087708,0.9228704571723938,0.5774403810501099,0.8106488585472107,0.5996947884559631,0.8233343362808228,0.569268524646759,0.8561490774154663,0.552879810333252,0.9349746704101562,0.6390913128852844,0.8406527042388916,0.643675684928894,0.8526701927185059,0.6181826591491699,0.8813577890396118,0.601769208908081,0.0,0.0,0.0,0.0,0.0,0.0,0.0,0.0,0.0,0.0,0.0,0.0,0.0,0.0,0.0,0.0,0.0,0.0,0.0,0.0,0.0,0.0,0.0,0.0,0.0,0.0,0.0,0.0,0.0,0.0,0.0,0.0,0.0,0.0,0.0,0.0,0.0,0.0,0.0,0.0,0.0,0.0
1.0463712215423584,0.5298890471458435,0.9802663922309875,0.44620221853256226,0.8943197727203369,0.4328828454017639,0.8359144926071167,0.47803473472595215,0.7994954586029053,0.5333462357521057,0.896310567855835,0.4284750521183014,0.7931623458862305,0.41191211342811584,0.7313913106918335,0.3991199731826782,0.6786465644836426,0.38969850540161133,0.9134237766265869,0.511091947555542,0.7941941022872925,0.5551066994667053,0.7211642265319824,0.5787941813468933,0.6662479639053345,0.6047300696372986,0.9263770580291748,0.5928572416305542,0.8121737241744995,0.6069622039794922,0.823630690574646,0.5715939998626709,0.8574174046516418,0.5541985630989075,0.9355900287628174,0.6560347080230713,0.839188277721405,0.649380624294281,0.84868323802948,0.6180009245872498,0.8756319880485535,0.6006840467453003,0.0,0.0,0.0,0.0,0.0,0.0,0.0,0.0,0.0,0.0,0.0,0.0,0.0,0.0,0.0,0.0,0.0,0.0,0.0,0.0,0.0,0.0,0.0,0.0,0.0,0.0,0.0,0.0,0.0,0.0,0.0,0.0,0.0,0.0,0.0,0.0,0.0,0.0,0.0,0.0,0.0,0.0
1.0305702686309814,0.5566990971565247,0.9635109901428223,0.47365936636924744,0.8850650191307068,0.4557484984397888,0.8340641260147095,0.4926415681838989,0.7920114398002625,0.5396063327789307,0.88190096616745,0.44584131240844727,0.7896181344985962,0.42804306745529175,0.7296457886695862,0.4142395257949829,0.6785482168197632,0.40849530696868896,0.9043599963188171,0.5238733291625977,0.7806705236434937,0.5705176591873169,0.7133493423461914,0.5932219624519348,0.6606922149658203,0.6195108890533447,0.9167636632919312,0.6061695218086243,0.8071386814117432,0.6182688474655151,0.8255220651626587,0.5897220969200134,0.8567808866500854,0.5762124061584473,0.9257780909538269,0.6696033477783203,0.8338516354560852,0.6625862717628479,0.8481634259223938,0.6395689845085144,0.8747898936271667,0.6259744167327881,0.0,0.0,0.0,0.0,0.0,0.0,0.0,0.0,0.0,0.0,0.0,0.0,0.0,0.0,0.0,0.0,0.0,0.0,0.0,0.0,0.0,0.0,0.0,0.0,0.0,0.0,0.0,0.0,0.0,0.0,0.0,0.0,0.0,0.0,0.0,0.0,0.0,0.0,0.0,0.0,0.0,0.0
1.0304583311080933,0.5593323707580566,0.9729992151260376,0.47486522793769836,0.8920454382896423,0.45081281661987305,0.8339372277259827,0.48900535702705383,0.7960538268089294,0.5424668192863464,0.8891717791557312,0.44390803575515747,0.7873110175132751,0.4301815629005432,0.7269250750541687,0.42080116271972656,0.6761763691902161,0.41150790452957153,0.9054893255233765,0.5235773324966431,0.7797307968139648,0.5728186368942261,0.711021900177002,0.5965826511383057,0.6588500142097473,0.6176747679710388,0.917212188243866,0.6030486822128296,0.8015375137329102,0.6245460510253906,0.8153477907180786,0.5977448225021362,0.8482125401496887,0.583477258682251,0.9254904985427856,0.6674636006355286,0.829759955406189,0.6657238006591797,0.8430750966072083,0.6427674293518066,0.8711549639701843,0.6297844052314758,0.0,0.0,0.0,0.0,0.0,0.0,0.0,0.0,0.0,0.0,0.0,0.0,0.0,0.0,0.0,0.0,0.0,0.0,0.0,0.0,0.0,0.0,0.0,0.0,0.0,0.0,0.0,0.0,0.0,0.0,0.0,0.0,0.0,0.0,0.0,0.0,0.0,0.0,0.0,0.0,0.0,0.0
1.0344558954238892,0.5609785914421082,0.9767422676086426,0.475625604391098,0.8965954184532166,0.4524618089199066,0.8381613492965698,0.4917874336242676,0.8042096495628357,0.5460909605026245,0.890861988067627,0.44500109553337097,0.7879602909088135,0.43001261353492737,0.7283315658569336,0.420107364654541,0.6786519289016724,0.4094318449497223,0.9047447443008423,0.525779664516449,0.7799265384674072,0.5748214721679688,0.7115435600280762,0.5974010825157166,0.6602404713630676,0.6164138913154602,0.916801929473877,0.6039350032806396,0.8059185743331909,0.6229671835899353,0.8215552568435669,0.5954538583755493,0.8542976975440979,0.5818500518798828,0.9259222149848938,0.6675388813018799,0.8341550230979919,0.6666918992996216,0.8478376269340515,0.6436793208122253,0.8749537467956543,0.6307950019836426,0.0,0.0,0.0,0.0,0.0,0.0,0.0,0.0,0.0,0.0,0.0,0.0,0.0,0.0,0.0,0.0,0.0,0.0,0.0,0.0,0.0,0.0,0.0,0.0,0.0,0.0,0.0,0.0,0.0,0.0,0.0,0.0,0.0,0.0,0.0,0.0,0.0,0.0,0.0,0.0,0.0,0.0
1.00812828540802,0.5711755752563477,0.9390416741371155,0.49603089690208435,0.8647542595863342,0.4789857864379883,0.814125657081604,0.516639232635498,0.7732264399528503,0.5575687289237976,0.8449260592460632,0.465803325176239,0.7559683322906494,0.44999390840530396,0.6988891363143921,0.4366152286529541,0.6501426696777344,0.4268862307071686,0.8595014810562134,0.5412026047706604,0.7475311160087585,0.5808899402618408,0.6863055229187012,0.5995172262191772,0.6360985040664673,0.618790864944458,0.8680204749107361,0.6147893071174622,0.7732074856758118,0.6291375756263733,0.7835410833358765,0.6059468984603882,0.8039771318435669,0.5910364389419556,0.8760930299758911,0.6752055287361145,0.8005937933921814,0.6692478060722351,0.8128652572631836,0.6532377600669861,0.8341118097305298,0.6401059627532959,0.0,0.0,0.0,0.0,0.0,0.0,0.0,0.0,0.0,0.0,0.0,0.0,0.0,0.0,0.0,0.0,0.0,0.0,0.0,0.0,0.0,0.0,0.0,0.0,0.0,0.0,0.0,0.0,0.0,0.0,0.0,0.0,0.0,0.0,0.0,0.0,0.0,0.0,0.0,0.0,0.0,0.0
1.0020337104797363,0.573891282081604,0.936529815196991,0.4993967115879059,0.8579834699630737,0.48134100437164307,0.8078861236572266,0.5201067328453064,0.7726023197174072,0.5632383227348328,0.8387485146522522,0.47550880908966064,0.7492832541465759,0.45148539543151855,0.69166499376297,0.43536847829818726,0.6453747153282166,0.42373567819595337,0.8509758710861206,0.5477488040924072,0.7407586574554443,0.5835028886795044,0.67807537317276,0.6001216173171997,0.6297245025634766,0.6203466653823853,0.8611248731613159,0.6177764534950256,0.7673222422599792,0.6342489719390869,0.7825660705566406,0.6076770424842834,0.808393657207489,0.5936516523361206,0.8726161122322083,0.6736771464347839,0.793781578540802,0.6710333824157715,0.8073905110359192,0.6522567272186279,0.8317040205001831,0.6385358572006226,0.0,0.0,0.0,0.0,0.0,0.0,0.0,0.0,0.0,0.0,0.0,0.0,0.0,0.0,0.0,0.0,0.0,0.0,0.0,0.0,0.0,0.0,0.0,0.0,0.0,0.0,0.0,0.0,0.0,0.0,0.0,0.0,0.0,0.0,0.0,0.0,0.0,0.0,0.0,0.0,0.0,0.0
0.9937543869018555,0.5872401595115662,0.9279482960700989,0.5093996524810791,0.8504588603973389,0.4857155978679657,0.7987061738967896,0.5176457762718201,0.7605640292167664,0.5550503730773926,0.8280390501022339,0.47881460189819336,0.741656482219696,0.4560107886791229,0.6839047074317932,0.43825334310531616,0.6376643180847168,0.42644256353378296,0.8393338918685913,0.5495538711547852,0.7323359251022339,0.5841909646987915,0.6696684956550598,0.6015667915344238,0.6210306882858276,0.6205676198005676,0.8472831845283508,0.6200683116912842,0.754979133605957,0.6339312791824341,0.7649438977241516,0.6104636192321777,0.7866397500038147,0.5956031680107117,0.8563823699951172,0.6763261556625366,0.781260073184967,0.669292688369751,0.7933691740036011,0.6514375805854797,0.8161300420761108,0.6369554996490479,0.0,0.0,0.0,0.0,0.0,0.0,0.0,0.0,0.0,0.0,0.0,0.0,0.0,0.0,0.0,0.0,0.0,0.0,0.0,0.0,0.0,0.0,0.0,0.0,0.0,0.0,0.0,0.0,0.0,0.0,0.0,0.0,0.0,0.0,0.0,0.0,0.0,0.0,0.0,0.0,0.0,0.0
0.9732879400253296,0.5913541316986084,0.9097351431846619,0.5129907727241516,0.833852231502533,0.49055004119873047,0.7805643081665039,0.5233978033065796,0.7411800622940063,0.560309886932373,0.810319721698761,0.4794614911079407,0.7223986983299255,0.45922940969467163,0.6659448742866516,0.4439179599285126,0.621038019657135,0.4306677579879761,0.8197857141494751,0.552331805229187,0.7133499979972839,0.5875043272972107,0.6522907018661499,0.6033956408500671,0.6038955450057983,0.619152843952179,0.8260121941566467,0.6195060610771179,0.7319775223731995,0.6358339786529541,0.7296525239944458,0.6163132190704346,0.737169086933136,0.6043509244918823,0.8342046141624451,0.6740343570709229,0.7631099224090576,0.6664085984230042,0.7759640216827393,0.6517052054405212,0.7987645268440247,0.6387794613838196,0.0,0.0,0.0,0.0,0.0,0.0,0.0,0.0,0.0,0.0,0.0,0.0,0.0,0.0,0.0,0.0,0.0,0.0,0.0,0.0,0.0,0.0,0.0,0.0,0.0,0.0,0.0,0.0,0.0,0.0,0.0,0.0,0.0,0.0,0.0,0.0,0.0,0.0,0.0,0.0,0.0,0.0
0.9555171132087708,0.5905173420906067,0.8912415504455566,0.5153077244758606,0.8155573010444641,0.5012150406837463,0.7609920501708984,0.5413670539855957,0.7263756394386292,0.5829832553863525,0.7926079034805298,0.4857674837112427,0.6999793648719788,0.4636960029602051,0.6460208296775818,0.45069608092308044,0.602516233921051,0.43710607290267944,0.7968775629997253,0.5577389001846313,0.6914072632789612,0.5897538065910339,0.6338662505149841,0.6051512956619263,0.5899401903152466,0.6168087720870972,0.8030774593353271,0.6237582564353943,0.7095546722412109,0.6359040141105652,0.7245700359344482,0.6151862144470215,0.7493980526924133,0.603606104850769,0.8128778338432312,0.6752800941467285,0.7399365305900574,0.6692005395889282,0.7577407956123352,0.6535977721214294,0.7837092280387878,0.6429307460784912,0.0,0.0,0.0,0.0,0.0,0.0,0.0,0.0,0.0,0.0,0.0,0.0,0.0,0.0,0.0,0.0,0.0,0.0,0.0,0.0,0.0,0.0,0.0,0.0,0.0,0.0,0.0,0.0,0.0,0.0,0.0,0.0,0.0,0.0,0.0,0.0,0.0,0.0,0.0,0.0,0.0,0.0
0.9571309089660645,0.5917243361473083,0.895171046257019,0.5167326331138611,0.8180959224700928,0.4976562261581421,0.7673938870429993,0.5372214317321777,0.74055016040802,0.5821741819381714,0.7935174107551575,0.48466065526008606,0.7007885575294495,0.46133536100387573,0.6452336311340332,0.44619470834732056,0.6021192669868469,0.43183445930480957,0.7941626310348511,0.5541714429855347,0.689721405506134,0.5836787819862366,0.6313427090644836,0.597706139087677,0.5875401496887207,0.6110507249832153,0.7992726564407349,0.6179124712944031,0.7157665491104126,0.6310390830039978,0.7329066395759583,0.6112436652183533,0.7590143084526062,0.60213303565979,0.8086521029472351,0.6699426770210266,0.7428565621376038,0.6653416156768799,0.7593284845352173,0.649847149848938,0.7841930389404297,0.6402458548545837,0.0,0.0,0.0,0.0,0.0,0.0,0.0,0.0,0.0,0.0,0.0,0.0,0.0,0.0,0.0,0.0,0.0,0.0,0.0,0.0,0.0,0.0,0.0,0.0,0.0,0.0,0.0,0.0,0.0,0.0,0.0,0.0,0.0,0.0,0.0,0.0,0.0,0.0,0.0,0.0,0.0,0.0
0.9572290778160095,0.5931848287582397,0.8944404125213623,0.5179573893547058,0.8176004886627197,0.5001075863838196,0.7666889429092407,0.5403926372528076,0.7380769848823547,0.5837993621826172,0.7931437492370605,0.48417890071868896,0.6999639868736267,0.4597962498664856,0.6443384885787964,0.4457698166370392,0.601111888885498,0.432626873254776,0.79439777135849,0.5538555979728699,0.6895402073860168,0.5843411087989807,0.6318174004554749,0.5992369651794434,0.5877767205238342,0.612744927406311,0.7993549704551697,0.6175187826156616,0.7171642780303955,0.6307506561279297,0.73509681224823,0.6104863286018372,0.7611070871353149,0.6007989645004272,0.8081324100494385,0.6699355840682983,0.7425854206085205,0.6662689447402954,0.7594199180603027,0.650562047958374,0.7843436002731323,0.6399879455566406,0.0,0.0,0.0,0.0,0.0,0.0,0.0,0.0,0.0,0.0,0.0,0.0,0.0,0.0,0.0,0.0,0.0,0.0,0.0,0.0,0.0,0.0,0.0,0.0,0.0,0.0,0.0,0.0,0.0,0.0,0.0,0.0,0.0,0.0,0.0,0.0,0.0,0.0,0.0,0.0,0.0,0.0
0.9545880556106567,0.5818809270858765,0.8915460705757141,0.5082934498786926,0.8149027228355408,0.4921286106109619,0.7654086351394653,0.5324404239654541,0.7399951219558716,0.5775755047798157,0.7942161560058594,0.47613945603370667,0.6989844441413879,0.45412176847457886,0.643378496170044,0.43924784660339355,0.6004298329353333,0.424530029296875,0.7951632142066956,0.5451963543891907,0.6897010803222656,0.5755611658096313,0.629668116569519,0.5922052264213562,0.5853217244148254,0.607765257358551,0.8002166152000427,0.6084446310997009,0.7192940711975098,0.622377336025238,0.7359930872917175,0.6008040904998779,0.7613560557365417,0.5899196863174438,0.8087950944900513,0.6606184244155884,0.7429654598236084,0.6589425206184387,0.7568489909172058,0.6397804617881775,0.780164361000061,0.6272159814834595,0.0,0.0,0.0,0.0,0.0,0.0,0.0,0.0,0.0,0.0,0.0,0.0,0.0,0.0,0.0,0.0,0.0,0.0,0.0,0.0,0.0,0.0,0.0,0.0,0.0,0.0,0.0,0.0,0.0,0.0,0.0,0.0,0.0,0.0,0.0,0.0,0.0,0.0,0.0,0.0,0.0,0.0
0.9536205530166626,0.5794944763183594,0.8903047442436218,0.5044364929199219,0.8122982382774353,0.487004816532135,0.763176679611206,0.5297345519065857,0.7379469871520996,0.5756493210792542,0.7926478981971741,0.4753817319869995,0.6989424824714661,0.4522668421268463,0.6436945199966431,0.43819332122802734,0.6010324358940125,0.4240072965621948,0.7932756543159485,0.5454485416412354,0.6898381114006042,0.5749051570892334,0.6299847364425659,0.5907739400863647,0.5859407186508179,0.6057273149490356,0.7989073395729065,0.6089972257614136,0.7160319089889526,0.621633768081665,0.7300690412521362,0.5986262559890747,0.7549833059310913,0.5874651074409485,0.8079336285591125,0.6606404185295105,0.7407709956169128,0.6560649275779724,0.752656102180481,0.6357265114784241,0.7755670547485352,0.6230097413063049,0.0,0.0,0.0,0.0,0.0,0.0,0.0,0.0,0.0,0.0,0.0,0.0,0.0,0.0,0.0,0.0,0.0,0.0,0.0,0.0,0.0,0.0,0.0,0.0,0.0,0.0,0.0,0.0,0.0,0.0,0.0,0.0,0.0,0.0,0.0,0.0,0.0,0.0,0.0,0.0,0.0,0.0
0.9525305032730103,0.5754153728485107,0.8889687657356262,0.5015531182289124,0.8113817572593689,0.4835778474807739,0.7609874606132507,0.5248696804046631,0.7339909672737122,0.5700139403343201,0.7922881841659546,0.4744602143764496,0.698311984539032,0.45121973752975464,0.6423689723014832,0.43889516592025757,0.5990792512893677,0.42681992053985596,0.7942808866500854,0.5446574687957764,0.6899882555007935,0.5756279826164246,0.6294711828231812,0.5924720168113708,0.584559440612793,0.6074346899986267,0.8002356290817261,0.6079622507095337,0.7142279148101807,0.6227782368659973,0.7147774696350098,0.6019504070281982,0.7285141348838806,0.5904117226600647,0.8093116283416748,0.6590886116027832,0.7415643334388733,0.655936598777771,0.7501989006996155,0.6368281245231628,0.7712264060974121,0.6232157945632935,0.0,0.0,0.0,0.0,0.0,0.0,0.0,0.0,0.0,0.0,0.0,0.0,0.0,0.0,0.0,0.0,0.0,0.0,0.0,0.0,0.0,0.0,0.0,0.0,0.0,0.0,0.0,0.0,0.0,0.0,0.0,0.0,0.0,0.0,0.0,0.0,0.0,0.0,0.0,0.0,0.0,0.0
0.9471343755722046,0.5743252635002136,0.8832765221595764,0.49982351064682007,0.8058229088783264,0.48407724499702454,0.7549549341201782,0.5257672071456909,0.7265630960464478,0.5704150199890137,0.7870100736618042,0.47424620389938354,0.6927550435066223,0.4509904086589813,0.6367096304893494,0.4393867254257202,0.5930436849594116,0.4279631972312927,0.7889266610145569,0.5434725880622864,0.6868114471435547,0.5746414661407471,0.6281599402427673,0.5924369096755981,0.584315299987793,0.6079488396644592,0.7948606610298157,0.6062059998512268,0.7138200998306274,0.6222895383834839,0.726496160030365,0.5998175740242004,0.7488024830818176,0.5870939493179321,0.8034077882766724,0.6576283574104309,0.7365877628326416,0.6571294069290161,0.7500712275505066,0.6373312473297119,0.7733921408653259,0.6234636306762695,0.0,0.0,0.0,0.0,0.0,0.0,0.0,0.0,0.0,0.0,0.0,0.0,0.0,0.0,0.0,0.0,0.0,0.0,0.0,0.0,0.0,0.0,0.0,0.0,0.0,0.0,0.0,0.0,0.0,0.0,0.0,0.0,0.0,0.0,0.0,0.0,0.0,0.0,0.0,0.0,0.0,0.0
0.947319507598877,0.5741839408874512,0.8836861848831177,0.4999679923057556,0.8061215877532959,0.48377978801727295,0.7554231286048889,0.5264285802841187,0.7280181050300598,0.5711734890937805,0.7861557602882385,0.4747156798839569,0.6925668120384216,0.45224833488464355,0.6371424198150635,0.43929025530815125,0.5938889384269714,0.4263707995414734,0.7877565622329712,0.5442776679992676,0.6860541105270386,0.5742526650428772,0.6263665556907654,0.5910739302635193,0.5823503732681274,0.6067878007888794,0.7942255735397339,0.6068604588508606,0.712496280670166,0.6210266351699829,0.7222685217857361,0.5979123711585999,0.7437301278114319,0.5854189991950989,0.803623616695404,0.6576530337333679,0.7363309264183044,0.655732274055481,0.7468379139900208,0.6357679963111877,0.7690062522888184,0.6220644116401672,0.0,0.0,0.0,0.0,0.0,0.0,0.0,0.0,0.0,0.0,0.0,0.0,0.0,0.0,0.0,0.0,0.0,0.0,0.0,0.0,0.0,0.0,0.0,0.0,0.0,0.0,0.0,0.0,0.0,0.0,0.0,0.0,0.0,0.0,0.0,0.0,0.0,0.0,0.0,0.0,0.0,0.0
