0.0,0.0,-0.07867234945297241,-0.09697741270065308,-0.19758892059326172,-0.1236843466758728,-0.2964715361595154,-0.09191477298736572,-0.3669004440307617,-0.08421945571899414,-0.21882683038711548,-0.167054682970047,-0.3568711280822754,-0.18556687235832214,-0.43523097038269043,-0.19793373346328735,-0.4975537061691284,-0.2090388536453247,-0.1952531933784485,-0.07218426465988159,-0.35292166471481323,-0.0030968785285949707,-0.4350348114967346,0.029127120971679688,-0.496692419052124,0.051510393619537354,-0.17367768287658691,0.026035428047180176,-0.303973913192749,0.059909284114837646,-0.2674671411514282,0.04161006212234497,-0.22543781995773315,0.03201776742935181,-0.15454977750778198,0.11518901586532593,-0.2677210569381714,0.1225695013999939,-0.2369532585144043,0.10446047782897949,-0.19968920946121216,0.09561401605606079,0.0,0.0,0.0,0.0,0.0,0.0,0.0,0.0,0.0,0.0,0.0,0.0,0.0,0.0,0.0,0.0,0.0,0.0,0.0,0.0,0.0,0.0,0.0,0.0,0.0,0.0,0.0,0.0,0.0,0.0,0.0,0.0,0.0,0.0,0.0,0.0,0.0,0.0,0.0,0.0,0.0,0.0
0.0,0.0,-0.0782882571220398,-0.09445017576217651,-0.19578701257705688,-0.12068110704421997,-0.29385656118392944,-0.08975708484649658,-0.3644214868545532,-0.07991302013397217,-0.21822869777679443,-0.1641950011253357,-0.35678160190582275,-0.1815347671508789,-0.4345669746398926,-0.1942773461341858,-0.4966561794281006,-0.20586243271827698,-0.19446587562561035,-0.07043004035949707,-0.3523123264312744,-0.00025582313537597656,-0.4345818758010864,0.03345465660095215,-0.4964013695716858,0.05665147304534912,-0.17267340421676636,0.028146326541900635,-0.3007800579071045,0.062044501304626465,-0.2650802731513977,0.044757306575775146,-0.2239828109741211,0.03529393672943115,-0.15324658155441284,0.1180528998374939,-0.2642822861671448,0.1259785294532776,-0.23439240455627441,0.10775583982467651,-0.19816356897354126,0.09891641139984131,0.0,0.0,0.0,0.0,0.0,0.0,0.0,0.0,0.0,0.0,0.0,0.0,0.0,0.0,0.0,0.0,0.0,0.0,0.0,0.0,0.0,0.0,0.0,0.0,0.0,0.0,0.0,0.0,0.0,0.0,0.0,0.0,0.0,0.0,0.0,0.0,0.0,0.0,0.0,0.0,0.0,0.0
0.0,0.0,-0.07769262790679932,-0.09400826692581177,-0.19606000185012817,-0.11925479769706726,-0.2953650951385498,-0.08907902240753174,-0.36725914478302,-0.07967376708984375,-0.219432532787323,-0.16424790024757385,-0.3585260510444641,-0.18186414241790771,-0.43665027618408203,-0.19408544898033142,-0.4991835355758667,-0.20427089929580688,-0.19651401042938232,-0.07029873132705688,-0.3553370237350464,0.00041991472244262695,-0.4370156526565552,0.03411597013473511,-0.49877500534057617,0.05749326944351196,-0.1752874255180359,0.028796911239624023,-0.3038247227668762,0.06342053413391113,-0.26675844192504883,0.046315014362335205,-0.22515124082565308,0.036894023418426514,-0.1565190553665161,0.11896520853042603,-0.267719566822052,0.12644129991531372,-0.23731166124343872,0.10848450660705566,-0.20091593265533447,0.09953629970550537,0.0,0.0,0.0,0.0,0.0,0.0,0.0,0.0,0.0,0.0,0.0,0.0,0.0,0.0,0.0,0.0,0.0,0.0,0.0,0.0,0.0,0.0,0.0,0.0,0.0,0.0,0.0,0.0,0.0,0.0,0.0,0.0,0.0,0.0,0.0,0.0,0.0,0.0,0.0,0.0,0.0,0.0
0.0,0.0,-0.0795099139213562,-0.09481698274612427,-0.19900429248809814,-0.12045857310295105,-0.29838526248931885,-0.0894286036491394,-0.3697093725204468,-0.0796704888343811,-0.22144609689712524,-0.16417774558067322,-0.3594467043876648,-0.18315112590789795,-0.43816936016082764,-0.19497603178024292,-0.5010659694671631,-0.20535725355148315,-0.1979740858078003,-0.06986606121063232,-0.3548068404197693,-0.0009403228759765625,-0.43731993436813354,0.0321769118309021,-0.4996020197868347,0.05524623394012451,-0.17638885974884033,0.028646409511566162,-0.30620646476745605,0.0639905333518982,-0.2691330909729004,0.04635876417160034,-0.22680062055587769,0.03600668907165527,-0.15735268592834473,0.11788147687911987,-0.2696412205696106,0.12680953741073608,-0.23894047737121582,0.10914236307144165,-0.2018628716468811,0.09925103187561035,0.0,0.0,0.0,0.0,0.0,0.0,0.0,0.0,0.0,0.0,0.0,0.0,0.0,0.0,0.0,0.0,0.0,0.0,0.0,0.0,0.0,0.0,0.0,0.0,0.0,0.0,0.0,0.0,0.0,0.0,0.0,0.0,0.0,0.0,0.0,0.0,0.0,0.0,0.0,0.0,0.0,0.0
0.0,0.0,-0.07962048053741455,-0.0966755747795105,-0.1995876431465149,-0.12201663851737976,-0.298881471157074,-0.08921164274215698,-0.36933958530426025,-0.082538902759552,-0.21930134296417236,-0.16595721244812012,-0.357669472694397,-0.1837707757949829,-0.43631500005722046,-0.19604936242103577,-0.49880272150039673,-0.20652735233306885,-0.1957080364227295,-0.07076597213745117,-0.3546658158302307,-5.620718002319336e-05,-0.4369351267814636,0.032733380794525146,-0.4989112615585327,0.05621713399887085,-0.17417049407958984,0.027499794960021973,-0.30498605966567993,0.0633736252784729,-0.26830023527145386,0.04334521293640137,-0.2262057065963745,0.032444655895233154,-0.15561938285827637,0.11657148599624634,-0.2696511745452881,0.12493705749511719,-0.23842006921768188,0.10565900802612305,-0.20065075159072876,0.09608584642410278,0.0,0.0,0.0,0.0,0.0,0.0,0.0,0.0,0.0,0.0,0.0,0.0,0.0,0.0,0.0,0.0,0.0,0.0,0.0,0.0,0.0,0.0,0.0,0.0,0.0,0.0,0.0,0.0,0.0,0.0,0.0,0.0,0.0,0.0,0.0,0.0,0.0,0.0,0.0,0.0,0.0,0.0
0.0,0.0,-0.07811933755874634,-0.0943635106086731,-0.1968703269958496,-0.12088006734848022,-0.2957627773284912,-0.0898752212524414,-0.36525195837020874,-0.08034557104110718,-0.22078102827072144,-0.1652529239654541,-0.35979199409484863,-0.17981284856796265,-0.43756699562072754,-0.19164824485778809,-0.4997802972793579,-0.2015760838985443,-0.19798344373703003,-0.07118523120880127,-0.3565405607223511,0.00019240379333496094,-0.43881988525390625,0.03526294231414795,-0.500656008720398,0.060125887393951416,-0.17637789249420166,0.027665317058563232,-0.30385762453079224,0.06277936697006226,-0.267342209815979,0.045741498470306396,-0.22587424516677856,0.03615933656692505,-0.1566905379295349,0.11786973476409912,-0.26614803075790405,0.12664496898651123,-0.2361411452293396,0.10932153463363647,-0.20040994882583618,0.10085630416870117,0.0,0.0,0.0,0.0,0.0,0.0,0.0,0.0,0.0,0.0,0.0,0.0,0.0,0.0,0.0,0.0,0.0,0.0,0.0,0.0,0.0,0.0,0.0,0.0,0.0,0.0,0.0,0.0,0.0,0.0,0.0,0.0,0.0,0.0,0.0,0.0,0.0,0.0,0.0,0.0,0.0,0.0
0.0,0.0,-0.07840526103973389,-0.0948602557182312,-0.19725173711776733,-0.12102353572845459,-0.2960379719734192,-0.08970785140991211,-0.3663666248321533,-0.0797884464263916,-0.22026795148849487,-0.1641862392425537,-0.36034971475601196,-0.17942893505096436,-0.438440203666687,-0.19141250848770142,-0.5007588863372803,-0.20195189118385315,-0.1980208158493042,-0.06872981786727905,-0.3555201292037964,0.0006282329559326172,-0.43765127658843994,0.034156620502471924,-0.49952834844589233,0.058087944984436035,-0.17694926261901855,0.030217766761779785,-0.30425602197647095,0.06368732452392578,-0.26800215244293213,0.04503953456878662,-0.22660154104232788,0.03501558303833008,-0.1577296257019043,0.11959236860275269,-0.26743191480636597,0.12652981281280518,-0.23748016357421875,0.10801202058792114,-0.20149266719818115,0.09900021553039551,0.0,0.0,0.0,0.0,0.0,0.0,0.0,0.0,0.0,0.0,0.0,0.0,0.0,0.0,0.0,0.0,0.0,0.0,0.0,0.0,0.0,0.0,0.0,0.0,0.0,0.0,0.0,0.0,0.0,0.0,0.0,0.0,0.0,0.0,0.0,0.0,0.0,0.0,0.0,0.0,0.0,0.0
0.0,0.0,-0.07976597547531128,-0.09403705596923828,-0.19921261072158813,-0.1178169846534729,-0.29811060428619385,-0.08379578590393066,-0.3688639998435974,-0.0729418396949768,-0.22182661294937134,-0.1594754159450531,-0.3607819676399231,-0.1757524311542511,-0.4389423131942749,-0.18750488758087158,-0.5009112358093262,-0.19741687178611755,-0.1992884874343872,-0.06378549337387085,-0.3563688397407532,0.004455089569091797,-0.4385563135147095,0.037347495555877686,-0.4997297525405884,0.061316728591918945,-0.17770737409591675,0.03502601385116577,-0.30504071712493896,0.06892567873001099,-0.26868540048599243,0.04911816120147705,-0.22696632146835327,0.03842484951019287,-0.15828174352645874,0.1239442229270935,-0.26880478858947754,0.13162803649902344,-0.23843508958816528,0.11185723543167114,-0.2017441987991333,0.10198700428009033,0.0,0.0,0.0,0.0,0.0,0.0,0.0,0.0,0.0,0.0,0.0,0.0,0.0,0.0,0.0,0.0,0.0,0.0,0.0,0.0,0.0,0.0,0.0,0.0,0.0,0.0,0.0,0.0,0.0,0.0,0.0,0.0,0.0,0.0,0.0,0.0,0.0,0.0,0.0,0.0,0.0,0.0
0.0,0.0,-0.07850146293640137,-0.09672152996063232,-0.19770747423171997,-0.11974889039993286,-0.2969081997871399,-0.08618545532226562,-0.36760348081588745,-0.07858043909072876,-0.21707481145858765,-0.164730042219162,-0.35766565799713135,-0.18110907077789307,-0.43615853786468506,-0.19405755400657654,-0.4984375834465027,-0.20496222376823425,-0.19544053077697754,-0.07022243738174438,-0.3543774485588074,-0.0009975433349609375,-0.4362871050834656,0.032154858112335205,-0.4976903200149536,0.055425822734832764,-0.1748599410057068,0.028251588344573975,-0.303261935710907,0.06484901905059814,-0.26649951934814453,0.04566067457199097,-0.224615216255188,0.03477281332015991,-0.15670466423034668,0.11798131465911865,-0.26819950342178345,0.1259710192680359,-0.2370225191116333,0.1064215898513794,-0.1998465657234192,0.09689080715179443,0.0,0.0,0.0,0.0,0.0,0.0,0.0,0.0,0.0,0.0,0.0,0.0,0.0,0.0,0.0,0.0,0.0,0.0,0.0,0.0,0.0,0.0,0.0,0.0,0.0,0.0,0.0,0.0,0.0,0.0,0.0,0.0,0.0,0.0,0.0,0.0,0.0,0.0,0.0,0.0,0.0,0.0
0.0,0.0,-0.07822602987289429,-0.09564292430877686,-0.19698327779769897,-0.12141984701156616,-0.29576945304870605,-0.08889728784561157,-0.36676323413848877,-0.07844388484954834,-0.21819144487380981,-0.16316527128219604,-0.3586875796318054,-0.17883914709091187,-0.4371936321258545,-0.191106915473938,-0.499775767326355,-0.2018749713897705,-0.19568276405334473,-0.0674518346786499,-0.3537489175796509,0.0015718340873718262,-0.43627268075942993,0.035108089447021484,-0.4981688857078552,0.059162020683288574,-0.17488300800323486,0.03203970193862915,-0.3040013313293457,0.06525743007659912,-0.2673161029815674,0.04645729064941406,-0.22556132078170776,0.03634917736053467,-0.15609419345855713,0.12169325351715088,-0.2672606110572815,0.12807011604309082,-0.23713207244873047,0.10925453901290894,-0.20096367597579956,0.10038769245147705,0.0,0.0,0.0,0.0,0.0,0.0,0.0,0.0,0.0,0.0,0.0,0.0,0.0,0.0,0.0,0.0,0.0,0.0,0.0,0.0,0.0,0.0,0.0,0.0,0.0,0.0,0.0,0.0,0.0,0.0,0.0,0.0,0.0,0.0,0.0,0.0,0.0,0.0,0.0,0.0,0.0,0.0
0.0,0.0,-0.07830160856246948,-0.09582829475402832,-0.19740045070648193,-0.11868438124656677,-0.29601889848709106,-0.08506649732589722,-0.36633968353271484,-0.07469099760055542,-0.21719640493392944,-0.161465585231781,-0.3567051887512207,-0.17774689197540283,-0.4347774386405945,-0.18987631797790527,-0.496840238571167,-0.20029336214065552,-0.19583070278167725,-0.06569206714630127,-0.35346245765686035,0.003476440906524658,-0.435341477394104,0.036629557609558105,-0.4966757297515869,0.06008458137512207,-0.17514079809188843,0.033070921897888184,-0.30250245332717896,0.06709057092666626,-0.2664855122566223,0.04753667116165161,-0.2252901792526245,0.03735131025314331,-0.15656882524490356,0.12239676713943481,-0.2672935128211975,0.12956637144088745,-0.23670899868011475,0.11022061109542847,-0.19984149932861328,0.10129529237747192,0.0,0.0,0.0,0.0,0.0,0.0,0.0,0.0,0.0,0.0,0.0,0.0,0.0,0.0,0.0,0.0,0.0,0.0,0.0,0.0,0.0,0.0,0.0,0.0,0.0,0.0,0.0,0.0,0.0,0.0,0.0,0.0,0.0,0.0,0.0,0.0,0.0,0.0,0.0,0.0,0.0,0.0
0.0,0.0,-0.07743430137634277,-0.09534716606140137,-0.19605642557144165,-0.1190614104270935,-0.29443418979644775,-0.0849752426147461,-0.3651103973388672,-0.07502877712249756,-0.21525579690933228,-0.159698486328125,-0.35634565353393555,-0.17522752285003662,-0.4343029856681824,-0.18838492035865784,-0.4962306022644043,-0.19904226064682007,-0.1940293312072754,-0.06388050317764282,-0.35419321060180664,0.005823314189910889,-0.4355847239494324,0.03925967216491699,-0.4963243007659912,0.06390756368637085,-0.17331433296203613,0.0347633957862854,-0.3005679249763489,0.06832343339920044,-0.2650088667869568,0.04788386821746826,-0.2242283821105957,0.037869393825531006,-0.15441381931304932,0.12450361251831055,-0.26514577865600586,0.13142693042755127,-0.23447299003601074,0.11139345169067383,-0.1972581148147583,0.1023259162902832,0.0,0.0,0.0,0.0,0.0,0.0,0.0,0.0,0.0,0.0,0.0,0.0,0.0,0.0,0.0,0.0,0.0,0.0,0.0,0.0,0.0,0.0,0.0,0.0,0.0,0.0,0.0,0.0,0.0,0.0,0.0,0.0,0.0,0.0,0.0,0.0,0.0,0.0,0.0,0.0,0.0,0.0
0.0,0.0,-0.07717764377593994,-0.09796267747879028,-0.1953226923942566,-0.121741384267807,-0.29399973154067993,-0.08851182460784912,-0.3652561902999878,-0.0793921947479248,-0.2131449580192566,-0.16429772973060608,-0.35404300689697266,-0.17993032932281494,-0.43280506134033203,-0.1932004690170288,-0.4952366352081299,-0.20328938961029053,-0.19315612316131592,-0.0681876540184021,-0.353061318397522,0.001416623592376709,-0.43404829502105713,0.035189270973205566,-0.4942800998687744,0.06050902605056763,-0.17313772439956665,0.030841052532196045,-0.2982383370399475,0.06581205129623413,-0.2606540322303772,0.04534435272216797,-0.21883505582809448,0.03480464220046997,-0.15434110164642334,0.12061387300491333,-0.2629358172416687,0.1281152367591858,-0.23134487867355347,0.10843169689178467,-0.19429916143417358,0.09942752122879028,0.0,0.0,0.0,0.0,0.0,0.0,0.0,0.0,0.0,0.0,0.0,0.0,0.0,0.0,0.0,0.0,0.0,0.0,0.0,0.0,0.0,0.0,0.0,0.0,0.0,0.0,0.0,0.0,0.0,0.0,0.0,0.0,0.0,0.0,0.0,0.0,0.0,0.0,0.0,0.0,0.0,0.0
0.0,0.0,-0.07584840059280396,-0.09832882881164551,-0.19354605674743652,-0.12555336952209473,-0.29282277822494507,-0.09256422519683838,-0.36437344551086426,-0.08174026012420654,-0.21401000022888184,-0.16727563738822937,-0.3546106219291687,-0.18241959810256958,-0.4331877827644348,-0.19508656859397888,-0.49551212787628174,-0.20539617538452148,-0.19370591640472412,-0.07085144519805908,-0.3539614677429199,-0.0003128647804260254,-0.43570470809936523,0.03393179178237915,-0.4967535734176636,0.05951416492462158,-0.17379891872406006,0.02854466438293457,-0.2996859550476074,0.06362318992614746,-0.26239222288131714,0.04419130086898804,-0.22095870971679688,0.03399378061294556,-0.15519583225250244,0.11876547336578369,-0.2636120915412903,0.12639790773391724,-0.23250722885131836,0.10802507400512695,-0.19605529308319092,0.09931766986846924,0.0,0.0,0.0,0.0,0.0,0.0,0.0,0.0,0.0,0.0,0.0,0.0,0.0,0.0,0.0,0.0,0.0,0.0,0.0,0.0,0.0,0.0,0.0,0.0,0.0,0.0,0.0,0.0,0.0,0.0,0.0,0.0,0.0,0.0,0.0,0.0,0.0,0.0,0.0,0.0,0.0,0.0
0.0,0.0,-0.07645708322525024,-0.09645247459411621,-0.19379878044128418,-0.12295308709144592,-0.29273366928100586,-0.09118640422821045,-0.36403727531433105,-0.08109128475189209,-0.2145780324935913,-0.16461101174354553,-0.35497623682022095,-0.179913729429245,-0.43320024013519287,-0.1921483874320984,-0.49564337730407715,-0.20205378532409668,-0.19331806898117065,-0.06883203983306885,-0.35379737615585327,0.001267552375793457,-0.43513810634613037,0.035267412662506104,-0.49604880809783936,0.06042909622192383,-0.17311102151870728,0.03063112497329712,-0.29924988746643066,0.06497907638549805,-0.2625545859336853,0.04554623365402222,-0.22149670124053955,0.035555481910705566,-0.15481317043304443,0.12130498886108398,-0.2626610994338989,0.1277451515197754,-0.23236322402954102,0.10896742343902588,-0.19673430919647217,0.1004529595375061,0.0,0.0,0.0,0.0,0.0,0.0,0.0,0.0,0.0,0.0,0.0,0.0,0.0,0.0,0.0,0.0,0.0,0.0,0.0,0.0,0.0,0.0,0.0,0.0,0.0,0.0,0.0,0.0,0.0,0.0,0.0,0.0,0.0,0.0,0.0,0.0,0.0,0.0,0.0,0.0,0.0,0.0
0.0,0.0,-0.07609027624130249,-0.09695225954055786,-0.1937893033027649,-0.12380340695381165,-0.293188214302063,-0.09162384271621704,-0.36450570821762085,-0.07930135726928711,-0.21502399444580078,-0.16509458422660828,-0.35564929246902466,-0.18075531721115112,-0.4338379502296448,-0.19344601035118103,-0.49593281745910645,-0.20377177000045776,-0.19478893280029297,-0.06991887092590332,-0.3542420268058777,-0.00013709068298339844,-0.4355095624923706,0.03319162130355835,-0.4961879253387451,0.05739641189575195,-0.17509734630584717,0.02942734956741333,-0.3000573515892029,0.06460505723953247,-0.26318395137786865,0.045866191387176514,-0.22181588411331177,0.03584069013595581,-0.15676796436309814,0.11973077058792114,-0.26370078325271606,0.1270189881324768,-0.23282408714294434,0.10886728763580322,-0.19648867845535278,0.10022902488708496,0.0,0.0,0.0,0.0,0.0,0.0,0.0,0.0,0.0,0.0,0.0,0.0,0.0,0.0,0.0,0.0,0.0,0.0,0.0,0.0,0.0,0.0,0.0,0.0,0.0,0.0,0.0,0.0,0.0,0.0,0.0,0.0,0.0,0.0,0.0,0.0,0.0,0.0,0.0,0.0,0.0,0.0
0.0,0.0,-0.07704931497573853,-0.09835708141326904,-0.19571906328201294,-0.12344390153884888,-0.2946794033050537,-0.08963769674301147,-0.3657013177871704,-0.07964199781417847,-0.21600204706192017,-0.16347581148147583,-0.35681045055389404,-0.18023043870925903,-0.43477582931518555,-0.19408172369003296,-0.4964951276779175,-0.20512956380844116,-0.1958475112915039,-0.06560879945755005,-0.35461145639419556,0.0013149380683898926,-0.436354398727417,0.03345775604248047,-0.4970442056655884,0.05795943737030029,-0.17587488889694214,0.034584879875183105,-0.30114948749542236,0.0649256706237793,-0.26442575454711914,0.043483853340148926,-0.2229052186012268,0.03342270851135254,-0.1572585105895996,0.12428867816925049,-0.26549696922302246,0.12778228521347046,-0.23501843214035034,0.10716205835342407,-0.198419451713562,0.09866988658905029,0.0,0.0,0.0,0.0,0.0,0.0,0.0,0.0,0.0,0.0,0.0,0.0,0.0,0.0,0.0,0.0,0.0,0.0,0.0,0.0,0.0,0.0,0.0,0.0,0.0,0.0,0.0,0.0,0.0,0.0,0.0,0.0,0.0,0.0,0.0,0.0,0.0,0.0,0.0,0.0,0.0,0.0
0.0,0.0,-0.07867419719696045,-0.09885936975479126,-0.19821912050247192,-0.12271195650100708,-0.2969920039176941,-0.0884905457496643,-0.36787229776382446,-0.08023744821548462,-0.21707481145858765,-0.16371729969978333,-0.3568846583366394,-0.18019777536392212,-0.435904860496521,-0.1937372088432312,-0.49799835681915283,-0.20437031984329224,-0.19637346267700195,-0.06663668155670166,-0.35489851236343384,0.001904129981994629,-0.4364849328994751,0.03443199396133423,-0.4967690706253052,0.05890321731567383,-0.17589116096496582,0.03337579965591431,-0.3017162084579468,0.0667574405670166,-0.26565587520599365,0.04548513889312744,-0.2241557240486145,0.034958600997924805,-0.156582772731781,0.12352204322814941,-0.2666354179382324,0.12921106815338135,-0.23655939102172852,0.10853224992752075,-0.19968116283416748,0.09954279661178589,0.0,0.0,0.0,0.0,0.0,0.0,0.0,0.0,0.0,0.0,0.0,0.0,0.0,0.0,0.0,0.0,0.0,0.0,0.0,0.0,0.0,0.0,0.0,0.0,0.0,0.0,0.0,0.0,0.0,0.0,0.0,0.0,0.0,0.0,0.0,0.0,0.0,0.0,0.0,0.0,0.0,0.0
0.0,0.0,-0.07686495780944824,-0.09942054748535156,-0.19537347555160522,-0.12379807233810425,-0.294707715511322,-0.08803898096084595,-0.3660784959793091,-0.08162522315979004,-0.21510374546051025,-0.1638076901435852,-0.3569084405899048,-0.17943310737609863,-0.4353708028793335,-0.19265881180763245,-0.4966026544570923,-0.203779399394989,-0.19571280479431152,-0.06659430265426636,-0.35544389486312866,0.0013139843940734863,-0.43719029426574707,0.03442627191543579,-0.49730122089385986,0.06012362241744995,-0.17606443166732788,0.03249502182006836,-0.30110692977905273,0.06651270389556885,-0.2661862373352051,0.044717371463775635,-0.22567182779312134,0.03433030843734741,-0.1572589874267578,0.12199199199676514,-0.26639872789382935,0.1278405785560608,-0.2360360026359558,0.1080859899520874,-0.19893348217010498,0.09972292184829712,0.0,0.0,0.0,0.0,0.0,0.0,0.0,0.0,0.0,0.0,0.0,0.0,0.0,0.0,0.0,0.0,0.0,0.0,0.0,0.0,0.0,0.0,0.0,0.0,0.0,0.0,0.0,0.0,0.0,0.0,0.0,0.0,0.0,0.0,0.0,0.0,0.0,0.0,0.0,0.0,0.0,0.0
0.0,0.0,-0.07657235860824585,-0.09947466850280762,-0.1951395869255066,-0.12532788515090942,-0.2950807809829712,-0.09115928411483765,-0.3667142987251282,-0.07915663719177246,-0.2162182331085205,-0.16644287109375,-0.35726773738861084,-0.1794913411140442,-0.4356405735015869,-0.19251281023025513,-0.4976271986961365,-0.2034752368927002,-0.19640737771987915,-0.06851541996002197,-0.3551067113876343,0.0011889338493347168,-0.43643081188201904,0.033258914947509766,-0.49658632278442383,0.05735766887664795,-0.17665356397628784,0.03175121545791626,-0.30098503828048706,0.06530678272247314,-0.2640712857246399,0.04405790567398071,-0.22199058532714844,0.03390681743621826,-0.15790212154388428,0.12190741300582886,-0.2646089196205139,0.12689369916915894,-0.23360753059387207,0.1074933409690857,-0.19667714834213257,0.09912902116775513,0.0,0.0,0.0,0.0,0.0,0.0,0.0,0.0,0.0,0.0,0.0,0.0,0.0,0.0,0.0,0.0,0.0,0.0,0.0,0.0,0.0,0.0,0.0,0.0,0.0,0.0,0.0,0.0,0.0,0.0,0.0,0.0,0.0,0.0,0.0,0.0,0.0,0.0,0.0,0.0,0.0,0.0
0.0,0.0,-0.0766252875328064,-0.09960269927978516,-0.19580590724945068,-0.12653672695159912,-0.2966427206993103,-0.09180021286010742,-0.36818385124206543,-0.08158522844314575,-0.21642577648162842,-0.16619235277175903,-0.3578255772590637,-0.18049287796020508,-0.43602025508880615,-0.1942751407623291,-0.4981803894042969,-0.20572662353515625,-0.197553813457489,-0.06859159469604492,-0.35799044370651245,0.0011990666389465332,-0.4391993284225464,0.03295433521270752,-0.4996914267539978,0.05719327926635742,-0.1782437562942505,0.03125953674316406,-0.3035672903060913,0.06421065330505371,-0.26615744829177856,0.04200947284698486,-0.22412443161010742,0.0317995548248291,-0.15959864854812622,0.12125378847122192,-0.2661924362182617,0.12570667266845703,-0.23481953144073486,0.10576295852661133,-0.1979837417602539,0.09764313697814941,0.0,0.0,0.0,0.0,0.0,0.0,0.0,0.0,0.0,0.0,0.0,0.0,0.0,0.0,0.0,0.0,0.0,0.0,0.0,0.0,0.0,0.0,0.0,0.0,0.0,0.0,0.0,0.0,0.0,0.0,0.0,0.0,0.0,0.0,0.0,0.0,0.0,0.0,0.0,0.0,0.0,0.0
0.0,0.0,-0.078544020652771,-0.0974847674369812,-0.19789040088653564,-0.12261682748794556,-0.2982777953147888,-0.08812344074249268,-0.3697739839553833,-0.08079791069030762,-0.21912068128585815,-0.16227075457572937,-0.35895711183547974,-0.17753195762634277,-0.43710803985595703,-0.19219768047332764,-0.4985976815223694,-0.20479702949523926,-0.19885927438735962,-0.06627476215362549,-0.3577641248703003,0.003246784210205078,-0.4392698407173157,0.03540295362472534,-0.5000137090682983,0.05941063165664673,-0.1784469485282898,0.033105432987213135,-0.30326157808303833,0.06804007291793823,-0.2659671902656555,0.047588467597961426,-0.22438383102416992,0.03743976354598999,-0.1587841510772705,0.12357890605926514,-0.26690375804901123,0.13044005632400513,-0.23538893461227417,0.11134147644042969,-0.1982383131980896,0.10273903608322144,0.0,0.0,0.0,0.0,0.0,0.0,0.0,0.0,0.0,0.0,0.0,0.0,0.0,0.0,0.0,0.0,0.0,0.0,0.0,0.0,0.0,0.0,0.0,0.0,0.0,0.0,0.0,0.0,0.0,0.0,0.0,0.0,0.0,0.0,0.0,0.0,0.0,0.0,0.0,0.0,0.0,0.0
0.0,0.0,-0.07922959327697754,-0.09975636005401611,-0.19982612133026123,-0.12466657161712646,-0.3001382350921631,-0.09096050262451172,-0.37167632579803467,-0.08420979976654053,-0.2179829478263855,-0.16497424244880676,-0.35821533203125,-0.18177440762519836,-0.4371744394302368,-0.195503830909729,-0.4992890954017639,-0.20676136016845703,-0.19728946685791016,-0.06802839040756226,-0.3576635718345642,0.0010241270065307617,-0.4397629499435425,0.032931745052337646,-0.5010367631912231,0.05665320158004761,-0.1772194504737854,0.031446754932403564,-0.3049015998840332,0.06587344408035278,-0.267433762550354,0.04442983865737915,-0.22508466243743896,0.03378748893737793,-0.1586567759513855,0.12150466442108154,-0.2688487768173218,0.1269252896308899,-0.23702478408813477,0.10696959495544434,-0.19926947355270386,0.09845006465911865,0.0,0.0,0.0,0.0,0.0,0.0,0.0,0.0,0.0,0.0,0.0,0.0,0.0,0.0,0.0,0.0,0.0,0.0,0.0,0.0,0.0,0.0,0.0,0.0,0.0,0.0,0.0,0.0,0.0,0.0,0.0,0.0,0.0,0.0,0.0,0.0,0.0,0.0,0.0,0.0,0.0,0.0
0.0,0.0,-0.07986330986022949,-0.09896141290664673,-0.20065546035766602,-0.12409937381744385,-0.30110156536102295,-0.09094351530075073,-0.3720186948776245,-0.08316224813461304,-0.21882176399230957,-0.16193658113479614,-0.3588290214538574,-0.17871028184890747,-0.43728184700012207,-0.19260889291763306,-0.4992050528526306,-0.2039734125137329,-0.1981378197669983,-0.06543612480163574,-0.3570443391799927,0.0043097734451293945,-0.43840456008911133,0.036509692668914795,-0.49878013134002686,0.06102144718170166,-0.17742764949798584,0.03421485424041748,-0.30432748794555664,0.06870895624160767,-0.26668781042099,0.04659146070480347,-0.22404080629348755,0.03594869375228882,-0.15767288208007812,0.12432312965393066,-0.26744556427001953,0.13010650873184204,-0.2358836531639099,0.11000221967697144,-0.19783729314804077,0.10176718235015869,0.0,0.0,0.0,0.0,0.0,0.0,0.0,0.0,0.0,0.0,0.0,0.0,0.0,0.0,0.0,0.0,0.0,0.0,0.0,0.0,0.0,0.0,0.0,0.0,0.0,0.0,0.0,0.0,0.0,0.0,0.0,0.0,0.0,0.0,0.0,0.0,0.0,0.0,0.0,0.0,0.0,0.0
0.0,0.0,-0.08060306310653687,-0.09854686260223389,-0.20184201002120972,-0.12187737226486206,-0.30230027437210083,-0.08628416061401367,-0.37355339527130127,-0.07741916179656982,-0.2189418077468872,-0.15908175706863403,-0.3585193157196045,-0.17593777179718018,-0.4378696084022522,-0.18948298692703247,-0.49987679719924927,-0.20089787244796753,-0.19849073886871338,-0.06272423267364502,-0.35815393924713135,0.006575345993041992,-0.440021276473999,0.03867620229721069,-0.5007809400558472,0.06270408630371094,-0.17828577756881714,0.036004066467285156,-0.3062824606895447,0.07129162549972534,-0.2683618664741516,0.04924529790878296,-0.22556692361831665,0.03804421424865723,-0.15906238555908203,0.12509119510650635,-0.2695678472518921,0.1318589448928833,-0.23777848482131958,0.11171257495880127,-0.19991439580917358,0.10306054353713989,0.0,0.0,0.0,0.0,0.0,0.0,0.0,0.0,0.0,0.0,0.0,0.0,0.0,0.0,0.0,0.0,0.0,0.0,0.0,0.0,0.0,0.0,0.0,0.0,0.0,0.0,0.0,0.0,0.0,0.0,0.0,0.0,0.0,0.0,0.0,0.0,0.0,0.0,0.0,0.0,0.0,0.0
0.0,0.0,-0.07910788059234619,-0.10032200813293457,-0.198569655418396,-0.1263033151626587,-0.29866117238998413,-0.0916176438331604,-0.3690277338027954,-0.07951152324676514,-0.21491855382919312,-0.1646779179573059,-0.35435962677001953,-0.1814834475517273,-0.43437659740448,-0.1935078501701355,-0.4966609477996826,-0.20348572731018066,-0.19583851099014282,-0.06749564409255981,-0.35599207878112793,0.0019617080688476562,-0.4381728172302246,0.03454935550689697,-0.49907755851745605,0.057946979999542236,-0.1767491102218628,0.03143531084060669,-0.3025714159011841,0.06647074222564697,-0.2658315896987915,0.045403242111206055,-0.22401922941207886,0.03482872247695923,-0.15852463245391846,0.12081599235534668,-0.2661476135253906,0.12686234712600708,-0.23481732606887817,0.10696625709533691,-0.19793111085891724,0.09847277402877808,0.0,0.0,0.0,0.0,0.0,0.0,0.0,0.0,0.0,0.0,0.0,0.0,0.0,0.0,0.0,0.0,0.0,0.0,0.0,0.0,0.0,0.0,0.0,0.0,0.0,0.0,0.0,0.0,0.0,0.0,0.0,0.0,0.0,0.0,0.0,0.0,0.0,0.0,0.0,0.0,0.0,0.0
0.0,0.0,-0.07744801044464111,-0.09924072027206421,-0.19521063566207886,-0.1253928244113922,-0.2944026589393616,-0.0929640531539917,-0.36540162563323975,-0.08579021692276001,-0.214583158493042,-0.16798090934753418,-0.3554234504699707,-0.18454241752624512,-0.4340119957923889,-0.19808924198150635,-0.49594491720199585,-0.20887774229049683,-0.19478952884674072,-0.07194286584854126,-0.3530067801475525,-0.0028412342071533203,-0.4349888563156128,0.03114837408065796,-0.49601030349731445,0.05664592981338501,-0.17525726556777954,0.028040945529937744,-0.29938220977783203,0.061779916286468506,-0.26251083612442017,0.04095196723937988,-0.22111594676971436,0.030201196670532227,-0.15674060583114624,0.11835664510726929,-0.2635148763656616,0.12390303611755371,-0.2326163649559021,0.10439831018447876,-0.1959570050239563,0.0958452820777893,0.0,0.0,0.0,0.0,0.0,0.0,0.0,0.0,0.0,0.0,0.0,0.0,0.0,0.0,0.0,0.0,0.0,0.0,0.0,0.0,0.0,0.0,0.0,0.0,0.0,0.0,0.0,0.0,0.0,0.0,0.0,0.0,0.0,0.0,0.0,0.0,0.0,0.0,0.0,0.0,0.0,0.0
0.0,0.0,-0.07727396488189697,-0.09762734174728394,-0.19444316625595093,-0.1254599690437317,-0.2931251525878906,-0.09296262264251709,-0.36296558380126953,-0.08172959089279175,-0.216011643409729,-0.1663554608821869,-0.3550257682800293,-0.18107032775878906,-0.43340086936950684,-0.19432634115219116,-0.4954448342323303,-0.2055453658103943,-0.19484645128250122,-0.07045596837997437,-0.3532702922821045,-0.0001081228256225586,-0.43506771326065063,0.033192574977874756,-0.49556970596313477,0.05752652883529663,-0.1744006872177124,0.029154419898986816,-0.29911094903945923,0.062139928340911865,-0.2630881071090698,0.042491257190704346,-0.22206717729568481,0.03254401683807373,-0.15516573190689087,0.11938518285751343,-0.26176220178604126,0.12589114904403687,-0.23202472925186157,0.10775673389434814,-0.19647401571273804,0.10021328926086426,0.0,0.0,0.0,0.0,0.0,0.0,0.0,0.0,0.0,0.0,0.0,0.0,0.0,0.0,0.0,0.0,0.0,0.0,0.0,0.0,0.0,0.0,0.0,0.0,0.0,0.0,0.0,0.0,0.0,0.0,0.0,0.0,0.0,0.0,0.0,0.0,0.0,0.0,0.0,0.0,0.0,0.0
0.0,0.0,-0.07700508832931519,-0.0985795259475708,-0.1943226456642151,-0.125932514667511,-0.29308485984802246,-0.09339535236358643,-0.3635845184326172,-0.08288663625717163,-0.21552956104278564,-0.1672186553478241,-0.3549020290374756,-0.18292784690856934,-0.43344438076019287,-0.19570904970169067,-0.4956395626068115,-0.2062477469444275,-0.1952354907989502,-0.07081592082977295,-0.3532485365867615,-0.002011120319366455,-0.43523645401000977,0.031183242797851562,-0.49629759788513184,0.055758535861968994,-0.17539650201797485,0.02898949384689331,-0.3004332184791565,0.06160569190979004,-0.26411867141723633,0.04154670238494873,-0.22268301248550415,0.03160285949707031,-0.1565038561820984,0.11907660961151123,-0.26332515478134155,0.12446075677871704,-0.2332056164741516,0.10585492849349976,-0.19724100828170776,0.0977899432182312,0.0,0.0,0.0,0.0,0.0,0.0,0.0,0.0,0.0,0.0,0.0,0.0,0.0,0.0,0.0,0.0,0.0,0.0,0.0,0.0,0.0,0.0,0.0,0.0,0.0,0.0,0.0,0.0,0.0,0.0,0.0,0.0,0.0,0.0,0.0,0.0,0.0,0.0,0.0,0.0,0.0,0.0
0.0,0.0,-0.07641029357910156,-0.09900343418121338,-0.19345194101333618,-0.12636694312095642,-0.2925562858581543,-0.09294748306274414,-0.36368632316589355,-0.0830003023147583,-0.21456515789031982,-0.1667913794517517,-0.35467231273651123,-0.18301820755004883,-0.4331008195877075,-0.196333646774292,-0.49507105350494385,-0.2075175642967224,-0.19462645053863525,-0.07046318054199219,-0.35295289754867554,-0.0024042725563049316,-0.4350181818008423,0.030009031295776367,-0.49609696865081787,0.05407339334487915,-0.17497515678405762,0.02894800901412964,-0.2999703288078308,0.061723411083221436,-0.2635490894317627,0.04174947738647461,-0.22207599878311157,0.03197145462036133,-0.15632736682891846,0.11851823329925537,-0.2630579471588135,0.12366020679473877,-0.23309797048568726,0.1047365665435791,-0.19716894626617432,0.09674108028411865,0.0,0.0,0.0,0.0,0.0,0.0,0.0,0.0,0.0,0.0,0.0,0.0,0.0,0.0,0.0,0.0,0.0,0.0,0.0,0.0,0.0,0.0,0.0,0.0,0.0,0.0,0.0,0.0,0.0,0.0,0.0,0.0,0.0,0.0,0.0,0.0,0.0,0.0,0.0,0.0,0.0,0.0
0.0,0.0,-0.07666850090026855,-0.09821003675460815,-0.19395899772644043,-0.12477144598960876,-0.2925127148628235,-0.09265333414077759,-0.3631395101547241,-0.08358299732208252,-0.21570360660552979,-0.16701629757881165,-0.35514628887176514,-0.18211710453033447,-0.4331287741661072,-0.19587188959121704,-0.49517083168029785,-0.2071009874343872,-0.19470816850662231,-0.07093942165374756,-0.35384494066238403,-0.0016658306121826172,-0.4364500045776367,0.03221321105957031,-0.4978953003883362,0.058258771896362305,-0.1740683913230896,0.02866804599761963,-0.29787856340408325,0.06324291229248047,-0.26169759035110474,0.043123066425323486,-0.2207016944885254,0.032930195331573486,-0.15476858615875244,0.11868804693222046,-0.261435329914093,0.12553340196609497,-0.23146981000900269,0.10704398155212402,-0.1955721378326416,0.0987439751625061,0.0,0.0,0.0,0.0,0.0,0.0,0.0,0.0,0.0,0.0,0.0,0.0,0.0,0.0,0.0,0.0,0.0,0.0,0.0,0.0,0.0,0.0,0.0,0.0,0.0,0.0,0.0,0.0,0.0,0.0,0.0,0.0,0.0,0.0,0.0,0.0,0.0,0.0,0.0,0.0,0.0,0.0
0.0,0.0,-0.07701802253723145,-0.09862947463989258,-0.1946544647216797,-0.12543216347694397,-0.29367953538894653,-0.09175729751586914,-0.3646697998046875,-0.08126652240753174,-0.21578454971313477,-0.16617411375045776,-0.35597163438796997,-0.18105649948120117,-0.4343336820602417,-0.19532841444015503,-0.49651938676834106,-0.20738625526428223,-0.19530928134918213,-0.06955987215042114,-0.35462963581085205,-0.000760495662689209,-0.4375424385070801,0.032883286476135254,-0.49905622005462646,0.05893433094024658,-0.17504173517227173,0.030455470085144043,-0.2999258041381836,0.06421566009521484,-0.263683557510376,0.04317218065261841,-0.22221249341964722,0.03261768817901611,-0.15552759170532227,0.12067729234695435,-0.2629077434539795,0.12698763608932495,-0.2329367995262146,0.10774970054626465,-0.19675248861312866,0.09941643476486206,0.0,0.0,0.0,0.0,0.0,0.0,0.0,0.0,0.0,0.0,0.0,0.0,0.0,0.0,0.0,0.0,0.0,0.0,0.0,0.0,0.0,0.0,0.0,0.0,0.0,0.0,0.0,0.0,0.0,0.0,0.0,0.0,0.0,0.0,0.0,0.0,0.0,0.0,0.0,0.0,0.0,0.0
0.0,0.0,-0.07734739780426025,-0.09675860404968262,-0.19467324018478394,-0.1227537989616394,-0.2936921715736389,-0.0892266035079956,-0.36482763290405273,-0.07904994487762451,-0.21552419662475586,-0.1640726923942566,-0.35646140575408936,-0.17970561981201172,-0.4347134828567505,-0.19454097747802734,-0.4968264698982239,-0.20682281255722046,-0.194516122341156,-0.06765538454055786,-0.3541256785392761,0.000995934009552002,-0.43676984310150146,0.03455495834350586,-0.4981776475906372,0.06089884042739868,-0.1736651062965393,0.031926512718200684,-0.2983662486076355,0.0668630599975586,-0.26122814416885376,0.04600030183792114,-0.2195580005645752,0.03516888618469238,-0.15386801958084106,0.12164431810379028,-0.26171422004699707,0.12907356023788452,-0.23109030723571777,0.10970920324325562,-0.19436562061309814,0.10075372457504272,0.0,0.0,0.0,0.0,0.0,0.0,0.0,0.0,0.0,0.0,0.0,0.0,0.0,0.0,0.0,0.0,0.0,0.0,0.0,0.0,0.0,0.0,0.0,0.0,0.0,0.0,0.0,0.0,0.0,0.0,0.0,0.0,0.0,0.0,0.0,0.0,0.0,0.0,0.0,0.0,0.0,0.0
0.0,0.0,-0.07705146074295044,-0.0989043116569519,-0.19494658708572388,-0.12374913692474365,-0.29375267028808594,-0.09083163738250732,-0.3659302592277527,-0.08206236362457275,-0.21572965383529663,-0.1681288480758667,-0.3567162752151489,-0.18447306752204895,-0.4355260729789734,-0.19824880361557007,-0.4982661008834839,-0.20844823122024536,-0.1950775384902954,-0.0710403323173523,-0.3548387289047241,-0.002508401870727539,-0.43816304206848145,0.032592594623565674,-0.5003994703292847,0.059957683086395264,-0.17480993270874023,0.02974480390548706,-0.3003435730934143,0.06381213665008545,-0.26305752992630005,0.04312771558761597,-0.22096681594848633,0.03219449520111084,-0.15587729215621948,0.12045407295227051,-0.2641441822052002,0.12665754556655884,-0.2329251766204834,0.10713428258895874,-0.19599169492721558,0.09819245338439941,0.0,0.0,0.0,0.0,0.0,0.0,0.0,0.0,0.0,0.0,0.0,0.0,0.0,0.0,0.0,0.0,0.0,0.0,0.0,0.0,0.0,0.0,0.0,0.0,0.0,0.0,0.0,0.0,0.0,0.0,0.0,0.0,0.0,0.0,0.0,0.0,0.0,0.0,0.0,0.0,0.0,0.0
0.0,0.0,-0.07682466506958008,-0.09827381372451782,-0.1945418119430542,-0.12434867024421692,-0.2933230400085449,-0.09234154224395752,-0.3643299341201782,-0.08273845911026001,-0.21541064977645874,-0.16687989234924316,-0.3560844659805298,-0.18248248100280762,-0.4344790577888489,-0.19695863127708435,-0.49684834480285645,-0.20885509252548218,-0.19475317001342773,-0.06994891166687012,-0.3545035123825073,-0.001911759376525879,-0.43746936321258545,0.03171229362487793,-0.4990971088409424,0.05778306722640991,-0.17468583583831787,0.030577540397644043,-0.29994267225265503,0.06320571899414062,-0.2631077170372009,0.04236280918121338,-0.22140169143676758,0.032102763652801514,-0.15566295385360718,0.12109792232513428,-0.26264601945877075,0.12601393461227417,-0.2318684458732605,0.10692667961120605,-0.19564002752304077,0.09900140762329102,0.0,0.0,0.0,0.0,0.0,0.0,0.0,0.0,0.0,0.0,0.0,0.0,0.0,0.0,0.0,0.0,0.0,0.0,0.0,0.0,0.0,0.0,0.0,0.0,0.0,0.0,0.0,0.0,0.0,0.0,0.0,0.0,0.0,0.0,0.0,0.0,0.0,0.0,0.0,0.0,0.0,0.0
0.0,0.0,-0.07730311155319214,-0.09684216976165771,-0.19598710536956787,-0.12190738320350647,-0.29531270265579224,-0.09067010879516602,-0.3671222925186157,-0.08205211162567139,-0.21789300441741943,-0.16646939516067505,-0.358525812625885,-0.18233388662338257,-0.4371497631072998,-0.19719865918159485,-0.4998176097869873,-0.20900386571884155,-0.1967792510986328,-0.06922513246536255,-0.3568360209465027,-0.00012755393981933594,-0.4404357075691223,0.03468430042266846,-0.5029576420783997,0.0615839958190918,-0.17602896690368652,0.03187638521194458,-0.3009988069534302,0.06540769338607788,-0.26399755477905273,0.045037269592285156,-0.22246503829956055,0.034511446952819824,-0.15638494491577148,0.12289214134216309,-0.26456063985824585,0.1282505989074707,-0.23402798175811768,0.1091088056564331,-0.1979939341545105,0.10074961185455322,0.0,0.0,0.0,0.0,0.0,0.0,0.0,0.0,0.0,0.0,0.0,0.0,0.0,0.0,0.0,0.0,0.0,0.0,0.0,0.0,0.0,0.0,0.0,0.0,0.0,0.0,0.0,0.0,0.0,0.0,0.0,0.0,0.0,0.0,0.0,0.0,0.0,0.0,0.0,0.0,0.0,0.0
0.0,0.0,-0.0781320333480835,-0.09666085243225098,-0.19683027267456055,-0.12183120846748352,-0.29626673460006714,-0.09024238586425781,-0.3679129481315613,-0.07908749580383301,-0.21866923570632935,-0.1672736406326294,-0.35974109172821045,-0.18358230590820312,-0.43869805335998535,-0.19839584827423096,-0.5017914772033691,-0.2097867727279663,-0.19712042808532715,-0.07095247507095337,-0.35804837942123413,-0.0016087889671325684,-0.4417760968208313,0.03472501039505005,-0.504596471786499,0.06279242038726807,-0.17605644464492798,0.0298081636428833,-0.3015943169593811,0.06555140018463135,-0.26369041204452515,0.04689443111419678,-0.22148478031158447,0.036616384983062744,-0.15651333332061768,0.12092548608779907,-0.265316367149353,0.12853294610977173,-0.2337585687637329,0.11019378900527954,-0.19714629650115967,0.1016741394996643,0.0,0.0,0.0,0.0,0.0,0.0,0.0,0.0,0.0,0.0,0.0,0.0,0.0,0.0,0.0,0.0,0.0,0.0,0.0,0.0,0.0,0.0,0.0,0.0,0.0,0.0,0.0,0.0,0.0,0.0,0.0,0.0,0.0,0.0,0.0,0.0,0.0,0.0,0.0,0.0,0.0,0.0
0.0,0.0,-0.07707899808883667,-0.09778344631195068,-0.195104718208313,-0.12422144412994385,-0.2952267527580261,-0.09188687801361084,-0.36713236570358276,-0.07981538772583008,-0.2156977653503418,-0.1684134304523468,-0.3572515845298767,-0.18475937843322754,-0.43656861782073975,-0.1991148591041565,-0.5000312328338623,-0.21024209260940552,-0.19421952962875366,-0.07199537754058838,-0.356795072555542,-0.0028798580169677734,-0.44071149826049805,0.03351938724517822,-0.5038167238235474,0.06190323829650879,-0.17352819442749023,0.028800010681152344,-0.30035436153411865,0.06520324945449829,-0.2614556550979614,0.04606950283050537,-0.21897822618484497,0.035400331020355225,-0.1545780897140503,0.12048327922821045,-0.26415401697158813,0.12854814529418945,-0.2321729063987732,0.1098986268043518,-0.19560343027114868,0.10115724802017212,0.0,0.0,0.0,0.0,0.0,0.0,0.0,0.0,0.0,0.0,0.0,0.0,0.0,0.0,0.0,0.0,0.0,0.0,0.0,0.0,0.0,0.0,0.0,0.0,0.0,0.0,0.0,0.0,0.0,0.0,0.0,0.0,0.0,0.0,0.0,0.0,0.0,0.0,0.0,0.0,0.0,0.0
0.0,0.0,-0.08199405670166016,-0.09760236740112305,-0.20136100053787231,-0.12412810325622559,-0.2992631196975708,-0.09242582321166992,-0.37135547399520874,-0.08587205410003662,-0.22022795677185059,-0.16718333959579468,-0.35960400104522705,-0.18372610211372375,-0.44055408239364624,-0.199794203042984,-0.5057657957077026,-0.2129443883895874,-0.19501769542694092,-0.0708545446395874,-0.3575561046600342,-0.00304257869720459,-0.4468820095062256,0.037075579166412354,-0.5143947601318359,0.07056093215942383,-0.17243987321853638,0.03312653303146362,-0.3044663667678833,0.07316642999649048,-0.2666473984718323,0.05193597078323364,-0.22378957271575928,0.03849560022354126,-0.15171051025390625,0.12780719995498657,-0.2644754648208618,0.1376822590827942,-0.23270076513290405,0.11709856986999512,-0.19661080837249756,0.10652530193328857,0.0,0.0,0.0,0.0,0.0,0.0,0.0,0.0,0.0,0.0,0.0,0.0,0.0,0.0,0.0,0.0,0.0,0.0,0.0,0.0,0.0,0.0,0.0,0.0,0.0,0.0,0.0,0.0,0.0,0.0,0.0,0.0,0.0,0.0,0.0,0.0,0.0,0.0,0.0,0.0,0.0,0.0
0.0,0.0,-0.07987725734710693,-0.0989375114440918,-0.19929420948028564,-0.12330806255340576,-0.29888916015625,-0.09122925996780396,-0.37167447805404663,-0.08594280481338501,-0.21394765377044678,-0.17061001062393188,-0.3572450876235962,-0.19010481238365173,-0.43870389461517334,-0.20566588640213013,-0.5048507452011108,-0.2169894576072693,-0.1910620927810669,-0.07338941097259521,-0.357698917388916,-0.006815016269683838,-0.44340980052948,0.03168100118637085,-0.5095067024230957,0.06391847133636475,-0.16992974281311035,0.028268814086914062,-0.3048716187477112,0.06750363111495972,-0.26470744609832764,0.046250998973846436,-0.21992427110671997,0.033757686614990234,-0.1506749391555786,0.12103438377380371,-0.2663193941116333,0.13012158870697021,-0.2332790493965149,0.10930627584457397,-0.19480234384536743,0.09865081310272217,0.0,0.0,0.0,0.0,0.0,0.0,0.0,0.0,0.0,0.0,0.0,0.0,0.0,0.0,0.0,0.0,0.0,0.0,0.0,0.0,0.0,0.0,0.0,0.0,0.0,0.0,0.0,0.0,0.0,0.0,0.0,0.0,0.0,0.0,0.0,0.0,0.0,0.0,0.0,0.0,0.0,0.0
0.0,0.0,-0.08063924312591553,-0.09780436754226685,-0.2016892433166504,-0.12279188632965088,-0.3009578585624695,-0.09274935722351074,-0.37373483180999756,-0.08963161706924438,-0.21894681453704834,-0.16804632544517517,-0.3622390031814575,-0.18736675381660461,-0.44302451610565186,-0.20467177033424377,-0.5085991621017456,-0.21861949563026428,-0.19482147693634033,-0.07070213556289673,-0.3587930202484131,-0.006473660469055176,-0.44700348377227783,0.031165778636932373,-0.5146870613098145,0.06306618452072144,-0.17201727628707886,0.03129017353057861,-0.3060203790664673,0.06836658716201782,-0.2667253613471985,0.04567718505859375,-0.22212862968444824,0.032619357109069824,-0.1511019468307495,0.1236579418182373,-0.2669801712036133,0.1302356719970703,-0.23591750860214233,0.10958325862884521,-0.19831323623657227,0.10001814365386963,0.0,0.0,0.0,0.0,0.0,0.0,0.0,0.0,0.0,0.0,0.0,0.0,0.0,0.0,0.0,0.0,0.0,0.0,0.0,0.0,0.0,0.0,0.0,0.0,0.0,0.0,0.0,0.0,0.0,0.0,0.0,0.0,0.0,0.0,0.0,0.0,0.0,0.0,0.0,0.0,0.0,0.0
0.0,0.0,-0.08130109310150146,-0.09878230094909668,-0.20178979635238647,-0.12198978662490845,-0.3009723424911499,-0.09039270877838135,-0.37270110845565796,-0.08588099479675293,-0.21340668201446533,-0.16636300086975098,-0.3589979410171509,-0.18726986646652222,-0.4404059052467346,-0.20553523302078247,-0.5064575672149658,-0.21884313225746155,-0.19026315212249756,-0.06819438934326172,-0.35871005058288574,-0.006537020206451416,-0.44598931074142456,0.028675615787506104,-0.5125104188919067,0.059623003005981445,-0.16872233152389526,0.03436720371246338,-0.3057122826576233,0.06894946098327637,-0.265983521938324,0.04446321725845337,-0.22081798315048218,0.03226286172866821,-0.1495821475982666,0.12778544425964355,-0.2682502865791321,0.1322169303894043,-0.23580920696258545,0.10866725444793701,-0.1968233585357666,0.09852665662765503,0.0,0.0,0.0,0.0,0.0,0.0,0.0,0.0,0.0,0.0,0.0,0.0,0.0,0.0,0.0,0.0,0.0,0.0,0.0,0.0,0.0,0.0,0.0,0.0,0.0,0.0,0.0,0.0,0.0,0.0,0.0,0.0,0.0,0.0,0.0,0.0,0.0,0.0,0.0,0.0,0.0,0.0
0.0,0.0,-0.07866692543029785,-0.10032397508621216,-0.1996414065361023,-0.12357509136199951,-0.30056309700012207,-0.09371060132980347,-0.3746523857116699,-0.09031534194946289,-0.2118491530418396,-0.16993486881256104,-0.3560680150985718,-0.19233331084251404,-0.43742841482162476,-0.2103482484817505,-0.5033023357391357,-0.2229938507080078,-0.18978357315063477,-0.07159203290939331,-0.3581691384315491,-0.00978320837020874,-0.4443381428718567,0.026969313621520996,-0.5099483728408813,0.05853193998336792,-0.16819500923156738,0.0304071307182312,-0.30402928590774536,0.06797617673873901,-0.2625564932823181,0.045552611351013184,-0.21628814935684204,0.03348684310913086,-0.1486169695854187,0.12358462810516357,-0.2664635181427002,0.13139092922210693,-0.23299318552017212,0.10897934436798096,-0.19345593452453613,0.09839004278182983,0.0,0.0,0.0,0.0,0.0,0.0,0.0,0.0,0.0,0.0,0.0,0.0,0.0,0.0,0.0,0.0,0.0,0.0,0.0,0.0,0.0,0.0,0.0,0.0,0.0,0.0,0.0,0.0,0.0,0.0,0.0,0.0,0.0,0.0,0.0,0.0,0.0,0.0,0.0,0.0,0.0,0.0
0.0,0.0,-0.07969933748245239,-0.09902775287628174,-0.19997143745422363,-0.12277019023895264,-0.29954463243484497,-0.09156322479248047,-0.37173736095428467,-0.0876818299293518,-0.2124178409576416,-0.16893666982650757,-0.35738539695739746,-0.19163459539413452,-0.438931941986084,-0.20931589603424072,-0.5058279037475586,-0.222062349319458,-0.1905955672264099,-0.06977194547653198,-0.3585367798805237,-0.008452355861663818,-0.4459840655326843,0.027599811553955078,-0.5140523910522461,0.05871450901031494,-0.16970109939575195,0.032888948917388916,-0.3060736060142517,0.0690956711769104,-0.2653588652610779,0.04515796899795532,-0.21983343362808228,0.032435834407806396,-0.15071731805801392,0.12630784511566162,-0.26789039373397827,0.13126283884048462,-0.23532533645629883,0.10836571455001831,-0.19665110111236572,0.09751671552658081,0.0,0.0,0.0,0.0,0.0,0.0,0.0,0.0,0.0,0.0,0.0,0.0,0.0,0.0,0.0,0.0,0.0,0.0,0.0,0.0,0.0,0.0,0.0,0.0,0.0,0.0,0.0,0.0,0.0,0.0,0.0,0.0,0.0,0.0,0.0,0.0,0.0,0.0,0.0,0.0,0.0,0.0
0.0,0.0,-0.07947027683258057,-0.09945422410964966,-0.20085036754608154,-0.12132436037063599,-0.30125802755355835,-0.08971625566482544,-0.37412500381469727,-0.08761751651763916,-0.21234309673309326,-0.16733050346374512,-0.35717469453811646,-0.19107311964035034,-0.43821442127227783,-0.21027374267578125,-0.5044904351234436,-0.22424903512001038,-0.18989837169647217,-0.0692523717880249,-0.35861533880233765,-0.008232712745666504,-0.4455995559692383,0.027643144130706787,-0.5125913619995117,0.05801224708557129,-0.1685144305229187,0.03297722339630127,-0.3064463138580322,0.06975913047790527,-0.26553088426589966,0.047218382358551025,-0.21934783458709717,0.03521960973739624,-0.14935088157653809,0.12584370374679565,-0.26836055517196655,0.131725013256073,-0.23610103130340576,0.10927194356918335,-0.19714540243148804,0.0990825891494751,0.0,0.0,0.0,0.0,0.0,0.0,0.0,0.0,0.0,0.0,0.0,0.0,0.0,0.0,0.0,0.0,0.0,0.0,0.0,0.0,0.0,0.0,0.0,0.0,0.0,0.0,0.0,0.0,0.0,0.0,0.0,0.0,0.0,0.0,0.0,0.0,0.0,0.0,0.0,0.0,0.0,0.0
0.0,0.0,-0.0792851448059082,-0.10233813524246216,-0.20122194290161133,-0.12349867820739746,-0.3019372224807739,-0.09269648790359497,-0.3759809732437134,-0.09061533212661743,-0.21289581060409546,-0.1681567132472992,-0.35851484537124634,-0.18958836793899536,-0.44177329540252686,-0.2070193886756897,-0.5099042654037476,-0.21928668022155762,-0.190720796585083,-0.068057119846344,-0.36047160625457764,-0.005822360515594482,-0.44910335540771484,0.03063952922821045,-0.5172982215881348,0.061441898345947266,-0.17003661394119263,0.036275625228881836,-0.31158769130706787,0.07208645343780518,-0.26965129375457764,0.0492207407951355,-0.22284245491027832,0.03780323266983032,-0.15093624591827393,0.13019418716430664,-0.27370476722717285,0.13741618394851685,-0.23984616994857788,0.11533790826797485,-0.1995943784713745,0.10555481910705566,0.0,0.0,0.0,0.0,0.0,0.0,0.0,0.0,0.0,0.0,0.0,0.0,0.0,0.0,0.0,0.0,0.0,0.0,0.0,0.0,0.0,0.0,0.0,0.0,0.0,0.0,0.0,0.0,0.0,0.0,0.0,0.0,0.0,0.0,0.0,0.0,0.0,0.0,0.0,0.0,0.0,0.0
0.0,0.0,-0.0791749358177185,-0.10116875171661377,-0.201463520526886,-0.12350994348526001,-0.3019871115684509,-0.09302431344985962,-0.3746541738510132,-0.08876180648803711,-0.21126025915145874,-0.1693546175956726,-0.35647034645080566,-0.19018295407295227,-0.4378807544708252,-0.20915716886520386,-0.5042347311973572,-0.22405630350112915,-0.18759548664093018,-0.06923484802246094,-0.3585125207901001,-0.006517648696899414,-0.44586265087127686,0.0303800106048584,-0.5124713182449341,0.06009465456008911,-0.16506701707839966,0.0349736213684082,-0.3068634271621704,0.07248401641845703,-0.26551562547683716,0.05173557996749878,-0.21837925910949707,0.040337979793548584,-0.14502114057540894,0.12934637069702148,-0.2669680118560791,0.1372087001800537,-0.23476660251617432,0.11456632614135742,-0.19566673040390015,0.10396772623062134,0.0,0.0,0.0,0.0,0.0,0.0,0.0,0.0,0.0,0.0,0.0,0.0,0.0,0.0,0.0,0.0,0.0,0.0,0.0,0.0,0.0,0.0,0.0,0.0,0.0,0.0,0.0,0.0,0.0,0.0,0.0,0.0,0.0,0.0,0.0,0.0,0.0,0.0,0.0,0.0,0.0,0.0
0.0,0.0,-0.07861948013305664,-0.10237932205200195,-0.20126879215240479,-0.1254999041557312,-0.30184417963027954,-0.09518194198608398,-0.37592828273773193,-0.09329169988632202,-0.2108721137046814,-0.1701485812664032,-0.35544800758361816,-0.1903476119041443,-0.43716633319854736,-0.20978876948356628,-0.5042486190795898,-0.22385454177856445,-0.18841111660003662,-0.06883573532104492,-0.3587026000022888,-0.006795108318328857,-0.4474652409553528,0.028867661952972412,-0.5148731470108032,0.06002265214920044,-0.16676479578018188,0.03574943542480469,-0.3078692555427551,0.07142537832260132,-0.26776522397994995,0.04554569721221924,-0.22109317779541016,0.03223937749862671,-0.14714783430099487,0.1296047568321228,-0.2683277726173401,0.13331538438796997,-0.23613548278808594,0.10927516222000122,-0.19665217399597168,0.09910500049591064,0.0,0.0,0.0,0.0,0.0,0.0,0.0,0.0,0.0,0.0,0.0,0.0,0.0,0.0,0.0,0.0,0.0,0.0,0.0,0.0,0.0,0.0,0.0,0.0,0.0,0.0,0.0,0.0,0.0,0.0,0.0,0.0,0.0,0.0,0.0,0.0,0.0,0.0,0.0,0.0,0.0,0.0
0.0,0.0,-0.07857167720794678,-0.10147768259048462,-0.2013341188430786,-0.12450563907623291,-0.3022981882095337,-0.09382528066635132,-0.37594759464263916,-0.09098082780838013,-0.2106812596321106,-0.16862398386001587,-0.3564074635505676,-0.19070196151733398,-0.43869680166244507,-0.210563063621521,-0.5056849718093872,-0.2253556251525879,-0.18796807527542114,-0.06814634799957275,-0.3589164614677429,-0.0074481964111328125,-0.4473511576652527,0.027906715869903564,-0.5146794319152832,0.05853480100631714,-0.1662750244140625,0.03583890199661255,-0.30723464488983154,0.07232636213302612,-0.2668699026107788,0.04838156700134277,-0.2201785445213318,0.036045074462890625,-0.14684945344924927,0.1296483874320984,-0.26899218559265137,0.13460814952850342,-0.23647570610046387,0.11159569025039673,-0.1966078281402588,0.10178714990615845,0.0,0.0,0.0,0.0,0.0,0.0,0.0,0.0,0.0,0.0,0.0,0.0,0.0,0.0,0.0,0.0,0.0,0.0,0.0,0.0,0.0,0.0,0.0,0.0,0.0,0.0,0.0,0.0,0.0,0.0,0.0,0.0,0.0,0.0,0.0,0.0,0.0,0.0,0.0,0.0,0.0,0.0
0.0,0.0,-0.07789105176925659,-0.10233044624328613,-0.20085757970809937,-0.12608122825622559,-0.30337947607040405,-0.09690701961517334,-0.37786585092544556,-0.09645587205886841,-0.21110618114471436,-0.1712559461593628,-0.35700494050979614,-0.19374898076057434,-0.43906742334365845,-0.21359097957611084,-0.5059492588043213,-0.2278643548488617,-0.1894252896308899,-0.07085412740707397,-0.3603891134262085,-0.010793745517730713,-0.44926631450653076,0.024607717990875244,-0.5169887542724609,0.05505859851837158,-0.16799402236938477,0.03329503536224365,-0.30797451734542847,0.06955093145370483,-0.2672767639160156,0.04660731554031372,-0.22068601846694946,0.034691572189331055,-0.14851129055023193,0.1271669864654541,-0.27010661363601685,0.13212120532989502,-0.23762017488479614,0.10979139804840088,-0.19769221544265747,0.10037857294082642,0.0,0.0,0.0,0.0,0.0,0.0,0.0,0.0,0.0,0.0,0.0,0.0,0.0,0.0,0.0,0.0,0.0,0.0,0.0,0.0,0.0,0.0,0.0,0.0,0.0,0.0,0.0,0.0,0.0,0.0,0.0,0.0,0.0,0.0,0.0,0.0,0.0,0.0,0.0,0.0,0.0,0.0
0.0,0.0,-0.07772326469421387,-0.10389488935470581,-0.2004421353340149,-0.12816792726516724,-0.3015105128288269,-0.09920305013656616,-0.374808669090271,-0.09605103731155396,-0.20917803049087524,-0.17426127195358276,-0.35526466369628906,-0.19685131311416626,-0.4370461702346802,-0.21586203575134277,-0.5041851997375488,-0.23002269864082336,-0.18648093938827515,-0.07367885112762451,-0.35796141624450684,-0.013103246688842773,-0.4462488889694214,0.021845996379852295,-0.5136643648147583,0.051239728927612305,-0.1649072766304016,0.030466079711914062,-0.3057865500450134,0.06542128324508667,-0.2647196650505066,0.04176539182662964,-0.21744924783706665,0.02966785430908203,-0.14601582288742065,0.1246485710144043,-0.26792871952056885,0.12853044271469116,-0.23490333557128906,0.10559451580047607,-0.19444257020950317,0.09614288806915283,0.0,0.0,0.0,0.0,0.0,0.0,0.0,0.0,0.0,0.0,0.0,0.0,0.0,0.0,0.0,0.0,0.0,0.0,0.0,0.0,0.0,0.0,0.0,0.0,0.0,0.0,0.0,0.0,0.0,0.0,0.0,0.0,0.0,0.0,0.0,0.0,0.0,0.0,0.0,0.0,0.0,0.0
0.0,0.0,-0.07879161834716797,-0.1034468412399292,-0.20177412033081055,-0.12937581539154053,-0.30285531282424927,-0.10118657350540161,-0.37663018703460693,-0.09904563426971436,-0.21037036180496216,-0.1751142144203186,-0.3570774793624878,-0.19711995124816895,-0.43896716833114624,-0.21590983867645264,-0.5065548419952393,-0.229385644197464,-0.18760013580322266,-0.07314914464950562,-0.35931068658828735,-0.01385509967803955,-0.4477407932281494,0.019920527935028076,-0.5154042840003967,0.04903191328048706,-0.16661375761032104,0.032110631465911865,-0.3074071407318115,0.06492900848388672,-0.2674429416656494,0.03973042964935303,-0.22078365087509155,0.026614367961883545,-0.1486179232597351,0.12695544958114624,-0.27000969648361206,0.12764567136764526,-0.23812133073806763,0.10387402772903442,-0.19820314645767212,0.09351503849029541,0.0,0.0,0.0,0.0,0.0,0.0,0.0,0.0,0.0,0.0,0.0,0.0,0.0,0.0,0.0,0.0,0.0,0.0,0.0,0.0,0.0,0.0,0.0,0.0,0.0,0.0,0.0,0.0,0.0,0.0,0.0,0.0,0.0,0.0,0.0,0.0,0.0,0.0,0.0,0.0,0.0,0.0
0.0,0.0,-0.08034586906433105,-0.10019105672836304,-0.20476067066192627,-0.12214726209640503,-0.3063157796859741,-0.08942705392837524,-0.37944066524505615,-0.086184561252594,-0.21671175956726074,-0.16773051023483276,-0.3626258969306946,-0.18695461750030518,-0.4451175928115845,-0.20352506637573242,-0.5125471949577332,-0.2146708071231842,-0.193902850151062,-0.065743088722229,-0.3641234040260315,-0.004096627235412598,-0.45394378900527954,0.031351566314697266,-0.5230669975280762,0.062365591526031494,-0.17134565114974976,0.041258811950683594,-0.30761194229125977,0.07445591688156128,-0.2675495743751526,0.05022329092025757,-0.2221938967704773,0.03805261850357056,-0.15051978826522827,0.1381644606590271,-0.26943618059158325,0.1398950219154358,-0.2371266484260559,0.11773943901062012,-0.19793039560317993,0.10998344421386719,0.0,0.0,0.0,0.0,0.0,0.0,0.0,0.0,0.0,0.0,0.0,0.0,0.0,0.0,0.0,0.0,0.0,0.0,0.0,0.0,0.0,0.0,0.0,0.0,0.0,0.0,0.0,0.0,0.0,0.0,0.0,0.0,0.0,0.0,0.0,0.0,0.0,0.0,0.0,0.0,0.0,0.0
0.0,0.0,-0.0783390998840332,-0.10280585289001465,-0.20374834537506104,-0.12289094924926758,-0.3071258068084717,-0.09133744239807129,-0.38196444511413574,-0.08722972869873047,-0.2167130708694458,-0.16787007451057434,-0.36684006452560425,-0.1851348876953125,-0.44994843006134033,-0.20138251781463623,-0.5175526142120361,-0.21305719017982483,-0.19742906093597412,-0.06531417369842529,-0.36808109283447266,-0.003399968147277832,-0.45648664236068726,0.03172212839126587,-0.5237946510314941,0.06029844284057617,-0.17637401819229126,0.040271103382110596,-0.310693621635437,0.07497113943099976,-0.2688952684402466,0.052361369132995605,-0.22250431776046753,0.041045963764190674,-0.15668952465057373,0.13541561365127563,-0.27431386709213257,0.13953357934951782,-0.24028795957565308,0.11718785762786865,-0.20035433769226074,0.10846823453903198,0.0,0.0,0.0,0.0,0.0,0.0,0.0,0.0,0.0,0.0,0.0,0.0,0.0,0.0,0.0,0.0,0.0,0.0,0.0,0.0,0.0,0.0,0.0,0.0,0.0,0.0,0.0,0.0,0.0,0.0,0.0,0.0,0.0,0.0,0.0,0.0,0.0,0.0,0.0,0.0,0.0,0.0
0.0,0.0,-0.0799795389175415,-0.1044650673866272,-0.20596814155578613,-0.12493246793746948,-0.30932366847991943,-0.0930209755897522,-0.384232759475708,-0.0874100923538208,-0.22099506855010986,-0.16972965002059937,-0.37072402238845825,-0.18524616956710815,-0.454276442527771,-0.2010522186756134,-0.5216765403747559,-0.21285602450370789,-0.20206886529922485,-0.06581741571426392,-0.3712044954299927,-0.0039615631103515625,-0.4609885811805725,0.030521750450134277,-0.528429388999939,0.05865973234176636,-0.18033909797668457,0.04099315404891968,-0.31268203258514404,0.07399249076843262,-0.271121084690094,0.05063849687576294,-0.22459650039672852,0.039287447929382324,-0.15952152013778687,0.1365671157836914,-0.2766526937484741,0.13907086849212646,-0.24304312467575073,0.1173812747001648,-0.20288485288619995,0.10959082841873169,0.0,0.0,0.0,0.0,0.0,0.0,0.0,0.0,0.0,0.0,0.0,0.0,0.0,0.0,0.0,0.0,0.0,0.0,0.0,0.0,0.0,0.0,0.0,0.0,0.0,0.0,0.0,0.0,0.0,0.0,0.0,0.0,0.0,0.0,0.0,0.0,0.0,0.0,0.0,0.0,0.0,0.0
0.0,0.0,-0.08007550239562988,-0.10443085432052612,-0.20630961656570435,-0.12571406364440918,-0.31049174070358276,-0.09336674213409424,-0.3865751624107361,-0.08580315113067627,-0.22121137380599976,-0.16928499937057495,-0.37433385848999023,-0.18476656079292297,-0.45796114206314087,-0.20055243372917175,-0.524736762046814,-0.21244442462921143,-0.20205819606781006,-0.06475353240966797,-0.3731837868690491,-0.004101216793060303,-0.463509738445282,0.03044259548187256,-0.5311124920845032,0.059147417545318604,-0.18043959140777588,0.04230839014053345,-0.3123987317085266,0.07509773969650269,-0.2726578712463379,0.052814602851867676,-0.22721242904663086,0.04194062948226929,-0.15951532125473022,0.13790953159332275,-0.2773957848548889,0.1416316032409668,-0.2455533742904663,0.12017554044723511,-0.2061043381690979,0.11249351501464844,0.0,0.0,0.0,0.0,0.0,0.0,0.0,0.0,0.0,0.0,0.0,0.0,0.0,0.0,0.0,0.0,0.0,0.0,0.0,0.0,0.0,0.0,0.0,0.0,0.0,0.0,0.0,0.0,0.0,0.0,0.0,0.0,0.0,0.0,0.0,0.0,0.0,0.0,0.0,0.0,0.0,0.0
0.0,0.0,-0.08003604412078857,-0.10570961236953735,-0.20688974857330322,-0.128190815448761,-0.3120931386947632,-0.0953439474105835,-0.38730794191360474,-0.08201563358306885,-0.22149169445037842,-0.16343581676483154,-0.3737757205963135,-0.18101418018341064,-0.4570792317390442,-0.19778817892074585,-0.5230831503868103,-0.20940685272216797,-0.20565086603164673,-0.05780935287475586,-0.37612640857696533,-0.0014460086822509766,-0.4654849171638489,0.031237661838531494,-0.5312308073043823,0.05974471569061279,-0.18543970584869385,0.0485798716545105,-0.31308770179748535,0.07805526256561279,-0.2737610936164856,0.05512028932571411,-0.22825944423675537,0.04525554180145264,-0.16490286588668823,0.14235132932662964,-0.2777891755104065,0.14384430646896362,-0.24558252096176147,0.12268441915512085,-0.20633333921432495,0.11612522602081299,0.0,0.0,0.0,0.0,0.0,0.0,0.0,0.0,0.0,0.0,0.0,0.0,0.0,0.0,0.0,0.0,0.0,0.0,0.0,0.0,0.0,0.0,0.0,0.0,0.0,0.0,0.0,0.0,0.0,0.0,0.0,0.0,0.0,0.0,0.0,0.0,0.0,0.0,0.0,0.0,0.0,0.0
0.0,0.0,-0.07660341262817383,-0.10889309644699097,-0.20379644632339478,-0.13958096504211426,-0.3110594153404236,-0.11272168159484863,-0.3847384452819824,-0.09734493494033813,-0.2193523645401001,-0.1655856966972351,-0.3712117075920105,-0.18276166915893555,-0.4535764455795288,-0.19772857427597046,-0.5183368921279907,-0.20816528797149658,-0.20446598529815674,-0.05922091007232666,-0.37436628341674805,-0.002537965774536133,-0.46392154693603516,0.027737736701965332,-0.5286425352096558,0.05419731140136719,-0.1844322681427002,0.047020792961120605,-0.310366690158844,0.076016366481781,-0.2729455828666687,0.05203521251678467,-0.22851556539535522,0.04200565814971924,-0.16380518674850464,0.139285147190094,-0.2755880355834961,0.14094775915145874,-0.24330657720565796,0.11995303630828857,-0.20326024293899536,0.11467063426971436,0.0,0.0,0.0,0.0,0.0,0.0,0.0,0.0,0.0,0.0,0.0,0.0,0.0,0.0,0.0,0.0,0.0,0.0,0.0,0.0,0.0,0.0,0.0,0.0,0.0,0.0,0.0,0.0,0.0,0.0,0.0,0.0,0.0,0.0,0.0,0.0,0.0,0.0,0.0,0.0,0.0,0.0
0.0,0.0,-0.07563436031341553,-0.10904723405838013,-0.20343196392059326,-0.1393650770187378,-0.31128132343292236,-0.11302518844604492,-0.38625669479370117,-0.09622275829315186,-0.22292929887771606,-0.1679779291152954,-0.3748324513435364,-0.18527531623840332,-0.45598673820495605,-0.20022284984588623,-0.5199179649353027,-0.21129894256591797,-0.20958274602890015,-0.06157130002975464,-0.37669217586517334,-0.007264196872711182,-0.4646505117416382,0.022649109363555908,-0.5288856625556946,0.04763740301132202,-0.1903972625732422,0.04437541961669922,-0.31173175573349,0.07242584228515625,-0.2732827067375183,0.05042487382888794,-0.22920244932174683,0.04013204574584961,-0.16969966888427734,0.13660413026809692,-0.27735644578933716,0.1381828784942627,-0.2444501519203186,0.1191825270652771,-0.20544540882110596,0.11369836330413818,0.0,0.0,0.0,0.0,0.0,0.0,0.0,0.0,0.0,0.0,0.0,0.0,0.0,0.0,0.0,0.0,0.0,0.0,0.0,0.0,0.0,0.0,0.0,0.0,0.0,0.0,0.0,0.0,0.0,0.0,0.0,0.0,0.0,0.0,0.0,0.0,0.0,0.0,0.0,0.0,0.0,0.0
0.0,0.0,-0.07686340808868408,-0.11040139198303223,-0.20645684003829956,-0.14042049646377563,-0.31493568420410156,-0.11310207843780518,-0.38951343297958374,-0.09553384780883789,-0.22567856311798096,-0.16548359394073486,-0.3782716989517212,-0.18548905849456787,-0.45989668369293213,-0.2011939287185669,-0.5237267017364502,-0.21213525533676147,-0.21319425106048584,-0.05821061134338379,-0.381868839263916,-0.006090521812438965,-0.4698655605316162,0.021868407726287842,-0.5334947109222412,0.045901596546173096,-0.1952546238899231,0.047390639781951904,-0.31722259521484375,0.07342571020126343,-0.27882319688796997,0.05074119567871094,-0.23453837633132935,0.04111987352371216,-0.17620307207107544,0.1384449005126953,-0.2819262146949768,0.1368207335472107,-0.249004065990448,0.11786866188049316,-0.21043336391448975,0.11336016654968262,0.0,0.0,0.0,0.0,0.0,0.0,0.0,0.0,0.0,0.0,0.0,0.0,0.0,0.0,0.0,0.0,0.0,0.0,0.0,0.0,0.0,0.0,0.0,0.0,0.0,0.0,0.0,0.0,0.0,0.0,0.0,0.0,0.0,0.0,0.0,0.0,0.0,0.0,0.0,0.0,0.0,0.0
0.0,0.0,-0.07495158910751343,-0.10849928855895996,-0.19915330410003662,-0.14657604694366455,-0.3047623038291931,-0.12583905458450317,-0.3758662939071655,-0.11588597297668457,-0.21915322542190552,-0.17218798398971558,-0.36913031339645386,-0.19365471601486206,-0.45121514797210693,-0.21016022562980652,-0.5139077305793762,-0.22484883666038513,-0.20678633451461792,-0.06403475999832153,-0.37491375207901,-0.007890045642852783,-0.45999836921691895,0.016335666179656982,-0.5206434726715088,0.034668028354644775,-0.18978536128997803,0.038711488246917725,-0.31119924783706665,0.06187981367111206,-0.2717818021774292,0.042983055114746094,-0.22656357288360596,0.03774368762969971,-0.17013925313949585,0.12652266025543213,-0.27261781692504883,0.12238609790802002,-0.23956787586212158,0.10455572605133057,-0.19987326860427856,0.10240525007247925,0.0,0.0,0.0,0.0,0.0,0.0,0.0,0.0,0.0,0.0,0.0,0.0,0.0,0.0,0.0,0.0,0.0,0.0,0.0,0.0,0.0,0.0,0.0,0.0,0.0,0.0,0.0,0.0,0.0,0.0,0.0,0.0,0.0,0.0,0.0,0.0,0.0,0.0,0.0,0.0,0.0,0.0
0.0,0.0,-0.07466298341751099,-0.10799849033355713,-0.19931501150131226,-0.14162126183509827,-0.30658668279647827,-0.11559343338012695,-0.37870877981185913,-0.09642457962036133,-0.22011536359786987,-0.1746216118335724,-0.3677845597267151,-0.19315123558044434,-0.44746750593185425,-0.20599830150604248,-0.5088471174240112,-0.21605569124221802,-0.20563524961471558,-0.07101207971572876,-0.37194204330444336,-0.014467358589172363,-0.456307053565979,0.012815535068511963,-0.5185098052024841,0.0326579213142395,-0.18864840269088745,0.032589495182037354,-0.309245765209198,0.05675774812698364,-0.27019166946411133,0.04054522514343262,-0.22732961177825928,0.03456389904022217,-0.17140930891036987,0.12472188472747803,-0.27415281534194946,0.12167632579803467,-0.23980802297592163,0.1066773533821106,-0.20212626457214355,0.10427165031433105,0.0,0.0,0.0,0.0,0.0,0.0,0.0,0.0,0.0,0.0,0.0,0.0,0.0,0.0,0.0,0.0,0.0,0.0,0.0,0.0,0.0,0.0,0.0,0.0,0.0,0.0,0.0,0.0,0.0,0.0,0.0,0.0,0.0,0.0,0.0,0.0,0.0,0.0,0.0,0.0,0.0,0.0
0.0,0.0,-0.07518506050109863,-0.10636389255523682,-0.19829332828521729,-0.137861430644989,-0.3037276268005371,-0.10899561643600464,-0.3772624135017395,-0.09528982639312744,-0.2221306562423706,-0.1738916039466858,-0.3687819242477417,-0.1920469105243683,-0.4484279751777649,-0.20728754997253418,-0.5097897052764893,-0.22007346153259277,-0.20795851945877075,-0.07021617889404297,-0.37042236328125,-0.014154016971588135,-0.45469343662261963,0.012767672538757324,-0.5166046023368835,0.032646894454956055,-0.19005727767944336,0.03206145763397217,-0.30694591999053955,0.055605411529541016,-0.2688751816749573,0.037879228591918945,-0.22672784328460693,0.03038942813873291,-0.17136645317077637,0.12196534872055054,-0.2715410590171814,0.11953109502792358,-0.23950541019439697,0.1029166579246521,-0.20297175645828247,0.09789562225341797,0.0,0.0,0.0,0.0,0.0,0.0,0.0,0.0,0.0,0.0,0.0,0.0,0.0,0.0,0.0,0.0,0.0,0.0,0.0,0.0,0.0,0.0,0.0,0.0,0.0,0.0,0.0,0.0,0.0,0.0,0.0,0.0,0.0,0.0,0.0,0.0,0.0,0.0,0.0,0.0,0.0,0.0
0.0,0.0,-0.07579255104064941,-0.10901713371276855,-0.19834190607070923,-0.1397394835948944,-0.3033233880996704,-0.1130022406578064,-0.37539368867874146,-0.09979188442230225,-0.22001254558563232,-0.17276006937026978,-0.36619746685028076,-0.19095253944396973,-0.44645678997039795,-0.20436736941337585,-0.5079547166824341,-0.215029776096344,-0.20621144771575928,-0.07008576393127441,-0.3686513304710388,-0.013286292552947998,-0.45261985063552856,0.012788057327270508,-0.5135724544525146,0.03322881460189819,-0.1892470121383667,0.030850708484649658,-0.30726635456085205,0.05586034059524536,-0.2696182131767273,0.0352901816368103,-0.2274680733680725,0.02697521448135376,-0.17111819982528687,0.11913001537322998,-0.27128368616104126,0.1183784008026123,-0.23955130577087402,0.10053426027297974,-0.202581524848938,0.09508651494979858,0.0,0.0,0.0,0.0,0.0,0.0,0.0,0.0,0.0,0.0,0.0,0.0,0.0,0.0,0.0,0.0,0.0,0.0,0.0,0.0,0.0,0.0,0.0,0.0,0.0,0.0,0.0,0.0,0.0,0.0,0.0,0.0,0.0,0.0,0.0,0.0,0.0,0.0,0.0,0.0,0.0,0.0
0.0,0.0,-0.07777875661849976,-0.10790061950683594,-0.19856107234954834,-0.13841232657432556,-0.30033963918685913,-0.111552894115448,-0.37046289443969727,-0.09630787372589111,-0.2188183069229126,-0.17036649584770203,-0.3613440990447998,-0.18830972909927368,-0.44006288051605225,-0.20172369480133057,-0.5006776452064514,-0.21326416730880737,-0.20370334386825562,-0.06848889589309692,-0.3641411066055298,-0.011001884937286377,-0.4468485116958618,0.015420138835906982,-0.5064339637756348,0.03544718027114868,-0.18574148416519165,0.03150832653045654,-0.30371618270874023,0.05702275037765503,-0.2660737633705139,0.036281466484069824,-0.22374075651168823,0.027371466159820557,-0.16737031936645508,0.1189655065536499,-0.2674351930618286,0.1199350357055664,-0.2361709475517273,0.1015656590461731,-0.1994428038597107,0.09510207176208496,0.0,0.0,0.0,0.0,0.0,0.0,0.0,0.0,0.0,0.0,0.0,0.0,0.0,0.0,0.0,0.0,0.0,0.0,0.0,0.0,0.0,0.0,0.0,0.0,0.0,0.0,0.0,0.0,0.0,0.0,0.0,0.0,0.0,0.0,0.0,0.0,0.0,0.0,0.0,0.0,0.0,0.0
0.0,0.0,-0.07851999998092651,-0.105354905128479,-0.19834935665130615,-0.13551616668701172,-0.29956185817718506,-0.10855817794799805,-0.36704832315444946,-0.09293639659881592,-0.21888285875320435,-0.16586121916770935,-0.3593684434890747,-0.1836639642715454,-0.4371381402015686,-0.1972751021385193,-0.49706733226776123,-0.20967960357666016,-0.2025986909866333,-0.06522464752197266,-0.3605227470397949,-0.004008591175079346,-0.44185197353363037,0.0236700177192688,-0.5013902187347412,0.04420417547225952,-0.1840030550956726,0.0339280366897583,-0.30289697647094727,0.060940682888031006,-0.26492321491241455,0.040468692779541016,-0.22278666496276855,0.03197592496871948,-0.16478878259658813,0.11989027261734009,-0.264679491519928,0.12239211797714233,-0.2332913875579834,0.10428774356842041,-0.19683820009231567,0.09775698184967041,0.0,0.0,0.0,0.0,0.0,0.0,0.0,0.0,0.0,0.0,0.0,0.0,0.0,0.0,0.0,0.0,0.0,0.0,0.0,0.0,0.0,0.0,0.0,0.0,0.0,0.0,0.0,0.0,0.0,0.0,0.0,0.0,0.0,0.0,0.0,0.0,0.0,0.0,0.0,0.0,0.0,0.0
0.0,0.0,-0.07733237743377686,-0.10434752702713013,-0.19635194540023804,-0.13367247581481934,-0.297671377658844,-0.10754162073135376,-0.364743709564209,-0.0946304202079773,-0.21705961227416992,-0.16621387004852295,-0.35694146156311035,-0.18269813060760498,-0.43417060375213623,-0.19611856341362,-0.4936569333076477,-0.2088029980659485,-0.20079374313354492,-0.06591033935546875,-0.3573283553123474,-0.004904270172119141,-0.4390770196914673,0.022799968719482422,-0.49975597858428955,0.04260993003845215,-0.18269312381744385,0.03296595811843872,-0.3022347688674927,0.06058436632156372,-0.2648580074310303,0.042244017124176025,-0.22340136766433716,0.03475749492645264,-0.1643359661102295,0.11897379159927368,-0.2643880844116211,0.12154096364974976,-0.23299694061279297,0.10474824905395508,-0.19682735204696655,0.09904831647872925,0.0,0.0,0.0,0.0,0.0,0.0,0.0,0.0,0.0,0.0,0.0,0.0,0.0,0.0,0.0,0.0,0.0,0.0,0.0,0.0,0.0,0.0,0.0,0.0,0.0,0.0,0.0,0.0,0.0,0.0,0.0,0.0,0.0,0.0,0.0,0.0,0.0,0.0,0.0,0.0,0.0,0.0
0.0,0.0,-0.07777035236358643,-0.10305255651473999,-0.19582915306091309,-0.13168123364448547,-0.29572463035583496,-0.10356628894805908,-0.36316704750061035,-0.08585667610168457,-0.21529817581176758,-0.16184407472610474,-0.3547677993774414,-0.17908239364624023,-0.43141233921051025,-0.19312691688537598,-0.4905359148979187,-0.20649832487106323,-0.20032715797424316,-0.06311726570129395,-0.35678917169570923,-0.0028077363967895508,-0.43708157539367676,0.024616539478302002,-0.49686872959136963,0.043629586696624756,-0.18304598331451416,0.034537672996520996,-0.30088621377944946,0.06184530258178711,-0.26257383823394775,0.04397040605545044,-0.22133463621139526,0.035908639430999756,-0.16495418548583984,0.12018674612045288,-0.26474982500076294,0.12250196933746338,-0.23246341943740845,0.10658448934555054,-0.19623810052871704,0.10085564851760864,0.0,0.0,0.0,0.0,0.0,0.0,0.0,0.0,0.0,0.0,0.0,0.0,0.0,0.0,0.0,0.0,0.0,0.0,0.0,0.0,0.0,0.0,0.0,0.0,0.0,0.0,0.0,0.0,0.0,0.0,0.0,0.0,0.0,0.0,0.0,0.0,0.0,0.0,0.0,0.0,0.0,0.0
0.0,0.0,-0.07613658905029297,-0.10248932242393494,-0.19056224822998047,-0.13423991203308105,-0.2891766428947449,-0.1122446060180664,-0.35432296991348267,-0.09855401515960693,-0.21097975969314575,-0.16276293992996216,-0.3468756079673767,-0.18124455213546753,-0.4213593006134033,-0.19492965936660767,-0.4782664179801941,-0.20777443051338196,-0.19811362028121948,-0.06672519445419312,-0.3528563976287842,-0.008117079734802246,-0.43242812156677246,0.018588244915008545,-0.4914931654930115,0.03746211528778076,-0.18217188119888306,0.028028428554534912,-0.2991214990615845,0.057139813899993896,-0.26251083612442017,0.04014796018600464,-0.2217002511024475,0.032228946685791016,-0.16558432579040527,0.1118307113647461,-0.26460278034210205,0.11631625890731812,-0.23346072435379028,0.1000056266784668,-0.19689446687698364,0.09396076202392578,0.0,0.0,0.0,0.0,0.0,0.0,0.0,0.0,0.0,0.0,0.0,0.0,0.0,0.0,0.0,0.0,0.0,0.0,0.0,0.0,0.0,0.0,0.0,0.0,0.0,0.0,0.0,0.0,0.0,0.0,0.0,0.0,0.0,0.0,0.0,0.0,0.0,0.0,0.0,0.0,0.0,0.0
0.0,0.0,-0.0752720832824707,-0.10353779792785645,-0.19080615043640137,-0.13089299201965332,-0.2885158061981201,-0.10436517000198364,-0.35561883449554443,-0.08540749549865723,-0.21300184726715088,-0.160898357629776,-0.34908074140548706,-0.17835012078285217,-0.4232274293899536,-0.1915348470211029,-0.4807167649269104,-0.20371407270431519,-0.1996021270751953,-0.06336969137191772,-0.3516792058944702,-0.007562220096588135,-0.4304441809654236,0.020026862621307373,-0.4893004298210144,0.03913348913192749,-0.1833236813545227,0.032854557037353516,-0.29737991094589233,0.055857956409454346,-0.2596568465232849,0.03929537534713745,-0.21951621770858765,0.031962573528289795,-0.16586458683013916,0.11692672967910767,-0.2631695866584778,0.11636608839035034,-0.23133879899978638,0.10208475589752197,-0.19621068239212036,0.09703904390335083,0.0,0.0,0.0,0.0,0.0,0.0,0.0,0.0,0.0,0.0,0.0,0.0,0.0,0.0,0.0,0.0,0.0,0.0,0.0,0.0,0.0,0.0,0.0,0.0,0.0,0.0,0.0,0.0,0.0,0.0,0.0,0.0,0.0,0.0,0.0,0.0,0.0,0.0,0.0,0.0,0.0,0.0
0.0,0.0,-0.07519733905792236,-0.10412374138832092,-0.1897660493850708,-0.13169685006141663,-0.28788822889328003,-0.10812973976135254,-0.3549363613128662,-0.09226298332214355,-0.21499520540237427,-0.16459622979164124,-0.3503798246383667,-0.18182086944580078,-0.42531049251556396,-0.1950819492340088,-0.48253095149993896,-0.20737755298614502,-0.20314151048660278,-0.06846809387207031,-0.35332316160202026,-0.012384355068206787,-0.43295371532440186,0.015022754669189453,-0.4919555187225342,0.034472107887268066,-0.18832498788833618,0.027374982833862305,-0.29991477727890015,0.052469491958618164,-0.263638436794281,0.036955833435058594,-0.22449594736099243,0.02996218204498291,-0.17146295309066772,0.11231088638305664,-0.2670842409133911,0.11168068647384644,-0.23530811071395874,0.09926402568817139,-0.2000272274017334,0.09450280666351318,0.0,0.0,0.0,0.0,0.0,0.0,0.0,0.0,0.0,0.0,0.0,0.0,0.0,0.0,0.0,0.0,0.0,0.0,0.0,0.0,0.0,0.0,0.0,0.0,0.0,0.0,0.0,0.0,0.0,0.0,0.0,0.0,0.0,0.0,0.0,0.0,0.0,0.0,0.0,0.0,0.0,0.0
0.0,0.0,-0.07543200254440308,-0.1039854884147644,-0.18862104415893555,-0.13113540410995483,-0.28487706184387207,-0.1058846116065979,-0.3529696464538574,-0.0911453366279602,-0.2132730484008789,-0.16224879026412964,-0.3490333557128906,-0.18174472451210022,-0.4230901002883911,-0.19564998149871826,-0.47999632358551025,-0.20733043551445007,-0.20192331075668335,-0.06626003980636597,-0.3518688678741455,-0.013348579406738281,-0.43033409118652344,0.011890530586242676,-0.4882164001464844,0.030515670776367188,-0.18794262409210205,0.02883315086364746,-0.29930293560028076,0.04967296123504639,-0.26281529664993286,0.03349357843399048,-0.22342395782470703,0.027264893054962158,-0.1719597578048706,0.11226874589920044,-0.26712703704833984,0.10843175649642944,-0.23540830612182617,0.09537601470947266,-0.19991624355316162,0.09142649173736572,0.0,0.0,0.0,0.0,0.0,0.0,0.0,0.0,0.0,0.0,0.0,0.0,0.0,0.0,0.0,0.0,0.0,0.0,0.0,0.0,0.0,0.0,0.0,0.0,0.0,0.0,0.0,0.0,0.0,0.0,0.0,0.0,0.0,0.0,0.0,0.0,0.0,0.0,0.0,0.0,0.0,0.0
0.0,0.0,-0.07684147357940674,-0.10322505235671997,-0.18552345037460327,-0.13061341643333435,-0.2791860103607178,-0.10532480478286743,-0.34584784507751465,-0.09147578477859497,-0.20933383703231812,-0.15560925006866455,-0.3416266441345215,-0.1788802146911621,-0.41568195819854736,-0.19184580445289612,-0.47135502099990845,-0.20247691869735718,-0.19987905025482178,-0.061810851097106934,-0.344496488571167,-0.011268377304077148,-0.42208874225616455,0.014277100563049316,-0.47862303256988525,0.03474301099777222,-0.18654072284698486,0.03031212091445923,-0.2930832505226135,0.05462712049484253,-0.2596892714500427,0.037062764167785645,-0.22105342149734497,0.029718101024627686,-0.169308602809906,0.11198550462722778,-0.2616633176803589,0.11038702726364136,-0.23183447122573853,0.09619057178497314,-0.19588404893875122,0.09097796678543091,0.0,0.0,0.0,0.0,0.0,0.0,0.0,0.0,0.0,0.0,0.0,0.0,0.0,0.0,0.0,0.0,0.0,0.0,0.0,0.0,0.0,0.0,0.0,0.0,0.0,0.0,0.0,0.0,0.0,0.0,0.0,0.0,0.0,0.0,0.0,0.0,0.0,0.0,0.0,0.0,0.0,0.0
0.0,0.0,-0.07355427742004395,-0.10356217622756958,-0.18220818042755127,-0.13250094652175903,-0.277444064617157,-0.11442670226097107,-0.3416755199432373,-0.10006564855575562,-0.20678716897964478,-0.1590883731842041,-0.33900201320648193,-0.17890721559524536,-0.41171205043792725,-0.1922188103199005,-0.4664580821990967,-0.20331242680549622,-0.19747745990753174,-0.0647839903831482,-0.34471625089645386,-0.011433660984039307,-0.42127513885498047,0.014253318309783936,-0.47697877883911133,0.033072590827941895,-0.18474066257476807,0.027628183364868164,-0.2910488247871399,0.05095994472503662,-0.2584404945373535,0.03538036346435547,-0.2204512357711792,0.029601693153381348,-0.16914153099060059,0.10876119136810303,-0.26031243801116943,0.1061897873878479,-0.23114073276519775,0.09364432096481323,-0.1963341236114502,0.08967947959899902,0.0,0.0,0.0,0.0,0.0,0.0,0.0,0.0,0.0,0.0,0.0,0.0,0.0,0.0,0.0,0.0,0.0,0.0,0.0,0.0,0.0,0.0,0.0,0.0,0.0,0.0,0.0,0.0,0.0,0.0,0.0,0.0,0.0,0.0,0.0,0.0,0.0,0.0,0.0,0.0,0.0,0.0
0.0,0.0,-0.0724109411239624,-0.10256868600845337,-0.18080073595046997,-0.12968754768371582,-0.27487337589263916,-0.10923129320144653,-0.3394569754600525,-0.09504270553588867,-0.20652008056640625,-0.1594054102897644,-0.33740782737731934,-0.18050897121429443,-0.4095580577850342,-0.19365376234054565,-0.46483123302459717,-0.2040669322013855,-0.1973254680633545,-0.06480872631072998,-0.3410261869430542,-0.014660537242889404,-0.4174548387527466,0.011765599250793457,-0.47357177734375,0.031847238540649414,-0.18449968099594116,0.027904927730560303,-0.28902214765548706,0.04879295825958252,-0.25561100244522095,0.033176302909851074,-0.21801501512527466,0.027203679084777832,-0.1690307855606079,0.10891568660736084,-0.25864124298095703,0.10467225313186646,-0.22887200117111206,0.0920107364654541,-0.1946360468864441,0.08757448196411133,0.0,0.0,0.0,0.0,0.0,0.0,0.0,0.0,0.0,0.0,0.0,0.0,0.0,0.0,0.0,0.0,0.0,0.0,0.0,0.0,0.0,0.0,0.0,0.0,0.0,0.0,0.0,0.0,0.0,0.0,0.0,0.0,0.0,0.0,0.0,0.0,0.0,0.0,0.0,0.0,0.0,0.0
0.0,0.0,-0.07423990964889526,-0.100555419921875,-0.18154489994049072,-0.12505972385406494,-0.2744068503379822,-0.10105007886886597,-0.34054791927337646,-0.09003126621246338,-0.21029382944107056,-0.1518716812133789,-0.33960390090942383,-0.17237186431884766,-0.4113190770149231,-0.18476271629333496,-0.46615171432495117,-0.19445770978927612,-0.20237845182418823,-0.0583953857421875,-0.3418391942977905,-0.00916832685470581,-0.41828596591949463,0.016674280166625977,-0.47441989183425903,0.03661543130874634,-0.18992209434509277,0.032802700996398926,-0.29228198528289795,0.05392861366271973,-0.25970572233200073,0.03665894269943237,-0.22200822830200195,0.02930516004562378,-0.17366313934326172,0.11235916614532471,-0.26093125343322754,0.1068120002746582,-0.2318236231803894,0.09420627355575562,-0.1977527141571045,0.08939635753631592,0.0,0.0,0.0,0.0,0.0,0.0,0.0,0.0,0.0,0.0,0.0,0.0,0.0,0.0,0.0,0.0,0.0,0.0,0.0,0.0,0.0,0.0,0.0,0.0,0.0,0.0,0.0,0.0,0.0,0.0,0.0,0.0,0.0,0.0,0.0,0.0,0.0,0.0,0.0,0.0,0.0,0.0
0.0,0.0,-0.07404202222824097,-0.10355937480926514,-0.18039768934249878,-0.12998980283737183,-0.27523308992385864,-0.11165499687194824,-0.3370853662490845,-0.0978270173072815,-0.2080909013748169,-0.15575486421585083,-0.33773869276046753,-0.17289668321609497,-0.40959632396698,-0.18417879939079285,-0.46289682388305664,-0.1938115954399109,-0.20086807012557983,-0.06136620044708252,-0.3430917263031006,-0.008417367935180664,-0.4192063808441162,0.017914533615112305,-0.47373706102371216,0.0379374623298645,-0.18856894969940186,0.031042098999023438,-0.2895418405532837,0.055740535259246826,-0.2585523724555969,0.03914070129394531,-0.22175854444503784,0.03288203477859497,-0.17172670364379883,0.11135846376419067,-0.2580389380455017,0.10968399047851562,-0.2297036051750183,0.09703022241592407,-0.19571620225906372,0.09289807081222534,0.0,0.0,0.0,0.0,0.0,0.0,0.0,0.0,0.0,0.0,0.0,0.0,0.0,0.0,0.0,0.0,0.0,0.0,0.0,0.0,0.0,0.0,0.0,0.0,0.0,0.0,0.0,0.0,0.0,0.0,0.0,0.0,0.0,0.0,0.0,0.0,0.0,0.0,0.0,0.0,0.0,0.0
0.0,0.0,-0.0743018388748169,-0.10176718235015869,-0.1800890564918518,-0.12957480549812317,-0.27401596307754517,-0.11041411757469177,-0.33730900287628174,-0.0972108244895935,-0.2101573944091797,-0.1525503396987915,-0.33818382024765015,-0.17334049940109253,-0.410317063331604,-0.18353232741355896,-0.4641265869140625,-0.19154244661331177,-0.2014433741569519,-0.05939596891403198,-0.3416086435317993,-0.006837368011474609,-0.41707658767700195,0.01942145824432373,-0.4714328646659851,0.039820194244384766,-0.1886601448059082,0.03137236833572388,-0.28994321823120117,0.053768813610076904,-0.2594621181488037,0.035974085330963135,-0.22314214706420898,0.02937757968902588,-0.17190736532211304,0.11021435260772705,-0.2597009539604187,0.1061633825302124,-0.23186081647872925,0.09363025426864624,-0.19811797142028809,0.0895799994468689,0.0,0.0,0.0,0.0,0.0,0.0,0.0,0.0,0.0,0.0,0.0,0.0,0.0,0.0,0.0,0.0,0.0,0.0,0.0,0.0,0.0,0.0,0.0,0.0,0.0,0.0,0.0,0.0,0.0,0.0,0.0,0.0,0.0,0.0,0.0,0.0,0.0,0.0,0.0,0.0,0.0,0.0
0.0,0.0,-0.07508409023284912,-0.10044646263122559,-0.17913812398910522,-0.1277090609073639,-0.27213895320892334,-0.10937708616256714,-0.3351116180419922,-0.09693539142608643,-0.20855915546417236,-0.14875346422195435,-0.334863543510437,-0.16999608278274536,-0.4065636992454529,-0.18004560470581055,-0.4595349431037903,-0.18792039155960083,-0.20060795545578003,-0.05733168125152588,-0.33723217248916626,-0.00608670711517334,-0.41107290983200073,0.020486414432525635,-0.46387559175491333,0.04125410318374634,-0.18799954652786255,0.031749188899993896,-0.28497833013534546,0.05750519037246704,-0.2550087571144104,0.04116910696029663,-0.21906280517578125,0.034553468227386475,-0.17014539241790771,0.1094902753829956,-0.2540789842605591,0.1106002926826477,-0.2260831594467163,0.09894782304763794,-0.19184666872024536,0.09427416324615479,0.0,0.0,0.0,0.0,0.0,0.0,0.0,0.0,0.0,0.0,0.0,0.0,0.0,0.0,0.0,0.0,0.0,0.0,0.0,0.0,0.0,0.0,0.0,0.0,0.0,0.0,0.0,0.0,0.0,0.0,0.0,0.0,0.0,0.0,0.0,0.0,0.0,0.0,0.0,0.0,0.0,0.0
0.0,0.0,-0.07352399826049805,-0.09891551733016968,-0.1775161623954773,-0.12653949856758118,-0.2704249620437622,-0.10771328210830688,-0.33186519145965576,-0.09550154209136963,-0.2077236771583557,-0.14731070399284363,-0.33495038747787476,-0.16632312536239624,-0.4062767028808594,-0.1778581738471985,-0.45900601148605347,-0.18799644708633423,-0.2002183198928833,-0.056201934814453125,-0.3396984934806824,-0.005555272102355957,-0.41484278440475464,0.017655789852142334,-0.4687410593032837,0.034848809242248535,-0.18812865018844604,0.03223162889480591,-0.2860698103904724,0.05647146701812744,-0.25638747215270996,0.0399894118309021,-0.2209857702255249,0.033551156520843506,-0.17055875062942505,0.10907953977584839,-0.254910945892334,0.10910946130752563,-0.22724682092666626,0.09744393825531006,-0.19328534603118896,0.09290510416030884,0.0,0.0,0.0,0.0,0.0,0.0,0.0,0.0,0.0,0.0,0.0,0.0,0.0,0.0,0.0,0.0,0.0,0.0,0.0,0.0,0.0,0.0,0.0,0.0,0.0,0.0,0.0,0.0,0.0,0.0,0.0,0.0,0.0,0.0,0.0,0.0,0.0,0.0,0.0,0.0,0.0,0.0
0.0,0.0,-0.07350409030914307,-0.09805989265441895,-0.1769433617591858,-0.12539902329444885,-0.2699442505836487,-0.10580295324325562,-0.3316724896430969,-0.09458374977111816,-0.20651715993881226,-0.14652878046035767,-0.33318501710891724,-0.16605854034423828,-0.4043341875076294,-0.17811688780784607,-0.45671576261520386,-0.18879914283752441,-0.1988844871520996,-0.05572420358657837,-0.33709460496902466,-0.00496751070022583,-0.41200798749923706,0.018593192100524902,-0.4657846689224243,0.03609287738800049,-0.18688511848449707,0.0322721004486084,-0.28366827964782715,0.05689680576324463,-0.2540833353996277,0.04054749011993408,-0.2188253402709961,0.03402823209762573,-0.16986441612243652,0.10890430212020874,-0.25277113914489746,0.10898667573928833,-0.22500813007354736,0.09721803665161133,-0.19149720668792725,0.09284758567810059,0.0,0.0,0.0,0.0,0.0,0.0,0.0,0.0,0.0,0.0,0.0,0.0,0.0,0.0,0.0,0.0,0.0,0.0,0.0,0.0,0.0,0.0,0.0,0.0,0.0,0.0,0.0,0.0,0.0,0.0,0.0,0.0,0.0,0.0,0.0,0.0,0.0,0.0,0.0,0.0,0.0,0.0
0.0,0.0,-0.07359188795089722,-0.09803777933120728,-0.1771456003189087,-0.12531596422195435,-0.26843708753585815,-0.10583198070526123,-0.32912003993988037,-0.09295517206192017,-0.20577365159988403,-0.14686959981918335,-0.33180755376815796,-0.16557267308235168,-0.40239691734313965,-0.17761129140853882,-0.45468735694885254,-0.18863898515701294,-0.19763082265853882,-0.05560070276260376,-0.3353123068809509,-0.004531741142272949,-0.40988755226135254,0.019094645977020264,-0.46367883682250977,0.036811769008636475,-0.18527734279632568,0.03219020366668701,-0.2827911376953125,0.055810391902923584,-0.25302571058273315,0.038633108139038086,-0.21775174140930176,0.031886935234069824,-0.16835546493530273,0.108001708984375,-0.2520882487297058,0.107124924659729,-0.2247580885887146,0.09453094005584717,-0.19136488437652588,0.08969485759735107,0.0,0.0,0.0,0.0,0.0,0.0,0.0,0.0,0.0,0.0,0.0,0.0,0.0,0.0,0.0,0.0,0.0,0.0,0.0,0.0,0.0,0.0,0.0,0.0,0.0,0.0,0.0,0.0,0.0,0.0,0.0,0.0,0.0,0.0,0.0,0.0,0.0,0.0,0.0,0.0,0.0,0.0
0.0,0.0,-0.07296550273895264,-0.09678232669830322,-0.17659008502960205,-0.12341800332069397,-0.2678229808807373,-0.10451287031173706,-0.3283505439758301,-0.09215325117111206,-0.20410478115081787,-0.14545804262161255,-0.330471932888031,-0.16444677114486694,-0.40118229389190674,-0.1762465536594391,-0.45361757278442383,-0.18658292293548584,-0.19607090950012207,-0.05472254753112793,-0.3334544897079468,-0.005047738552093506,-0.40825599431991577,0.018882155418395996,-0.4621915817260742,0.03720277547836304,-0.18380963802337646,0.032993197441101074,-0.2807121276855469,0.05682891607284546,-0.2509526014328003,0.03998720645904541,-0.2158447504043579,0.0332334041595459,-0.16702711582183838,0.10923027992248535,-0.25021833181381226,0.10835105180740356,-0.22280383110046387,0.09592223167419434,-0.1896800994873047,0.09131187200546265,0.0,0.0,0.0,0.0,0.0,0.0,0.0,0.0,0.0,0.0,0.0,0.0,0.0,0.0,0.0,0.0,0.0,0.0,0.0,0.0,0.0,0.0,0.0,0.0,0.0,0.0,0.0,0.0,0.0,0.0,0.0,0.0,0.0,0.0,0.0,0.0,0.0,0.0,0.0,0.0,0.0,0.0
0.0,0.0,-0.07194358110427856,-0.09653347730636597,-0.17589831352233887,-0.12276509404182434,-0.26717984676361084,-0.10445407032966614,-0.32820987701416016,-0.09349030256271362,-0.20406818389892578,-0.14587309956550598,-0.3298075199127197,-0.1652299165725708,-0.39997100830078125,-0.1778610348701477,-0.452251672744751,-0.18873149156570435,-0.19626516103744507,-0.0555381178855896,-0.3334816098213196,-0.006329715251922607,-0.4079524278640747,0.017388761043548584,-0.4620237350463867,0.03550988435745239,-0.1840992569923401,0.03174614906311035,-0.28053009510040283,0.05520862340927124,-0.24951422214508057,0.038789212703704834,-0.2141197919845581,0.0322834849357605,-0.167610764503479,0.10754203796386719,-0.2500211000442505,0.10620176792144775,-0.22186952829360962,0.0939604640007019,-0.18880218267440796,0.08964818716049194,0.0,0.0,0.0,0.0,0.0,0.0,0.0,0.0,0.0,0.0,0.0,0.0,0.0,0.0,0.0,0.0,0.0,0.0,0.0,0.0,0.0,0.0,0.0,0.0,0.0,0.0,0.0,0.0,0.0,0.0,0.0,0.0,0.0,0.0,0.0,0.0,0.0,0.0,0.0,0.0,0.0,0.0
0.0,0.0,-0.07274627685546875,-0.09536093473434448,-0.1757739782333374,-0.12123668193817139,-0.2664604187011719,-0.10326731204986572,-0.3273535966873169,-0.09293252229690552,-0.204997718334198,-0.14592164754867554,-0.3303631544113159,-0.16362732648849487,-0.40072041749954224,-0.17639124393463135,-0.45323503017425537,-0.18764781951904297,-0.19691431522369385,-0.056444764137268066,-0.3339904546737671,-0.006392419338226318,-0.4087221026420593,0.01753920316696167,-0.4629341959953308,0.03559201955795288,-0.18444371223449707,0.031021416187286377,-0.2801530361175537,0.05576145648956299,-0.24984592199325562,0.039916813373565674,-0.21490246057510376,0.033229827880859375,-0.16739392280578613,0.10794484615325928,-0.2496204972267151,0.10825985670089722,-0.22190123796463013,0.09648072719573975,-0.18898802995681763,0.09173476696014404,0.0,0.0,0.0,0.0,0.0,0.0,0.0,0.0,0.0,0.0,0.0,0.0,0.0,0.0,0.0,0.0,0.0,0.0,0.0,0.0,0.0,0.0,0.0,0.0,0.0,0.0,0.0,0.0,0.0,0.0,0.0,0.0,0.0,0.0,0.0,0.0,0.0,0.0,0.0,0.0,0.0,0.0
0.0,0.0,-0.07226455211639404,-0.0954899787902832,-0.17565834522247314,-0.1209835410118103,-0.26614636182785034,-0.10171306133270264,-0.32737696170806885,-0.09031093120574951,-0.2047649621963501,-0.14584869146347046,-0.33018767833709717,-0.16390559077262878,-0.4003443717956543,-0.17563262581825256,-0.45277196168899536,-0.18547332286834717,-0.19694572687149048,-0.05635040998458862,-0.3343285918235779,-0.006945013999938965,-0.40778982639312744,0.017353951930999756,-0.4610534906387329,0.03571969270706177,-0.18403267860412598,0.031071603298187256,-0.2799696922302246,0.05557358264923096,-0.24787837266921997,0.04041653871536255,-0.2121809720993042,0.033867061138153076,-0.1667993664741516,0.10807991027832031,-0.24888229370117188,0.10923534631729126,-0.22067606449127197,0.09764701128005981,-0.18765878677368164,0.09266632795333862,0.0,0.0,0.0,0.0,0.0,0.0,0.0,0.0,0.0,0.0,0.0,0.0,0.0,0.0,0.0,0.0,0.0,0.0,0.0,0.0,0.0,0.0,0.0,0.0,0.0,0.0,0.0,0.0,0.0,0.0,0.0,0.0,0.0,0.0,0.0,0.0,0.0,0.0,0.0,0.0,0.0,0.0
0.0,0.0,-0.07045936584472656,-0.09202992916107178,-0.1746457815170288,-0.11714321374893188,-0.2651546001434326,-0.09492576122283936,-0.3269062638282776,-0.08635032176971436,-0.20697462558746338,-0.14582163095474243,-0.3322533369064331,-0.16301533579826355,-0.4014476537704468,-0.17618292570114136,-0.4544872045516968,-0.18798482418060303,-0.19837158918380737,-0.05847567319869995,-0.3391508460044861,-0.0075904130935668945,-0.41344571113586426,0.016001462936401367,-0.46890270709991455,0.03409689664840698,-0.18470662832260132,0.02964574098587036,-0.28389114141464233,0.0560571551322937,-0.2504086494445801,0.04136723279953003,-0.2138410210609436,0.03505265712738037,-0.16815775632858276,0.1096239686012268,-0.2524288296699524,0.11206507682800293,-0.224001944065094,0.10016310214996338,-0.1911221742630005,0.09546959400177002,0.0,0.0,0.0,0.0,0.0,0.0,0.0,0.0,0.0,0.0,0.0,0.0,0.0,0.0,0.0,0.0,0.0,0.0,0.0,0.0,0.0,0.0,0.0,0.0,0.0,0.0,0.0,0.0,0.0,0.0,0.0,0.0,0.0,0.0,0.0,0.0,0.0,0.0,0.0,0.0,0.0,0.0
0.0,0.0,-0.07182174921035767,-0.09665912389755249,-0.17517566680908203,-0.12260636687278748,-0.2661364674568176,-0.10330614447593689,-0.3263765573501587,-0.09176623821258545,-0.20250701904296875,-0.1486574113368988,-0.32746458053588867,-0.16817647218704224,-0.39679908752441406,-0.1808294653892517,-0.4485602378845215,-0.19097906351089478,-0.19478893280029297,-0.05870020389556885,-0.33441126346588135,-0.010237932205200195,-0.40909862518310547,0.013794183731079102,-0.462948203086853,0.03322821855545044,-0.1817786693572998,0.029022216796875,-0.27944380044937134,0.052216529846191406,-0.24837028980255127,0.036796391010284424,-0.2128657102584839,0.030793428421020508,-0.16441917419433594,0.10637819766998291,-0.24807220697402954,0.10627758502960205,-0.2202109694480896,0.0941702127456665,-0.18749654293060303,0.08969277143478394,0.0,0.0,0.0,0.0,0.0,0.0,0.0,0.0,0.0,0.0,0.0,0.0,0.0,0.0,0.0,0.0,0.0,0.0,0.0,0.0,0.0,0.0,0.0,0.0,0.0,0.0,0.0,0.0,0.0,0.0,0.0,0.0,0.0,0.0,0.0,0.0,0.0,0.0,0.0,0.0,0.0,0.0
0.0,0.0,-0.07233142852783203,-0.09409868717193604,-0.1757093071937561,-0.11877471208572388,-0.2662453055381775,-0.09921485185623169,-0.3262048363685608,-0.08456021547317505,-0.20303666591644287,-0.1463666558265686,-0.3289027810096741,-0.16394108533859253,-0.3982875943183899,-0.17624932527542114,-0.4504980444908142,-0.18639567494392395,-0.19409406185150146,-0.057530879974365234,-0.3348647356033325,-0.008165061473846436,-0.40903306007385254,0.01657313108444214,-0.4630472660064697,0.03624260425567627,-0.18054497241973877,0.030983924865722656,-0.27912622690200806,0.05686533451080322,-0.24685025215148926,0.04096108675003052,-0.21138697862625122,0.03375709056854248,-0.16225296258926392,0.11034339666366577,-0.24762171506881714,0.11162799596786499,-0.21818554401397705,0.10009825229644775,-0.18489378690719604,0.09525668621063232,0.0,0.0,0.0,0.0,0.0,0.0,0.0,0.0,0.0,0.0,0.0,0.0,0.0,0.0,0.0,0.0,0.0,0.0,0.0,0.0,0.0,0.0,0.0,0.0,0.0,0.0,0.0,0.0,0.0,0.0,0.0,0.0,0.0,0.0,0.0,0.0,0.0,0.0,0.0,0.0,0.0,0.0
0.0,0.0,-0.07188379764556885,-0.0938485860824585,-0.17551136016845703,-0.1196838915348053,-0.26662224531173706,-0.10177695751190186,-0.32788872718811035,-0.09009373188018799,-0.2026011347770691,-0.14641320705413818,-0.3283621072769165,-0.16450661420822144,-0.3974214792251587,-0.17797547578811646,-0.44949430227279663,-0.18904584646224976,-0.19353383779525757,-0.05874216556549072,-0.33395034074783325,-0.00914543867111206,-0.4082024097442627,0.015620410442352295,-0.4624830484390259,0.03530329465866089,-0.18003761768341064,0.029220879077911377,-0.2794831395149231,0.05565536022186279,-0.24749505519866943,0.04058283567428589,-0.21176880598068237,0.03368973731994629,-0.16198605298995972,0.10862821340560913,-0.2475683093070984,0.1104118824005127,-0.2182854413986206,0.09907370805740356,-0.1849563717842102,0.09462976455688477,0.0,0.0,0.0,0.0,0.0,0.0,0.0,0.0,0.0,0.0,0.0,0.0,0.0,0.0,0.0,0.0,0.0,0.0,0.0,0.0,0.0,0.0,0.0,0.0,0.0,0.0,0.0,0.0,0.0,0.0,0.0,0.0,0.0,0.0,0.0,0.0,0.0,0.0,0.0,0.0,0.0,0.0
0.0,0.0,-0.07371640205383301,-0.09260481595993042,-0.17759400606155396,-0.11723440885543823,-0.2687321901321411,-0.09812235832214355,-0.33005571365356445,-0.08567625284194946,-0.20469266176223755,-0.14465981721878052,-0.32999342679977417,-0.1608913242816925,-0.4000329375267029,-0.17216235399246216,-0.4527862071990967,-0.18162083625793457,-0.19380348920822144,-0.05702704191207886,-0.333443284034729,-0.0048539042472839355,-0.40816831588745117,0.020863831043243408,-0.46280884742736816,0.04056668281555176,-0.1793798804283142,0.03134799003601074,-0.28060483932495117,0.05963176488876343,-0.24863529205322266,0.04439514875411987,-0.2125900387763977,0.03671681880950928,-0.16105353832244873,0.1108313798904419,-0.2480061650276184,0.11458301544189453,-0.21925336122512817,0.10290366411209106,-0.18606042861938477,0.0975763201713562,0.0,0.0,0.0,0.0,0.0,0.0,0.0,0.0,0.0,0.0,0.0,0.0,0.0,0.0,0.0,0.0,0.0,0.0,0.0,0.0,0.0,0.0,0.0,0.0,0.0,0.0,0.0,0.0,0.0,0.0,0.0,0.0,0.0,0.0,0.0,0.0,0.0,0.0,0.0,0.0,0.0,0.0
0.0,0.0,-0.07147347927093506,-0.09530860185623169,-0.1755591630935669,-0.12105035781860352,-0.2660759687423706,-0.10051953792572021,-0.3267083764076233,-0.0883520245552063,-0.20096272230148315,-0.14497756958007812,-0.32709789276123047,-0.160841166973114,-0.39592862129211426,-0.17360129952430725,-0.4481887221336365,-0.1845894157886505,-0.19220048189163208,-0.05558115243911743,-0.33407360315322876,-0.00462651252746582,-0.408066987991333,0.01908212900161743,-0.4622209072113037,0.03744274377822876,-0.17900925874710083,0.03247082233428955,-0.2806955575942993,0.05694180727005005,-0.2478405237197876,0.04052841663360596,-0.2112208604812622,0.03378671407699585,-0.16213345527648926,0.11048561334609985,-0.24821710586547852,0.11134666204452515,-0.21897923946380615,0.09863913059234619,-0.18538439273834229,0.0943979024887085,0.0,0.0,0.0,0.0,0.0,0.0,0.0,0.0,0.0,0.0,0.0,0.0,0.0,0.0,0.0,0.0,0.0,0.0,0.0,0.0,0.0,0.0,0.0,0.0,0.0,0.0,0.0,0.0,0.0,0.0,0.0,0.0,0.0,0.0,0.0,0.0,0.0,0.0,0.0,0.0,0.0,0.0
0.0,0.0,-0.06926155090332031,-0.09623748064041138,-0.17156261205673218,-0.12254530191421509,-0.26144081354141235,-0.10497206449508667,-0.32196998596191406,-0.09293627738952637,-0.1970829963684082,-0.1472640037536621,-0.3236542344093323,-0.16402289271354675,-0.39263296127319336,-0.17633414268493652,-0.4442136287689209,-0.18675488233566284,-0.18871831893920898,-0.0571366548538208,-0.3297880291938782,-0.006770074367523193,-0.40355056524276733,0.016518473625183105,-0.4564908742904663,0.03453540802001953,-0.1757870316505432,0.030233442783355713,-0.27513372898101807,0.054906606674194336,-0.24373579025268555,0.03809565305709839,-0.2077464461326599,0.031163334846496582,-0.15906590223312378,0.10733592510223389,-0.24337422847747803,0.10777270793914795,-0.21523529291152954,0.09469515085220337,-0.18205004930496216,0.08983540534973145,0.0,0.0,0.0,0.0,0.0,0.0,0.0,0.0,0.0,0.0,0.0,0.0,0.0,0.0,0.0,0.0,0.0,0.0,0.0,0.0,0.0,0.0,0.0,0.0,0.0,0.0,0.0,0.0,0.0,0.0,0.0,0.0,0.0,0.0,0.0,0.0,0.0,0.0,0.0,0.0,0.0,0.0
0.0,0.0,-0.07022559642791748,-0.0965009331703186,-0.1755053997039795,-0.12175220251083374,-0.2660198211669922,-0.10271233320236206,-0.32540667057037354,-0.08677887916564941,-0.19834518432617188,-0.14746874570846558,-0.32398873567581177,-0.16350674629211426,-0.39283323287963867,-0.17462992668151855,-0.4451674222946167,-0.1836024522781372,-0.18805760145187378,-0.0576663613319397,-0.32817554473876953,-0.006674468517303467,-0.40250396728515625,0.018283307552337646,-0.45673322677612305,0.037399470806121826,-0.17404639720916748,0.030990779399871826,-0.27611368894577026,0.05462914705276489,-0.24400949478149414,0.03736567497253418,-0.20787549018859863,0.0299798846244812,-0.15682584047317505,0.10887742042541504,-0.24323642253875732,0.10873138904571533,-0.21435856819152832,0.09531742334365845,-0.18150591850280762,0.09069854021072388,0.0,0.0,0.0,0.0,0.0,0.0,0.0,0.0,0.0,0.0,0.0,0.0,0.0,0.0,0.0,0.0,0.0,0.0,0.0,0.0,0.0,0.0,0.0,0.0,0.0,0.0,0.0,0.0,0.0,0.0,0.0,0.0,0.0,0.0,0.0,0.0,0.0,0.0,0.0,0.0,0.0,0.0
0.0,0.0,-0.0699838399887085,-0.09478002786636353,-0.17455685138702393,-0.11961674690246582,-0.2650042772293091,-0.1002504825592041,-0.325842022895813,-0.08501565456390381,-0.19746744632720947,-0.14731699228286743,-0.32299625873565674,-0.16350412368774414,-0.391970157623291,-0.17462950944900513,-0.44443750381469727,-0.18327316641807556,-0.1879013180732727,-0.057927072048187256,-0.3286340832710266,-0.00672459602355957,-0.40252751111984253,0.01846170425415039,-0.4566778540611267,0.03757995367050171,-0.17439532279968262,0.030581533908843994,-0.27677226066589355,0.05422961711883545,-0.24362999200820923,0.038390398025512695,-0.20719653367996216,0.031669020652770996,-0.15769046545028687,0.10869497060775757,-0.24349462985992432,0.1079590916633606,-0.21367859840393066,0.09571683406829834,-0.18059998750686646,0.09161210060119629,0.0,0.0,0.0,0.0,0.0,0.0,0.0,0.0,0.0,0.0,0.0,0.0,0.0,0.0,0.0,0.0,0.0,0.0,0.0,0.0,0.0,0.0,0.0,0.0,0.0,0.0,0.0,0.0,0.0,0.0,0.0,0.0,0.0,0.0,0.0,0.0,0.0,0.0,0.0,0.0,0.0,0.0
0.0,0.0,-0.06942105293273926,-0.09474062919616699,-0.17452716827392578,-0.12020555138587952,-0.26519346237182617,-0.09995308518409729,-0.3260611295700073,-0.08427959680557251,-0.19743722677230835,-0.1471341848373413,-0.32326292991638184,-0.16342467069625854,-0.3924430012702942,-0.1748010814189911,-0.4451361298561096,-0.18354201316833496,-0.1881771683692932,-0.05805039405822754,-0.32912588119506836,-0.00766366720199585,-0.4034280776977539,0.017144501209259033,-0.4582551121711731,0.0360569953918457,-0.1748327612876892,0.030498623847961426,-0.2771942615509033,0.05416220426559448,-0.24416154623031616,0.038253843784332275,-0.20787298679351807,0.03126925230026245,-0.15844547748565674,0.1089211106300354,-0.2444278597831726,0.1079404354095459,-0.2145358920097351,0.09519654512405396,-0.18149882555007935,0.09092962741851807,0.0,0.0,0.0,0.0,0.0,0.0,0.0,0.0,0.0,0.0,0.0,0.0,0.0,0.0,0.0,0.0,0.0,0.0,0.0,0.0,0.0,0.0,0.0,0.0,0.0,0.0,0.0,0.0,0.0,0.0,0.0,0.0,0.0,0.0,0.0,0.0,0.0,0.0,0.0,0.0,0.0,0.0
0.0,0.0,-0.06906425952911377,-0.09719979763031006,-0.17431271076202393,-0.12337839603424072,-0.26469671726226807,-0.10366314649581909,-0.3257291316986084,-0.08779877424240112,-0.19627904891967773,-0.147963285446167,-0.32202452421188354,-0.16494780778884888,-0.39108943939208984,-0.17511838674545288,-0.4436444044113159,-0.18296384811401367,-0.18720752000808716,-0.058155059814453125,-0.32698196172714233,-0.008765101432800293,-0.40070414543151855,0.016589045524597168,-0.4549573063850403,0.03564321994781494,-0.17378413677215576,0.029834449291229248,-0.27605026960372925,0.05275827646255493,-0.24169862270355225,0.03691983222961426,-0.20447063446044922,0.029511570930480957,-0.15730971097946167,0.10655254125595093,-0.24257570505142212,0.10615581274032593,-0.21228843927383423,0.09340745210647583,-0.17898976802825928,0.08843725919723511,0.0,0.0,0.0,0.0,0.0,0.0,0.0,0.0,0.0,0.0,0.0,0.0,0.0,0.0,0.0,0.0,0.0,0.0,0.0,0.0,0.0,0.0,0.0,0.0,0.0,0.0,0.0,0.0,0.0,0.0,0.0,0.0,0.0,0.0,0.0,0.0,0.0,0.0,0.0,0.0,0.0,0.0
0.0,0.0,-0.06867772340774536,-0.09578150510787964,-0.17473220825195312,-0.12016463279724121,-0.26456886529922485,-0.09887456893920898,-0.32495349645614624,-0.08118760585784912,-0.1960989236831665,-0.14527684450149536,-0.32219111919403076,-0.16156822443008423,-0.39058399200439453,-0.1722870171070099,-0.443317174911499,-0.18005040287971497,-0.18625736236572266,-0.05455726385116577,-0.3271518349647522,-0.00323408842086792,-0.4007803201675415,0.022317886352539062,-0.4552897810935974,0.041546523571014404,-0.17215538024902344,0.034321129322052,-0.2754337191581726,0.05495721101760864,-0.24227160215377808,0.03689086437225342,-0.2057499885559082,0.029079973697662354,-0.15568506717681885,0.11179482936859131,-0.24233412742614746,0.10859054327011108,-0.21302837133407593,0.0938183069229126,-0.1804589033126831,0.08898550271987915,0.0,0.0,0.0,0.0,0.0,0.0,0.0,0.0,0.0,0.0,0.0,0.0,0.0,0.0,0.0,0.0,0.0,0.0,0.0,0.0,0.0,0.0,0.0,0.0,0.0,0.0,0.0,0.0,0.0,0.0,0.0,0.0,0.0,0.0,0.0,0.0,0.0,0.0,0.0,0.0,0.0,0.0
0.0,0.0,-0.0686110258102417,-0.09516483545303345,-0.17319291830062866,-0.121328204870224,-0.26360517740249634,-0.10275870561599731,-0.3233832120895386,-0.0855972170829773,-0.19557762145996094,-0.146378755569458,-0.32209503650665283,-0.1607685089111328,-0.3905448317527771,-0.17109602689743042,-0.4427935481071472,-0.17902642488479614,-0.18619197607040405,-0.056764841079711914,-0.3262838125228882,-0.006354391574859619,-0.40001434087753296,0.019411921501159668,-0.45419037342071533,0.039050519466400146,-0.17260324954986572,0.031584858894348145,-0.27426421642303467,0.055560529232025146,-0.24135029315948486,0.03933006525039673,-0.2046988606452942,0.031646132469177246,-0.15612423419952393,0.10963177680969238,-0.24114155769348145,0.1088944673538208,-0.21168285608291626,0.0956164002418518,-0.17882996797561646,0.09062933921813965,0.0,0.0,0.0,0.0,0.0,0.0,0.0,0.0,0.0,0.0,0.0,0.0,0.0,0.0,0.0,0.0,0.0,0.0,0.0,0.0,0.0,0.0,0.0,0.0,0.0,0.0,0.0,0.0,0.0,0.0,0.0,0.0,0.0,0.0,0.0,0.0,0.0,0.0,0.0,0.0,0.0,0.0
0.0,0.0,-0.06918603181838989,-0.09547203779220581,-0.17345499992370605,-0.11981201171875,-0.2627437114715576,-0.09908410906791687,-0.3238621950149536,-0.08547419309616089,-0.19746720790863037,-0.1471344232559204,-0.32323628664016724,-0.16230779886245728,-0.3921896815299988,-0.17261657118797302,-0.44464951753616333,-0.18060904741287231,-0.18779033422470093,-0.05733078718185425,-0.32830876111984253,-0.005794048309326172,-0.4022734761238098,0.019503891468048096,-0.45666301250457764,0.03844505548477173,-0.17377054691314697,0.031125128269195557,-0.27498841285705566,0.054641664028167725,-0.2426115870475769,0.03803229331970215,-0.20649176836013794,0.030290961265563965,-0.15661948919296265,0.10983055830001831,-0.24190634489059448,0.10848873853683472,-0.21267974376678467,0.09521514177322388,-0.18000459671020508,0.09030139446258545,0.0,0.0,0.0,0.0,0.0,0.0,0.0,0.0,0.0,0.0,0.0,0.0,0.0,0.0,0.0,0.0,0.0,0.0,0.0,0.0,0.0,0.0,0.0,0.0,0.0,0.0,0.0,0.0,0.0,0.0,0.0,0.0,0.0,0.0,0.0,0.0,0.0,0.0,0.0,0.0,0.0,0.0
