0.0,0.0,-0.10298693180084229,0.09963144361972809,-0.1323103904724121,0.2753056287765503,-0.10288494825363159,0.4205574095249176,-0.06483215093612671,0.5236928164958954,-0.14830797910690308,0.2371748387813568,-0.18053853511810303,0.4574134647846222,-0.19565755128860474,0.5614864528179169,-0.20893257856369019,0.647968977689743,-0.06215465068817139,0.231438547372818,-0.048937320709228516,0.47947773337364197,-0.04480123519897461,0.609779566526413,-0.034967660903930664,0.7010838091373444,0.02037125825881958,0.23029127717018127,0.008137166500091553,0.46729639172554016,-0.02983081340789795,0.4340733289718628,-0.04181939363479614,0.36606574058532715,0.08664494752883911,0.23655842244625092,0.05728256702423096,0.4112621247768402,0.025570392608642578,0.38492611050605774,0.017243385314941406,0.3320602774620056,0.0,0.0,0.0,0.0,0.0,0.0,0.0,0.0,0.0,0.0,0.0,0.0,0.0,0.0,0.0,0.0,0.0,0.0,0.0,0.0,0.0,0.0,0.0,0.0,0.0,0.0,0.0,0.0,0.0,0.0,0.0,0.0,0.0,0.0,0.0,0.0,0.0,0.0,0.0,0.0,0.0,0.0
0.0,0.0,-0.10288017988204956,0.09787037968635559,-0.1317794919013977,0.27376988530158997,-0.10360252857208252,0.42080166935920715,-0.06817829608917236,0.525895744562149,-0.1493617296218872,0.23554182052612305,-0.18277156352996826,0.4573502838611603,-0.19862568378448486,0.5620404779911041,-0.21245437860488892,0.6491428911685944,-0.0635608434677124,0.23114654421806335,-0.051395952701568604,0.4804205000400543,-0.04697299003601074,0.6104321777820587,-0.03679478168487549,0.7011605799198151,0.019031941890716553,0.23076486587524414,0.0065315961837768555,0.46781113743782043,-0.03037959337234497,0.43312570452690125,-0.041447579860687256,0.36424630880355835,0.08501732349395752,0.23704786598682404,0.05630230903625488,0.4121166467666626,0.026351988315582275,0.38401690125465393,0.01973658800125122,0.32937705516815186,0.0,0.0,0.0,0.0,0.0,0.0,0.0,0.0,0.0,0.0,0.0,0.0,0.0,0.0,0.0,0.0,0.0,0.0,0.0,0.0,0.0,0.0,0.0,0.0,0.0,0.0,0.0,0.0,0.0,0.0,0.0,0.0,0.0,0.0,0.0,0.0,0.0,0.0,0.0,0.0,0.0,0.0
0.0,0.0,-0.10351324081420898,0.09848153591156006,-0.13417714834213257,0.2738249897956848,-0.10613805055618286,0.4194576144218445,-0.06879866123199463,0.5223794877529144,-0.14907008409500122,0.23518604040145874,-0.18105393648147583,0.4577591121196747,-0.19589227437973022,0.5615430772304535,-0.20894157886505127,0.6475915610790253,-0.06312686204910278,0.22954505681991577,-0.05073988437652588,0.47927379608154297,-0.04692518711090088,0.6086917817592621,-0.03727644681930542,0.6983923017978668,0.01945340633392334,0.22898632287979126,0.007269918918609619,0.4673539102077484,-0.02992427349090576,0.4335884153842926,-0.041623055934906006,0.3649158179759979,0.08602648973464966,0.23609395325183868,0.0574338436126709,0.4111722409725189,0.026757419109344482,0.38378265500068665,0.0192602276802063,0.32968464493751526,0.0,0.0,0.0,0.0,0.0,0.0,0.0,0.0,0.0,0.0,0.0,0.0,0.0,0.0,0.0,0.0,0.0,0.0,0.0,0.0,0.0,0.0,0.0,0.0,0.0,0.0,0.0,0.0,0.0,0.0,0.0,0.0,0.0,0.0,0.0,0.0,0.0,0.0,0.0,0.0,0.0,0.0
0.0,0.0,-0.10201126337051392,0.09770190715789795,-0.13046658039093018,0.27207909524440765,-0.09711092710494995,0.4176085293292999,-0.05564016103744507,0.5174727737903595,-0.15443789958953857,0.23850968480110168,-0.1843697428703308,0.4597991406917572,-0.19812226295471191,0.564673513174057,-0.21020501852035522,0.651311844587326,-0.06947165727615356,0.2318570911884308,-0.05572301149368286,0.4829898178577423,-0.049687087535858154,0.6133002936840057,-0.039404213428497314,0.7025331556797028,0.013325870037078857,0.2294628918170929,0.004241883754730225,0.46829262375831604,-0.029799282550811768,0.43686625361442566,-0.040637314319610596,0.3688310980796814,0.08141374588012695,0.2352752685546875,0.05682724714279175,0.4137454926967621,0.028663158416748047,0.38778531551361084,0.021566927433013916,0.3335336148738861,0.0,0.0,0.0,0.0,0.0,0.0,0.0,0.0,0.0,0.0,0.0,0.0,0.0,0.0,0.0,0.0,0.0,0.0,0.0,0.0,0.0,0.0,0.0,0.0,0.0,0.0,0.0,0.0,0.0,0.0,0.0,0.0,0.0,0.0,0.0,0.0,0.0,0.0,0.0,0.0,0.0,0.0
0.0,0.0,-0.10430550575256348,0.10323788225650787,-0.1314600706100464,0.28070029616355896,-0.09679478406906128,0.42735549807548523,-0.05557626485824585,0.5291208624839783,-0.1516246199607849,0.24051260948181152,-0.17892706394195557,0.464833527803421,-0.19048690795898438,0.5709259510040283,-0.20056289434432983,0.6585647463798523,-0.06517118215560913,0.23233336210250854,-0.051986634731292725,0.4833894968032837,-0.0475044846534729,0.6134651899337769,-0.037979841232299805,0.7024926543235779,0.017848849296569824,0.23127533495426178,0.006851613521575928,0.47323688864707947,-0.03122854232788086,0.44463324546813965,-0.04411059617996216,0.3780021667480469,0.08541357517242432,0.2390230894088745,0.059358954429626465,0.41903921961784363,0.026969492435455322,0.3947407603263855,0.016970038414001465,0.34163495898246765,0.0,0.0,0.0,0.0,0.0,0.0,0.0,0.0,0.0,0.0,0.0,0.0,0.0,0.0,0.0,0.0,0.0,0.0,0.0,0.0,0.0,0.0,0.0,0.0,0.0,0.0,0.0,0.0,0.0,0.0,0.0,0.0,0.0,0.0,0.0,0.0,0.0,0.0,0.0,0.0,0.0,0.0
0.0,0.0,-0.10455381870269775,0.09911780059337616,-0.1352142095565796,0.2774524986743927,-0.1065981388092041,0.42490658164024353,-0.06860005855560303,0.5279084742069244,-0.15488529205322266,0.23999840021133423,-0.1837800145149231,0.4642023742198944,-0.1973811388015747,0.568413645029068,-0.20896077156066895,0.655214935541153,-0.06811296939849854,0.2323777824640274,-0.054632604122161865,0.48498764634132385,-0.04971921443939209,0.6136352717876434,-0.03904545307159424,0.7011622488498688,0.015320837497711182,0.2310398519039154,0.005467534065246582,0.47249969840049744,-0.030953705310821533,0.43898919224739075,-0.0427936315536499,0.3697730004787445,0.08302843570709229,0.23837202787399292,0.05649244785308838,0.417103111743927,0.02592313289642334,0.3883873522281647,0.017345070838928223,0.332477867603302,0.0,0.0,0.0,0.0,0.0,0.0,0.0,0.0,0.0,0.0,0.0,0.0,0.0,0.0,0.0,0.0,0.0,0.0,0.0,0.0,0.0,0.0,0.0,0.0,0.0,0.0,0.0,0.0,0.0,0.0,0.0,0.0,0.0,0.0,0.0,0.0,0.0,0.0,0.0,0.0,0.0,0.0
0.0,0.0,-0.10421717166900635,0.10115514695644379,-0.12935996055603027,0.2795698642730713,-0.08841812610626221,0.42628392577171326,-0.039304256439208984,0.5214272439479828,-0.15493261814117432,0.24597537517547607,-0.18282651901245117,0.4710075855255127,-0.19572877883911133,0.5761939287185669,-0.20678728818893433,0.6637479662895203,-0.06862235069274902,0.238088920712471,-0.05577802658081055,0.48846161365509033,-0.050792574882507324,0.6173364520072937,-0.040719687938690186,0.7062994837760925,0.014903247356414795,0.23619943857192993,0.005163252353668213,0.47799152135849,-0.03226268291473389,0.4461216926574707,-0.04426538944244385,0.377670019865036,0.08303219079971313,0.24210193753242493,0.056567490100860596,0.42068734765052795,0.025108158588409424,0.392370343208313,0.016700804233551025,0.33608677983283997,0.0,0.0,0.0,0.0,0.0,0.0,0.0,0.0,0.0,0.0,0.0,0.0,0.0,0.0,0.0,0.0,0.0,0.0,0.0,0.0,0.0,0.0,0.0,0.0,0.0,0.0,0.0,0.0,0.0,0.0,0.0,0.0,0.0,0.0,0.0,0.0,0.0,0.0,0.0,0.0,0.0,0.0
0.0,0.0,-0.10428661108016968,0.10139276087284088,-0.13330572843551636,0.27780619263648987,-0.10174190998077393,0.4260033667087555,-0.06173187494277954,0.5283955335617065,-0.154363751411438,0.24468982219696045,-0.18394732475280762,0.4686421751976013,-0.1964815855026245,0.5747299194335938,-0.20706748962402344,0.6619958877563477,-0.06853550672531128,0.2370758354663849,-0.05559062957763672,0.4876888394355774,-0.05046093463897705,0.617273211479187,-0.040387630462646484,0.7051587700843811,0.014734387397766113,0.23522278666496277,0.00455021858215332,0.4774245023727417,-0.03229159116744995,0.4482036232948303,-0.04438894987106323,0.38043662905693054,0.08273708820343018,0.24112826585769653,0.056711435317993164,0.41994887590408325,0.02553999423980713,0.3929547071456909,0.016647696495056152,0.3368951380252838,0.0,0.0,0.0,0.0,0.0,0.0,0.0,0.0,0.0,0.0,0.0,0.0,0.0,0.0,0.0,0.0,0.0,0.0,0.0,0.0,0.0,0.0,0.0,0.0,0.0,0.0,0.0,0.0,0.0,0.0,0.0,0.0,0.0,0.0,0.0,0.0,0.0,0.0,0.0,0.0,0.0,0.0
0.0,0.0,-0.10438257455825806,0.1027517169713974,-0.13382220268249512,0.27856624126434326,-0.10370814800262451,0.4253654181957245,-0.06425440311431885,0.5287677049636841,-0.15322941541671753,0.24180719256401062,-0.1821994185447693,0.4654383659362793,-0.19470494985580444,0.5714433789253235,-0.20494240522384644,0.6587555408477783,-0.06634461879730225,0.23314374685287476,-0.052673161029815674,0.48468875885009766,-0.04901599884033203,0.6143873333930969,-0.039414942264556885,0.701546311378479,0.0173456072807312,0.23131930828094482,0.006686389446258545,0.4760185480117798,-0.03166466951370239,0.4472225308418274,-0.04428970813751221,0.3792162239551544,0.08535683155059814,0.2375222146511078,0.059974074363708496,0.4190841317176819,0.02704077959060669,0.39346006512641907,0.016966283321380615,0.3378666043281555,0.0,0.0,0.0,0.0,0.0,0.0,0.0,0.0,0.0,0.0,0.0,0.0,0.0,0.0,0.0,0.0,0.0,0.0,0.0,0.0,0.0,0.0,0.0,0.0,0.0,0.0,0.0,0.0,0.0,0.0,0.0,0.0,0.0,0.0,0.0,0.0,0.0,0.0,0.0,0.0,0.0,0.0
0.0,0.0,-0.10367673635482788,0.10045340657234192,-0.13352471590042114,0.2760235071182251,-0.10470253229141235,0.4228411316871643,-0.06610852479934692,0.5262987315654755,-0.15181297063827515,0.23821601271629333,-0.18046361207962036,0.461894690990448,-0.19317948818206787,0.5669728815555573,-0.2038249969482422,0.6537662446498871,-0.06548142433166504,0.22933660447597504,-0.0522150993347168,0.4802837669849396,-0.0470539927482605,0.6094912588596344,-0.03621453046798706,0.6970232427120209,0.01778048276901245,0.22795827686786652,0.006796538829803467,0.4707161486148834,-0.02962028980255127,0.43997281789779663,-0.04106420278549194,0.3717588484287262,0.08550935983657837,0.23499435186386108,0.05843466520309448,0.414778470993042,0.027017652988433838,0.38688740134239197,0.01858752965927124,0.3306654393672943,0.0,0.0,0.0,0.0,0.0,0.0,0.0,0.0,0.0,0.0,0.0,0.0,0.0,0.0,0.0,0.0,0.0,0.0,0.0,0.0,0.0,0.0,0.0,0.0,0.0,0.0,0.0,0.0,0.0,0.0,0.0,0.0,0.0,0.0,0.0,0.0,0.0,0.0,0.0,0.0,0.0,0.0
0.0,0.0,-0.10276621580123901,0.10148292779922485,-0.1252231001853943,0.2789345681667328,-0.08033096790313721,0.42237821221351624,-0.025091707706451416,0.5125409960746765,-0.14965695142745972,0.23783159255981445,-0.17733615636825562,0.46265462040901184,-0.18879836797714233,0.5681960880756378,-0.1985732913017273,0.6565203964710236,-0.06263631582260132,0.22969114780426025,-0.04900723695755005,0.4808451235294342,-0.04352909326553345,0.6107176840305328,-0.0324176549911499,0.6998606026172638,0.0211980938911438,0.22918173670768738,0.010913968086242676,0.4711749851703644,-0.02780628204345703,0.43665775656700134,-0.04018515348434448,0.36679160594940186,0.08949214220046997,0.23701709508895874,0.06194108724594116,0.41535893082618713,0.029170691967010498,0.38454470038414,0.020592689514160156,0.32727986574172974,0.0,0.0,0.0,0.0,0.0,0.0,0.0,0.0,0.0,0.0,0.0,0.0,0.0,0.0,0.0,0.0,0.0,0.0,0.0,0.0,0.0,0.0,0.0,0.0,0.0,0.0,0.0,0.0,0.0,0.0,0.0,0.0,0.0,0.0,0.0,0.0,0.0,0.0,0.0,0.0,0.0,0.0
0.0,0.0,-0.10284888744354248,0.10106506943702698,-0.12590652704238892,0.27719125151634216,-0.08442598581314087,0.420494019985199,-0.03177911043167114,0.5114055573940277,-0.14852756261825562,0.2399737685918808,-0.17844516038894653,0.4627232253551483,-0.1914135217666626,0.567509263753891,-0.20224440097808838,0.6550011336803436,-0.06222951412200928,0.2330452799797058,-0.0490872859954834,0.4834296405315399,-0.04488968849182129,0.6132584512233734,-0.03477078676223755,0.7023354470729828,0.020701169967651367,0.23197826743125916,0.010601937770843506,0.47100895643234253,-0.02885127067565918,0.4384338855743408,-0.041893959045410156,0.36962586641311646,0.08771175146102905,0.23831066489219666,0.06046581268310547,0.4148138761520386,0.028095483779907227,0.3860808312892914,0.019546031951904297,0.33009228110313416,0.0,0.0,0.0,0.0,0.0,0.0,0.0,0.0,0.0,0.0,0.0,0.0,0.0,0.0,0.0,0.0,0.0,0.0,0.0,0.0,0.0,0.0,0.0,0.0,0.0,0.0,0.0,0.0,0.0,0.0,0.0,0.0,0.0,0.0,0.0,0.0,0.0,0.0,0.0,0.0,0.0,0.0
0.0,0.0,-0.10244888067245483,0.09971047937870026,-0.1294238567352295,0.2752666771411896,-0.0928809642791748,0.4187486469745636,-0.044227004051208496,0.5126486122608185,-0.14702171087265015,0.23969796299934387,-0.17715245485305786,0.4616902768611908,-0.19172191619873047,0.5658601224422455,-0.20419389009475708,0.6522647440433502,-0.061157941818237305,0.23321741819381714,-0.047968268394470215,0.48201727867126465,-0.0432087779045105,0.6125750839710236,-0.03213775157928467,0.7033781707286835,0.021310806274414062,0.23162145912647247,0.01003199815750122,0.468095600605011,-0.027062058448791504,0.43331944942474365,-0.03797793388366699,0.36422646045684814,0.08805978298187256,0.23745287954807281,0.059652626514434814,0.41304436326026917,0.028367221355438232,0.38394588232040405,0.021420419216156006,0.3278498351573944,0.0,0.0,0.0,0.0,0.0,0.0,0.0,0.0,0.0,0.0,0.0,0.0,0.0,0.0,0.0,0.0,0.0,0.0,0.0,0.0,0.0,0.0,0.0,0.0,0.0,0.0,0.0,0.0,0.0,0.0,0.0,0.0,0.0,0.0,0.0,0.0,0.0,0.0,0.0,0.0,0.0,0.0
0.0,0.0,-0.10172116756439209,0.1002827137708664,-0.12733376026153564,0.2762402892112732,-0.08937835693359375,0.42046642303466797,-0.039807796478271484,0.5135831832885742,-0.14822959899902344,0.24042877554893494,-0.17827534675598145,0.4627877473831177,-0.19303226470947266,0.5668376684188843,-0.20597684383392334,0.6532387733459473,-0.0623246431350708,0.2331005036830902,-0.047290802001953125,0.48169761896133423,-0.04213529825210571,0.6125690937042236,-0.03167003393173218,0.7034944891929626,0.020739316940307617,0.23055848479270935,0.010959327220916748,0.4681561589241028,-0.02624589204788208,0.43609774112701416,-0.03792089223861694,0.3675253689289093,0.08837640285491943,0.2357521802186966,0.061359703540802,0.41248977184295654,0.030386030673980713,0.3846946954727173,0.02307027578353882,0.3288542926311493,0.0,0.0,0.0,0.0,0.0,0.0,0.0,0.0,0.0,0.0,0.0,0.0,0.0,0.0,0.0,0.0,0.0,0.0,0.0,0.0,0.0,0.0,0.0,0.0,0.0,0.0,0.0,0.0,0.0,0.0,0.0,0.0,0.0,0.0,0.0,0.0,0.0,0.0,0.0,0.0,0.0,0.0
0.0,0.0,-0.10140621662139893,0.10194000601768494,-0.12425017356872559,0.27874982357025146,-0.08213627338409424,0.42232561111450195,-0.02826017141342163,0.5109457075595856,-0.14530086517333984,0.2399439960718155,-0.1738566756248474,0.4645748436450958,-0.18671256303787231,0.5686711370944977,-0.19750481843948364,0.6553947031497955,-0.05910366773605347,0.23262137174606323,-0.04547983407974243,0.48322752118110657,-0.040135324001312256,0.6129951775074005,-0.028953135013580322,0.7028482258319855,0.02374851703643799,0.23113970458507538,0.014089524745941162,0.4691644310951233,-0.024251818656921387,0.436044842004776,-0.03663837909698486,0.36769863963127136,0.09078603982925415,0.2373940646648407,0.06418430805206299,0.41344067454338074,0.032666027545928955,0.3854635953903198,0.024777770042419434,0.33065852522850037,0.0,0.0,0.0,0.0,0.0,0.0,0.0,0.0,0.0,0.0,0.0,0.0,0.0,0.0,0.0,0.0,0.0,0.0,0.0,0.0,0.0,0.0,0.0,0.0,0.0,0.0,0.0,0.0,0.0,0.0,0.0,0.0,0.0,0.0,0.0,0.0,0.0,0.0,0.0,0.0,0.0,0.0
0.0,0.0,-0.10304027795791626,0.10212372243404388,-0.12662774324417114,0.28006234765052795,-0.08838826417922974,0.42601242661476135,-0.03960275650024414,0.5180034637451172,-0.14599841833114624,0.23991261422634125,-0.17466896772384644,0.46289578080177307,-0.18879550695419312,0.5674257576465607,-0.20140677690505981,0.6549632847309113,-0.059649765491485596,0.23214960098266602,-0.04464918375015259,0.4798734486103058,-0.038724303245544434,0.6104953587055206,-0.027756690979003906,0.7013906538486481,0.023493468761444092,0.22992029786109924,0.014958024024963379,0.4682205319404602,-0.022500574588775635,0.43744978308677673,-0.034845173358917236,0.3690175712108612,0.09017252922058105,0.23527947068214417,0.06526178121566772,0.4140952527523041,0.03469240665435791,0.38746756315231323,0.0272371768951416,0.3316217362880707,0.0,0.0,0.0,0.0,0.0,0.0,0.0,0.0,0.0,0.0,0.0,0.0,0.0,0.0,0.0,0.0,0.0,0.0,0.0,0.0,0.0,0.0,0.0,0.0,0.0,0.0,0.0,0.0,0.0,0.0,0.0,0.0,0.0,0.0,0.0,0.0,0.0,0.0,0.0,0.0,0.0,0.0
0.0,0.0,-0.1018906831741333,0.09984217584133148,-0.12865811586380005,0.27763763070106506,-0.09502601623535156,0.424826979637146,-0.05168420076370239,0.5212894380092621,-0.1471366286277771,0.23890027403831482,-0.174380362033844,0.46285682916641235,-0.18785983324050903,0.5677613317966461,-0.19962221384048462,0.6554103195667267,-0.060468077659606934,0.2306751310825348,-0.04369509220123291,0.48026663064956665,-0.03514915704727173,0.6112886965274811,-0.020956337451934814,0.7028968632221222,0.023259341716766357,0.22757375240325928,0.01545250415802002,0.4645453989505768,-0.021137714385986328,0.42885902523994446,-0.03234875202178955,0.35906049609184265,0.09086829423904419,0.23250189423561096,0.0643988847732544,0.41060346364974976,0.034176409244537354,0.3808300197124481,0.027772605419158936,0.32414770126342773,0.0,0.0,0.0,0.0,0.0,0.0,0.0,0.0,0.0,0.0,0.0,0.0,0.0,0.0,0.0,0.0,0.0,0.0,0.0,0.0,0.0,0.0,0.0,0.0,0.0,0.0,0.0,0.0,0.0,0.0,0.0,0.0,0.0,0.0,0.0,0.0,0.0,0.0,0.0,0.0,0.0,0.0
0.0,0.0,-0.10078251361846924,0.09951624274253845,-0.12068819999694824,0.27870917320251465,-0.07781773805618286,0.426168829202652,-0.032182931900024414,0.5225894153118134,-0.14782148599624634,0.2411213219165802,-0.17144173383712769,0.4662378132343292,-0.18137848377227783,0.5717882215976715,-0.1903478503227234,0.6605404913425446,-0.061285316944122314,0.23399081826210022,-0.04279780387878418,0.4831450879573822,-0.032572388648986816,0.6146480739116669,-0.018484175205230713,0.7079936563968658,0.02243131399154663,0.2322213351726532,0.016739964485168457,0.4678080379962921,-0.019873201847076416,0.42952612042427063,-0.0321120023727417,0.3611834645271301,0.09018439054489136,0.23788724839687347,0.06373763084411621,0.41082438826560974,0.03371459245681763,0.3781300485134125,0.02651268243789673,0.3229163587093353,0.0,0.0,0.0,0.0,0.0,0.0,0.0,0.0,0.0,0.0,0.0,0.0,0.0,0.0,0.0,0.0,0.0,0.0,0.0,0.0,0.0,0.0,0.0,0.0,0.0,0.0,0.0,0.0,0.0,0.0,0.0,0.0,0.0,0.0,0.0,0.0,0.0,0.0,0.0,0.0,0.0,0.0
0.0,0.0,-0.10176336765289307,0.1013527363538742,-0.1237034797668457,0.2800585925579071,-0.08368563652038574,0.428309828042984,-0.03662806749343872,0.5255046188831329,-0.14593011140823364,0.2395572066307068,-0.17209196090698242,0.46488264203071594,-0.18222367763519287,0.57105752825737,-0.1908249855041504,0.6603541672229767,-0.05888092517852783,0.2341158390045166,-0.04131162166595459,0.4826599955558777,-0.031891465187072754,0.6136914193630219,-0.01813340187072754,0.7067162096500397,0.023814499378204346,0.23348310589790344,0.015115797519683838,0.4676099121570587,-0.023349523544311523,0.4315773546695709,-0.03611552715301514,0.36395949125289917,0.09001356363296509,0.24012154340744019,0.06154423952102661,0.4110143184661865,0.029496610164642334,0.3817022740840912,0.020689547061920166,0.3288348913192749,0.0,0.0,0.0,0.0,0.0,0.0,0.0,0.0,0.0,0.0,0.0,0.0,0.0,0.0,0.0,0.0,0.0,0.0,0.0,0.0,0.0,0.0,0.0,0.0,0.0,0.0,0.0,0.0,0.0,0.0,0.0,0.0,0.0,0.0,0.0,0.0,0.0,0.0,0.0,0.0,0.0,0.0
0.0,0.0,-0.10295295715332031,0.09751473367214203,-0.12975478172302246,0.2743509113788605,-0.09534591436386108,0.42168593406677246,-0.0520939826965332,0.5213094353675842,-0.1499834656715393,0.2400241196155548,-0.17832911014556885,0.4670060873031616,-0.1885865330696106,0.5738269686698914,-0.1969563364982605,0.6628730893135071,-0.06344544887542725,0.2366310954093933,-0.0459323525428772,0.4857978820800781,-0.03656977415084839,0.6154183149337769,-0.02335953712463379,0.7073931097984314,0.018953144550323486,0.23653310537338257,0.01029825210571289,0.46983301639556885,-0.02594912052154541,0.4334450960159302,-0.03744262456893921,0.36603474617004395,0.08457833528518677,0.24315674602985382,0.05662524700164795,0.41234859824180603,0.027469098567962646,0.38318800926208496,0.020983576774597168,0.330343097448349,0.0,0.0,0.0,0.0,0.0,0.0,0.0,0.0,0.0,0.0,0.0,0.0,0.0,0.0,0.0,0.0,0.0,0.0,0.0,0.0,0.0,0.0,0.0,0.0,0.0,0.0,0.0,0.0,0.0,0.0,0.0,0.0,0.0,0.0,0.0,0.0,0.0,0.0,0.0,0.0,0.0,0.0
0.0,0.0,-0.1040489673614502,0.10166341066360474,-0.12529993057250977,0.28209879994392395,-0.0846642255783081,0.43127480149269104,-0.04114431142807007,0.532270759344101,-0.14956384897232056,0.2393556833267212,-0.17311811447143555,0.4686524569988251,-0.1819707155227661,0.5761187970638275,-0.18970870971679688,0.6665248572826385,-0.061292171478271484,0.23324808478355408,-0.041373252868652344,0.48486194014549255,-0.03147327899932861,0.6169699132442474,-0.01764887571334839,0.7104769647121429,0.022531509399414062,0.23335091769695282,0.014005720615386963,0.4708707630634308,-0.024717509746551514,0.4349782168865204,-0.03765207529067993,0.36777567863464355,0.08945512771606445,0.24140340089797974,0.061154186725616455,0.41443291306495667,0.029688596725463867,0.38457033038139343,0.02142566442489624,0.3314037322998047,0.0,0.0,0.0,0.0,0.0,0.0,0.0,0.0,0.0,0.0,0.0,0.0,0.0,0.0,0.0,0.0,0.0,0.0,0.0,0.0,0.0,0.0,0.0,0.0,0.0,0.0,0.0,0.0,0.0,0.0,0.0,0.0,0.0,0.0,0.0,0.0,0.0,0.0,0.0,0.0,0.0,0.0
0.0,0.0,-0.10262733697891235,0.10313649475574493,-0.12038731575012207,0.28366369009017944,-0.07452231645584106,0.431898832321167,-0.026231586933135986,0.5300974547863007,-0.14486396312713623,0.2385099232196808,-0.16828131675720215,0.46734073758125305,-0.17693454027175903,0.5748651325702667,-0.1844547986984253,0.6659991443157196,-0.056768715381622314,0.23176005482673645,-0.03688371181488037,0.48347851634025574,-0.026785969734191895,0.6155413091182709,-0.012381017208099365,0.709568589925766,0.026748478412628174,0.23144356906414032,0.019115984439849854,0.4704107940196991,-0.021892189979553223,0.4349824786186218,-0.036285221576690674,0.36844682693481445,0.09341591596603394,0.23859074711799622,0.06533282995223999,0.4122408628463745,0.03186440467834473,0.38315749168395996,0.02224630117416382,0.33111733198165894,0.0,0.0,0.0,0.0,0.0,0.0,0.0,0.0,0.0,0.0,0.0,0.0,0.0,0.0,0.0,0.0,0.0,0.0,0.0,0.0,0.0,0.0,0.0,0.0,0.0,0.0,0.0,0.0,0.0,0.0,0.0,0.0,0.0,0.0,0.0,0.0,0.0,0.0,0.0,0.0,0.0,0.0
0.0,0.0,-0.10437065362930298,0.09743648767471313,-0.12894123792648315,0.27810138463974,-0.09125202894210815,0.4283011555671692,-0.046941280364990234,0.5291966199874878,-0.1484835147857666,0.23939569294452667,-0.17490965127944946,0.46702975034713745,-0.18517154455184937,0.5743240118026733,-0.19375628232955933,0.6651808023452759,-0.061247408390045166,0.23638416826725006,-0.041984498500823975,0.48492708802223206,-0.0313374400138855,0.6168197393417358,-0.016043424606323242,0.7119697332382202,0.021542608737945557,0.23685477674007416,0.012411057949066162,0.4692869186401367,-0.02493607997894287,0.4289589524269104,-0.036145806312561035,0.3603793680667877,0.08697366714477539,0.2441001534461975,0.05707108974456787,0.4131154417991638,0.02678704261779785,0.3806857764720917,0.020533263683319092,0.32661914825439453,0.0,0.0,0.0,0.0,0.0,0.0,0.0,0.0,0.0,0.0,0.0,0.0,0.0,0.0,0.0,0.0,0.0,0.0,0.0,0.0,0.0,0.0,0.0,0.0,0.0,0.0,0.0,0.0,0.0,0.0,0.0,0.0,0.0,0.0,0.0,0.0,0.0,0.0,0.0,0.0,0.0,0.0
0.0,0.0,-0.1036527156829834,0.10335585474967957,-0.1263291835784912,0.2875434458255768,-0.08925718069076538,0.43943649530410767,-0.04899793863296509,0.5414319634437561,-0.14657872915267944,0.24477308988571167,-0.17041397094726562,0.4736201763153076,-0.17870193719863892,0.5814155340194702,-0.18667083978652954,0.6734018325805664,-0.05778074264526367,0.23795941472053528,-0.034507691860198975,0.4887716472148895,-0.022885143756866455,0.6204962730407715,-0.007880687713623047,0.715742826461792,0.026364266872406006,0.23546850681304932,0.018879413604736328,0.4735690653324127,-0.021471738815307617,0.4357758164405823,-0.035167694091796875,0.3678745627403259,0.09312629699707031,0.24086236953735352,0.0640917420387268,0.41475677490234375,0.03182154893875122,0.38563042879104614,0.02360057830810547,0.3331058621406555,0.0,0.0,0.0,0.0,0.0,0.0,0.0,0.0,0.0,0.0,0.0,0.0,0.0,0.0,0.0,0.0,0.0,0.0,0.0,0.0,0.0,0.0,0.0,0.0,0.0,0.0,0.0,0.0,0.0,0.0,0.0,0.0,0.0,0.0,0.0,0.0,0.0,0.0,0.0,0.0,0.0,0.0
0.0,0.0,-0.10490727424621582,0.10623164474964142,-0.12874269485473633,0.29385146498680115,-0.0978354811668396,0.4502178132534027,-0.0684095025062561,0.5611936748027802,-0.14353346824645996,0.24392423033714294,-0.16813033819198608,0.47727856040000916,-0.17940032482147217,0.5857193768024445,-0.18956249952316284,0.6786026656627655,-0.05479729175567627,0.23727476596832275,-0.03276515007019043,0.4917409121990204,-0.02203899621963501,0.6237499415874481,-0.006977677345275879,0.718159407377243,0.028775572776794434,0.23569178581237793,0.02022320032119751,0.48073849081993103,-0.021429061889648438,0.44487759470939636,-0.035958707332611084,0.37718889117240906,0.09395784139633179,0.24249620735645294,0.0643761157989502,0.4170756936073303,0.029926002025604248,0.3910313546657562,0.019654273986816406,0.34074363112449646,0.0,0.0,0.0,0.0,0.0,0.0,0.0,0.0,0.0,0.0,0.0,0.0,0.0,0.0,0.0,0.0,0.0,0.0,0.0,0.0,0.0,0.0,0.0,0.0,0.0,0.0,0.0,0.0,0.0,0.0,0.0,0.0,0.0,0.0,0.0,0.0,0.0,0.0,0.0,0.0,0.0,0.0
0.0,0.0,-0.10387861728668213,0.1053442507982254,-0.1269170045852661,0.29072698950767517,-0.0925675630569458,0.44608554244041443,-0.0572512149810791,0.5540522038936615,-0.14368242025375366,0.24637728929519653,-0.16883766651153564,0.4790167808532715,-0.1802070140838623,0.5882615745067596,-0.19038009643554688,0.6808929145336151,-0.05516707897186279,0.2412097305059433,-0.033036112785339355,0.4941401183605194,-0.021349072456359863,0.6278357803821564,-0.0057457685470581055,0.7232230603694916,0.02812492847442627,0.2398071438074112,0.019926786422729492,0.48077788949012756,-0.020521998405456543,0.4464794099330902,-0.03418964147567749,0.37871628999710083,0.09321224689483643,0.24572688341140747,0.06404441595077515,0.418954074382782,0.030655860900878906,0.3931865394115448,0.021416127681732178,0.3418111205101013,0.0,0.0,0.0,0.0,0.0,0.0,0.0,0.0,0.0,0.0,0.0,0.0,0.0,0.0,0.0,0.0,0.0,0.0,0.0,0.0,0.0,0.0,0.0,0.0,0.0,0.0,0.0,0.0,0.0,0.0,0.0,0.0,0.0,0.0,0.0,0.0,0.0,0.0,0.0,0.0,0.0,0.0
0.0,0.0,-0.10272789001464844,0.1069735735654831,-0.12442958354949951,0.2936769425868988,-0.08766508102416992,0.4469473958015442,-0.05183619260787964,0.5519757866859436,-0.14049893617630005,0.25132760405540466,-0.16649329662322998,0.4827539324760437,-0.17960762977600098,0.5917901992797852,-0.19085949659347534,0.6848281621932983,-0.05212116241455078,0.24456769227981567,-0.029361963272094727,0.49790340662002563,-0.016215622425079346,0.631298303604126,0.001838088035583496,0.7273294925689697,0.03144484758377075,0.24124789237976074,0.02575749158859253,0.4825274348258972,-0.0142669677734375,0.44643908739089966,-0.02716195583343506,0.37765827775001526,0.09761583805084229,0.24504698812961578,0.07027250528335571,0.42027026414871216,0.03690683841705322,0.39378997683525085,0.02870875597000122,0.3417757749557495,0.0,0.0,0.0,0.0,0.0,0.0,0.0,0.0,0.0,0.0,0.0,0.0,0.0,0.0,0.0,0.0,0.0,0.0,0.0,0.0,0.0,0.0,0.0,0.0,0.0,0.0,0.0,0.0,0.0,0.0,0.0,0.0,0.0,0.0,0.0,0.0,0.0,0.0,0.0,0.0,0.0,0.0
0.0,0.0,-0.10254305601119995,0.10776238143444061,-0.1269901990890503,0.29442834854125977,-0.094268798828125,0.4480053186416626,-0.058459579944610596,0.5530809164047241,-0.13926643133163452,0.25304239988327026,-0.165155827999115,0.48531514406204224,-0.17886751890182495,0.5937279462814331,-0.19079506397247314,0.6866554021835327,-0.05032235383987427,0.24453935027122498,-0.025231778621673584,0.4983130693435669,-0.012082993984222412,0.630325198173523,0.006429731845855713,0.7258584499359131,0.03400152921676636,0.2393200397491455,0.029579639434814453,0.479648619890213,-0.010245323181152344,0.4411081373691559,-0.022308051586151123,0.37131404876708984,0.10060596466064453,0.2417990118265152,0.07305771112442017,0.4189927577972412,0.041010260581970215,0.39015522599220276,0.034862637519836426,0.3358842730522156,0.0,0.0,0.0,0.0,0.0,0.0,0.0,0.0,0.0,0.0,0.0,0.0,0.0,0.0,0.0,0.0,0.0,0.0,0.0,0.0,0.0,0.0,0.0,0.0,0.0,0.0,0.0,0.0,0.0,0.0,0.0,0.0,0.0,0.0,0.0,0.0,0.0,0.0,0.0,0.0,0.0,0.0
0.0,0.0,-0.10261166095733643,0.11148585379123688,-0.12539023160934448,0.2999972105026245,-0.0955878496170044,0.45657414197921753,-0.06807374954223633,0.568320631980896,-0.13347697257995605,0.2500596046447754,-0.1617037057876587,0.4834204912185669,-0.17609763145446777,0.5945932269096375,-0.18935400247573853,0.689175009727478,-0.04420661926269531,0.24157682061195374,-0.01731008291244507,0.49609535932540894,-0.003427565097808838,0.6291730403900146,0.013912796974182129,0.7246540188789368,0.04009890556335449,0.23733758926391602,0.03552812337875366,0.48033398389816284,-0.004649162292480469,0.4432525634765625,-0.017515838146209717,0.3741651177406311,0.10599792003631592,0.24043944478034973,0.07820916175842285,0.4177737832069397,0.04526025056838989,0.38886111974716187,0.03819310665130615,0.3351346254348755,0.0,0.0,0.0,0.0,0.0,0.0,0.0,0.0,0.0,0.0,0.0,0.0,0.0,0.0,0.0,0.0,0.0,0.0,0.0,0.0,0.0,0.0,0.0,0.0,0.0,0.0,0.0,0.0,0.0,0.0,0.0,0.0,0.0,0.0,0.0,0.0,0.0,0.0,0.0,0.0,0.0,0.0
0.0,0.0,-0.10176223516464233,0.10755002498626709,-0.12862485647201538,0.29080086946487427,-0.09949392080307007,0.44306808710098267,-0.064639151096344,0.547070324420929,-0.13640308380126953,0.2496318817138672,-0.1671389937400818,0.48508554697036743,-0.18008071184158325,0.5959488749504089,-0.19080328941345215,0.6880080699920654,-0.04584592580795288,0.24189987778663635,-0.01954549551010132,0.4998466968536377,-0.0042896270751953125,0.6326820850372314,0.015087544918060303,0.7255903482437134,0.03845256567001343,0.23627740144729614,0.03450369834899902,0.47843214869499207,-0.005680561065673828,0.44463443756103516,-0.018483221530914307,0.3754723370075226,0.10353732109069824,0.23741725087165833,0.0779256820678711,0.41782069206237793,0.04488515853881836,0.39371150732040405,0.03658127784729004,0.3401035666465759,0.0,0.0,0.0,0.0,0.0,0.0,0.0,0.0,0.0,0.0,0.0,0.0,0.0,0.0,0.0,0.0,0.0,0.0,0.0,0.0,0.0,0.0,0.0,0.0,0.0,0.0,0.0,0.0,0.0,0.0,0.0,0.0,0.0,0.0,0.0,0.0,0.0,0.0,0.0,0.0,0.0,0.0
0.0,0.0,-0.10288882255554199,0.10918912291526794,-0.12780064344406128,0.2952907979488373,-0.1000666618347168,0.45139819383621216,-0.07284939289093018,0.564052015542984,-0.13730132579803467,0.25207944214344025,-0.1670815348625183,0.48290368914604187,-0.18091607093811035,0.5945249497890472,-0.19232016801834106,0.6875447332859039,-0.04766058921813965,0.24457326531410217,-0.022226691246032715,0.4977703094482422,-0.0078582763671875,0.6303606331348419,0.010717809200286865,0.72355517745018,0.03660005331039429,0.23955228924751282,0.03328317403793335,0.4805600047111511,-0.006792962551116943,0.4480237662792206,-0.019810616970062256,0.381106436252594,0.10166382789611816,0.2405364215373993,0.07541269063949585,0.41727301478385925,0.041947782039642334,0.3928290903568268,0.033291757106781006,0.34188804030418396,0.0,0.0,0.0,0.0,0.0,0.0,0.0,0.0,0.0,0.0,0.0,0.0,0.0,0.0,0.0,0.0,0.0,0.0,0.0,0.0,0.0,0.0,0.0,0.0,0.0,0.0,0.0,0.0,0.0,0.0,0.0,0.0,0.0,0.0,0.0,0.0,0.0,0.0,0.0,0.0,0.0,0.0
0.0,0.0,-0.10246855020523071,0.10808610916137695,-0.12726640701293945,0.2950807511806488,-0.09631699323654175,0.4498639404773712,-0.0651705265045166,0.5577187240123749,-0.13746649026870728,0.2548544257879257,-0.16675454378128052,0.4884587824344635,-0.18002206087112427,0.5995397865772247,-0.19133776426315308,0.6933956444263458,-0.04830724000930786,0.24783673882484436,-0.021166324615478516,0.501735657453537,-0.005718827247619629,0.6332745850086212,0.01298612356185913,0.7275624573230743,0.035780131816864014,0.24225428700447083,0.03259962797164917,0.4801216423511505,-0.006344735622406006,0.4426726996898651,-0.018561899662017822,0.37407341599464417,0.10142642259597778,0.24253302812576294,0.07532882690429688,0.4164503514766693,0.04361927509307861,0.38853535056114197,0.03704625368118286,0.33621057868003845,0.0,0.0,0.0,0.0,0.0,0.0,0.0,0.0,0.0,0.0,0.0,0.0,0.0,0.0,0.0,0.0,0.0,0.0,0.0,0.0,0.0,0.0,0.0,0.0,0.0,0.0,0.0,0.0,0.0,0.0,0.0,0.0,0.0,0.0,0.0,0.0,0.0,0.0,0.0,0.0,0.0,0.0
0.0,0.0,-0.10405665636062622,0.10752643644809723,-0.12963229417800903,0.29446253180503845,-0.1011771559715271,0.45006388425827026,-0.0731428861618042,0.5606744289398193,-0.13753312826156616,0.2555769085884094,-0.16819638013839722,0.48948121070861816,-0.18293851613998413,0.6007344126701355,-0.19514930248260498,0.6941753029823303,-0.04701268672943115,0.24959668517112732,-0.022240161895751953,0.5015965104103088,-0.00836336612701416,0.634074866771698,0.009747445583343506,0.7280318140983582,0.037445783615112305,0.24514545500278473,0.0320088267326355,0.482918918132782,-0.0075685977935791016,0.4482714831829071,-0.019795000553131104,0.3803505003452301,0.10224932432174683,0.245976984500885,0.07403302192687988,0.41895124316215515,0.0416179895401001,0.3924027681350708,0.03429222106933594,0.3400413393974304,0.0,0.0,0.0,0.0,0.0,0.0,0.0,0.0,0.0,0.0,0.0,0.0,0.0,0.0,0.0,0.0,0.0,0.0,0.0,0.0,0.0,0.0,0.0,0.0,0.0,0.0,0.0,0.0,0.0,0.0,0.0,0.0,0.0,0.0,0.0,0.0,0.0,0.0,0.0,0.0,0.0,0.0
0.0,0.0,-0.10333365201950073,0.10728174448013306,-0.12966835498809814,0.2946283519268036,-0.10156893730163574,0.45046427845954895,-0.0725475549697876,0.5598750412464142,-0.1393347978591919,0.2553043067455292,-0.16878479719161987,0.4896501898765564,-0.1826244592666626,0.6007559597492218,-0.19366586208343506,0.6940745413303375,-0.04874032735824585,0.24887698888778687,-0.02338939905166626,0.5030296444892883,-0.00867164134979248,0.6345981657505035,0.010590553283691406,0.7282188236713409,0.036149024963378906,0.2442234754562378,0.03236430883407593,0.48295336961746216,-0.006787121295928955,0.44704821705818176,-0.01869148015975952,0.37862104177474976,0.10180354118347168,0.24529223144054413,0.07473862171173096,0.42127200961112976,0.04280489683151245,0.39431437849998474,0.035978496074676514,0.34139004349708557,0.0,0.0,0.0,0.0,0.0,0.0,0.0,0.0,0.0,0.0,0.0,0.0,0.0,0.0,0.0,0.0,0.0,0.0,0.0,0.0,0.0,0.0,0.0,0.0,0.0,0.0,0.0,0.0,0.0,0.0,0.0,0.0,0.0,0.0,0.0,0.0,0.0,0.0,0.0,0.0,0.0,0.0
0.0,0.0,-0.10346418619155884,0.1087944358587265,-0.12845206260681152,0.29490289092063904,-0.0988275408744812,0.44958215951919556,-0.07111269235610962,0.5597512125968933,-0.13718533515930176,0.2562275826931,-0.1655871868133545,0.4901506304740906,-0.18000304698944092,0.6009701490402222,-0.19183552265167236,0.6941319704055786,-0.04696422815322876,0.2489674836397171,-0.02124887704849243,0.5014795958995819,-0.00795978307723999,0.6332658529281616,0.00964587926864624,0.7265456914901733,0.037677764892578125,0.24447734653949738,0.033834755420684814,0.4846325218677521,-0.005257785320281982,0.45020562410354614,-0.017301857471466064,0.3825470805168152,0.10295110940933228,0.2455350160598755,0.07641083002090454,0.42011478543281555,0.04426819086074829,0.39290744066238403,0.03708481788635254,0.33997929096221924,0.0,0.0,0.0,0.0,0.0,0.0,0.0,0.0,0.0,0.0,0.0,0.0,0.0,0.0,0.0,0.0,0.0,0.0,0.0,0.0,0.0,0.0,0.0,0.0,0.0,0.0,0.0,0.0,0.0,0.0,0.0,0.0,0.0,0.0,0.0,0.0,0.0,0.0,0.0,0.0,0.0,0.0
0.0,0.0,-0.10226190090179443,0.10644485056400299,-0.12981832027435303,0.2879990041255951,-0.10383886098861694,0.4417564868927002,-0.07741713523864746,0.5482700169086456,-0.13927054405212402,0.255048543214798,-0.1681894063949585,0.48939916491508484,-0.18190521001815796,0.5984897911548615,-0.19279950857162476,0.6886390745639801,-0.04906564950942993,0.2469697743654251,-0.024300456047058105,0.5012890100479126,-0.010628044605255127,0.6325989067554474,0.007858514785766602,0.7243271172046661,0.035233378410339355,0.24214759469032288,0.03289520740509033,0.48687684535980225,-0.007201790809631348,0.457706093788147,-0.02002096176147461,0.3912278413772583,0.09995806217193604,0.2437070608139038,0.07519650459289551,0.4244024157524109,0.04210084676742554,0.40247008204460144,0.0331302285194397,0.3504786789417267,0.0,0.0,0.0,0.0,0.0,0.0,0.0,0.0,0.0,0.0,0.0,0.0,0.0,0.0,0.0,0.0,0.0,0.0,0.0,0.0,0.0,0.0,0.0,0.0,0.0,0.0,0.0,0.0,0.0,0.0,0.0,0.0,0.0,0.0,0.0,0.0,0.0,0.0,0.0,0.0,0.0,0.0
0.0,0.0,-0.10500514507293701,0.10703334212303162,-0.13137322664260864,0.2877284288406372,-0.10205626487731934,0.4392135441303253,-0.07200062274932861,0.5495090186595917,-0.13899260759353638,0.25182226300239563,-0.1673906445503235,0.4849230647087097,-0.18098896741867065,0.5951093137264252,-0.1914094090461731,0.6869221031665802,-0.048493802547454834,0.2451838105916977,-0.024866342544555664,0.49814334511756897,-0.012210845947265625,0.6294189989566803,0.0055887699127197266,0.721036285161972,0.035511016845703125,0.24224576354026794,0.030212581157684326,0.48640361428260803,-0.011084258556365967,0.4564969837665558,-0.024548053741455078,0.3902650475502014,0.09901392459869385,0.2451820969581604,0.0718998908996582,0.4236963391304016,0.03734010457992554,0.4001080393791199,0.027389883995056152,0.34777215123176575,0.0,0.0,0.0,0.0,0.0,0.0,0.0,0.0,0.0,0.0,0.0,0.0,0.0,0.0,0.0,0.0,0.0,0.0,0.0,0.0,0.0,0.0,0.0,0.0,0.0,0.0,0.0,0.0,0.0,0.0,0.0,0.0,0.0,0.0,0.0,0.0,0.0,0.0,0.0,0.0,0.0,0.0
0.0,0.0,-0.1040579080581665,0.10736162960529327,-0.1312239170074463,0.28966403007507324,-0.10216522216796875,0.4420529901981354,-0.07124829292297363,0.5509054958820343,-0.13627499341964722,0.2521105259656906,-0.1664864420890808,0.4840974509716034,-0.18026024103164673,0.5951814353466034,-0.19105643033981323,0.6883312165737152,-0.04653787612915039,0.24607110023498535,-0.022676944732666016,0.5002483427524567,-0.010088741779327393,0.6326647698879242,0.007790684700012207,0.7257268130779266,0.036521077156066895,0.24322715401649475,0.03032737970352173,0.4874785244464874,-0.011423707008361816,0.4567323625087738,-0.024864554405212402,0.39041805267333984,0.0993465781211853,0.24601954221725464,0.07028913497924805,0.42203381657600403,0.03610187768936157,0.3983982503414154,0.02712005376815796,0.3473277688026428,0.0,0.0,0.0,0.0,0.0,0.0,0.0,0.0,0.0,0.0,0.0,0.0,0.0,0.0,0.0,0.0,0.0,0.0,0.0,0.0,0.0,0.0,0.0,0.0,0.0,0.0,0.0,0.0,0.0,0.0,0.0,0.0,0.0,0.0,0.0,0.0,0.0,0.0,0.0,0.0,0.0,0.0
0.0,0.0,-0.10253643989562988,0.10658879578113556,-0.13138556480407715,0.2861776053905487,-0.10473942756652832,0.4380381107330322,-0.07136130332946777,0.5450795292854309,-0.13854151964187622,0.25214216113090515,-0.16649889945983887,0.48671776056289673,-0.17878252267837524,0.5973113179206848,-0.18842202425003052,0.6896135210990906,-0.04854625463485718,0.2439803183078766,-0.021772265434265137,0.4996899664402008,-0.007993876934051514,0.6313517689704895,0.009782254695892334,0.7238076329231262,0.0352666974067688,0.23953190445899963,0.03223550319671631,0.4861435294151306,-0.008620500564575195,0.4582512676715851,-0.022477805614471436,0.39269939064979553,0.09953230619430542,0.2419508993625641,0.07415109872817993,0.4226861596107483,0.040089309215545654,0.4026816487312317,0.029898107051849365,0.35278797149658203,0.0,0.0,0.0,0.0,0.0,0.0,0.0,0.0,0.0,0.0,0.0,0.0,0.0,0.0,0.0,0.0,0.0,0.0,0.0,0.0,0.0,0.0,0.0,0.0,0.0,0.0,0.0,0.0,0.0,0.0,0.0,0.0,0.0,0.0,0.0,0.0,0.0,0.0,0.0,0.0,0.0,0.0
0.0,0.0,-0.10361754894256592,0.10653504729270935,-0.13128823041915894,0.28594329953193665,-0.10462158918380737,0.43658119440078735,-0.07569611072540283,0.5470470190048218,-0.1394914984703064,0.25240033864974976,-0.16848230361938477,0.48342108726501465,-0.1814475655555725,0.5936199426651001,-0.1913762092590332,0.6850298643112183,-0.049982428550720215,0.24481099843978882,-0.02626413106918335,0.49847331643104553,-0.013240456581115723,0.6314709186553955,0.004513204097747803,0.7233494520187378,0.03347057104110718,0.24071051180362701,0.02862846851348877,0.4858441948890686,-0.011588633060455322,0.4589555859565735,-0.024987339973449707,0.39364445209503174,0.09719371795654297,0.24290227890014648,0.07070952653884888,0.42135801911354065,0.03651297092437744,0.3999031186103821,0.02584940195083618,0.3490031659603119,0.0,0.0,0.0,0.0,0.0,0.0,0.0,0.0,0.0,0.0,0.0,0.0,0.0,0.0,0.0,0.0,0.0,0.0,0.0,0.0,0.0,0.0,0.0,0.0,0.0,0.0,0.0,0.0,0.0,0.0,0.0,0.0,0.0,0.0,0.0,0.0,0.0,0.0,0.0,0.0,0.0,0.0
0.0,0.0,-0.10285001993179321,0.1069631427526474,-0.12987059354782104,0.28907009959220886,-0.10564517974853516,0.44295912981033325,-0.08041137456893921,0.5561776757240295,-0.13877451419830322,0.253364160656929,-0.16882556676864624,0.48456355929374695,-0.1813177466392517,0.5957804322242737,-0.19055825471878052,0.6894617676734924,-0.04941362142562866,0.24652183055877686,-0.024319767951965332,0.5005051493644714,-0.010306060314178467,0.6330568790435791,0.00819617509841919,0.7265152335166931,0.03423333168029785,0.24253541231155396,0.029166996479034424,0.48613232374191284,-0.011372089385986328,0.45344603061676025,-0.02454829216003418,0.386601060628891,0.09837669134140015,0.24473415315151215,0.0693160891532898,0.41878336668014526,0.03609389066696167,0.39341577887535095,0.02705514430999756,0.34289970993995667,0.0,0.0,0.0,0.0,0.0,0.0,0.0,0.0,0.0,0.0,0.0,0.0,0.0,0.0,0.0,0.0,0.0,0.0,0.0,0.0,0.0,0.0,0.0,0.0,0.0,0.0,0.0,0.0,0.0,0.0,0.0,0.0,0.0,0.0,0.0,0.0,0.0,0.0,0.0,0.0,0.0,0.0
0.0,0.0,-0.10275852680206299,0.10506679117679596,-0.12854087352752686,0.28743210434913635,-0.10023659467697144,0.44045037031173706,-0.0737341046333313,0.5514243543148041,-0.14018547534942627,0.2535853683948517,-0.167669415473938,0.48596373200416565,-0.18109148740768433,0.5962893068790436,-0.1914067268371582,0.6891749203205109,-0.050535500049591064,0.24583709239959717,-0.02495020627975464,0.5000232756137848,-0.01159745454788208,0.632535308599472,0.006349682807922363,0.7267381846904755,0.03285956382751465,0.24137704074382782,0.028784573078155518,0.48616838455200195,-0.01246708631515503,0.45462003350257874,-0.026209354400634766,0.38817211985588074,0.09674406051635742,0.24291719496250153,0.06863343715667725,0.420703262090683,0.03447079658508301,0.39609602093696594,0.024687528610229492,0.3451531231403351,0.0,0.0,0.0,0.0,0.0,0.0,0.0,0.0,0.0,0.0,0.0,0.0,0.0,0.0,0.0,0.0,0.0,0.0,0.0,0.0,0.0,0.0,0.0,0.0,0.0,0.0,0.0,0.0,0.0,0.0,0.0,0.0,0.0,0.0,0.0,0.0,0.0,0.0,0.0,0.0,0.0,0.0
0.0,0.0,-0.10329735279083252,0.10389961302280426,-0.12993758916854858,0.28668394684791565,-0.10100400447845459,0.4404560327529907,-0.07207798957824707,0.5507252216339111,-0.143157958984375,0.2535640597343445,-0.16991257667541504,0.4878429174423218,-0.1834772825241089,0.5966184139251709,-0.1941853165626526,0.6882762908935547,-0.05356299877166748,0.2460843324661255,-0.02845078706741333,0.5000675916671753,-0.015240311622619629,0.6327224373817444,0.002155601978302002,0.7273252606391907,0.02998197078704834,0.242052361369133,0.024651288986206055,0.4862945079803467,-0.01560962200164795,0.4541678726673126,-0.028701424598693848,0.3878929913043976,0.0942080020904541,0.2448713183403015,0.06498247385025024,0.4209306240081787,0.031426310539245605,0.3949928283691406,0.022390007972717285,0.34325355291366577,0.0,0.0,0.0,0.0,0.0,0.0,0.0,0.0,0.0,0.0,0.0,0.0,0.0,0.0,0.0,0.0,0.0,0.0,0.0,0.0,0.0,0.0,0.0,0.0,0.0,0.0,0.0,0.0,0.0,0.0,0.0,0.0,0.0,0.0,0.0,0.0,0.0,0.0,0.0,0.0,0.0,0.0
0.0,0.0,-0.10340654850006104,0.10408861935138702,-0.12995630502700806,0.284487247467041,-0.09901541471481323,0.43495362997055054,-0.06722861528396606,0.5410318970680237,-0.14323461055755615,0.2570408135652542,-0.16814661026000977,0.4899276793003082,-0.1795252561569214,0.5988157391548157,-0.18814623355865479,0.6908115744590759,-0.0531657338142395,0.24777275323867798,-0.028916597366333008,0.498563289642334,-0.01752328872680664,0.6311669945716858,-0.0015957951545715332,0.7264610528945923,0.03030717372894287,0.24275337159633636,0.023636460304260254,0.4864199161529541,-0.018266797065734863,0.4594162106513977,-0.03259146213531494,0.3964114785194397,0.0943152904510498,0.2450331300497055,0.06418371200561523,0.422510027885437,0.029049336910247803,0.3995703160762787,0.018099725246429443,0.34916844964027405,0.0,0.0,0.0,0.0,0.0,0.0,0.0,0.0,0.0,0.0,0.0,0.0,0.0,0.0,0.0,0.0,0.0,0.0,0.0,0.0,0.0,0.0,0.0,0.0,0.0,0.0,0.0,0.0,0.0,0.0,0.0,0.0,0.0,0.0,0.0,0.0,0.0,0.0,0.0,0.0,0.0,0.0
0.0,0.0,-0.10474753379821777,0.10264232754707336,-0.13162505626678467,0.28340139985084534,-0.10034942626953125,0.43388718366622925,-0.06986111402511597,0.5420007109642029,-0.14486998319625854,0.25358913838863373,-0.17099499702453613,0.4885445833206177,-0.18337422609329224,0.5989956855773926,-0.19254207611083984,0.6910697817802429,-0.05501437187194824,0.24543558061122894,-0.030819714069366455,0.498532772064209,-0.019179105758666992,0.631039023399353,-0.0028024911880493164,0.7251068949699402,0.02854830026626587,0.2418978065252304,0.022730648517608643,0.48635995388031006,-0.019075095653533936,0.45662814378738403,-0.03345489501953125,0.3914494812488556,0.09293562173843384,0.24544590711593628,0.06397432088851929,0.4233602285385132,0.028835773468017578,0.3984915614128113,0.018275320529937744,0.3464809060096741,0.0,0.0,0.0,0.0,0.0,0.0,0.0,0.0,0.0,0.0,0.0,0.0,0.0,0.0,0.0,0.0,0.0,0.0,0.0,0.0,0.0,0.0,0.0,0.0,0.0,0.0,0.0,0.0,0.0,0.0,0.0,0.0,0.0,0.0,0.0,0.0,0.0,0.0,0.0,0.0,0.0,0.0
0.0,0.0,-0.10439997911453247,0.10156702995300293,-0.12816888093948364,0.28111839294433594,-0.09057998657226562,0.43004560470581055,-0.05269312858581543,0.5325594842433929,-0.14526093006134033,0.2534846067428589,-0.17185568809509277,0.49002954363822937,-0.1829761266708374,0.6000756323337555,-0.1908290982246399,0.6924091279506683,-0.05456244945526123,0.2473583072423935,-0.03102320432662964,0.5020609796047211,-0.018838942050933838,0.6348569095134735,-0.0021272897720336914,0.7300987541675568,0.029650509357452393,0.2450542449951172,0.022528529167175293,0.49003738164901733,-0.018735110759735107,0.45989611744880676,-0.03199875354766846,0.3950212299823761,0.09415888786315918,0.24881505966186523,0.06419795751571655,0.42392709851264954,0.02941763401031494,0.39867863059043884,0.01970827579498291,0.3474964499473572,0.0,0.0,0.0,0.0,0.0,0.0,0.0,0.0,0.0,0.0,0.0,0.0,0.0,0.0,0.0,0.0,0.0,0.0,0.0,0.0,0.0,0.0,0.0,0.0,0.0,0.0,0.0,0.0,0.0,0.0,0.0,0.0,0.0,0.0,0.0,0.0,0.0,0.0,0.0,0.0,0.0,0.0
0.0,0.0,-0.10549193620681763,0.10105414688587189,-0.13269346952438354,0.2813633382320404,-0.09838557243347168,0.43336570262908936,-0.059943556785583496,0.5369727611541748,-0.14784377813339233,0.2546698749065399,-0.17477375268936157,0.49002254009246826,-0.1864040493965149,0.5987566709518433,-0.19474613666534424,0.6900240182876587,-0.05628401041030884,0.24790987372398376,-0.03378063440322876,0.5007519125938416,-0.02311021089553833,0.632286787033081,-0.007454097270965576,0.726548969745636,0.028519511222839355,0.2456207424402237,0.021585404872894287,0.49076610803604126,-0.01953965425491333,0.46159398555755615,-0.03248220682144165,0.3972172141075134,0.09299010038375854,0.24995121359825134,0.06293731927871704,0.4265804886817932,0.02863931655883789,0.40058469772338867,0.019364655017852783,0.34778323769569397,0.0,0.0,0.0,0.0,0.0,0.0,0.0,0.0,0.0,0.0,0.0,0.0,0.0,0.0,0.0,0.0,0.0,0.0,0.0,0.0,0.0,0.0,0.0,0.0,0.0,0.0,0.0,0.0,0.0,0.0,0.0,0.0,0.0,0.0,0.0,0.0,0.0,0.0,0.0,0.0,0.0,0.0
0.0,0.0,-0.10649728775024414,0.10255306959152222,-0.13561123609542847,0.28077980875968933,-0.10570305585861206,0.43104588985443115,-0.07178747653961182,0.5363905429840088,-0.14801561832427979,0.25563693046569824,-0.17522066831588745,0.48952627182006836,-0.1862226128578186,0.5984915494918823,-0.19446128606796265,0.6896944046020508,-0.05695343017578125,0.24882502853870392,-0.03338664770126343,0.5002351999282837,-0.02256995439529419,0.6319726705551147,-0.007797598838806152,0.7252817153930664,0.0274200439453125,0.24621176719665527,0.019671201705932617,0.48966866731643677,-0.022246837615966797,0.46301621198654175,-0.03649669885635376,0.39873945713043213,0.09204965829849243,0.25002074241638184,0.06175464391708374,0.4241815507411957,0.0272676944732666,0.3993918299674988,0.017078697681427002,0.34682998061180115,0.0,0.0,0.0,0.0,0.0,0.0,0.0,0.0,0.0,0.0,0.0,0.0,0.0,0.0,0.0,0.0,0.0,0.0,0.0,0.0,0.0,0.0,0.0,0.0,0.0,0.0,0.0,0.0,0.0,0.0,0.0,0.0,0.0,0.0,0.0,0.0,0.0,0.0,0.0,0.0,0.0,0.0
0.0,0.0,-0.10569453239440918,0.10104978084564209,-0.1331089735031128,0.2810218930244446,-0.10055810213088989,0.43218207359313965,-0.06677162647247314,0.5379209220409393,-0.1484871506690979,0.25767773389816284,-0.1738753318786621,0.4915487468242645,-0.18446451425552368,0.5998508632183075,-0.19278568029403687,0.6912831962108612,-0.05785930156707764,0.25102460384368896,-0.033063530921936035,0.502632349729538,-0.02170383930206299,0.6343928277492523,-0.00622713565826416,0.7286553084850311,0.02660137414932251,0.24776732921600342,0.01955181360244751,0.49050554633140564,-0.021875739097595215,0.46087124943733215,-0.03528296947479248,0.39570415019989014,0.09179991483688354,0.2511659562587738,0.061262667179107666,0.42495205998420715,0.02723991870880127,0.39853140711784363,0.017901837825775146,0.34565988183021545,0.0,0.0,0.0,0.0,0.0,0.0,0.0,0.0,0.0,0.0,0.0,0.0,0.0,0.0,0.0,0.0,0.0,0.0,0.0,0.0,0.0,0.0,0.0,0.0,0.0,0.0,0.0,0.0,0.0,0.0,0.0,0.0,0.0,0.0,0.0,0.0,0.0,0.0,0.0,0.0,0.0,0.0
0.0,0.0,-0.10579681396484375,0.1013074666261673,-0.13521194458007812,0.278616338968277,-0.10646277666091919,0.4290115535259247,-0.07388871908187866,0.5354394316673279,-0.15005755424499512,0.2560926824808121,-0.17700910568237305,0.4907168745994568,-0.18738585710525513,0.6003885865211487,-0.195063054561615,0.6912615895271301,-0.059447526931762695,0.24837422370910645,-0.0350608229637146,0.5009773969650269,-0.024257898330688477,0.6332789659500122,-0.010003447532653809,0.7259909510612488,0.024810194969177246,0.24527889490127563,0.018636226654052734,0.48939767479896545,-0.02146744728088379,0.4639195203781128,-0.03505980968475342,0.3999137282371521,0.0898929238319397,0.24873238801956177,0.06082189083099365,0.423268586397171,0.026896119117736816,0.3985372483730316,0.016480982303619385,0.3456721603870392,0.0,0.0,0.0,0.0,0.0,0.0,0.0,0.0,0.0,0.0,0.0,0.0,0.0,0.0,0.0,0.0,0.0,0.0,0.0,0.0,0.0,0.0,0.0,0.0,0.0,0.0,0.0,0.0,0.0,0.0,0.0,0.0,0.0,0.0,0.0,0.0,0.0,0.0,0.0,0.0,0.0,0.0
0.0,0.0,-0.10634058713912964,0.1012745201587677,-0.1346743106842041,0.2793520390987396,-0.10202354192733765,0.4296149015426636,-0.06366860866546631,0.5356891751289368,-0.1519864797592163,0.25777700543403625,-0.17774665355682373,0.48802825808525085,-0.18786174058914185,0.5981930494308472,-0.19557231664657593,0.6901714205741882,-0.06157296895980835,0.25078195333480835,-0.03644758462905884,0.5011523962020874,-0.02577996253967285,0.633156955242157,-0.011273205280303955,0.7257600426673889,0.02325814962387085,0.24722111225128174,0.01591670513153076,0.49159955978393555,-0.025685429573059082,0.46613624691963196,-0.03970646858215332,0.40268275141716003,0.0892825722694397,0.2508969157934189,0.060759127140045166,0.4267331659793854,0.026139795780181885,0.4029833972454071,0.01559746265411377,0.35120296478271484,0.0,0.0,0.0,0.0,0.0,0.0,0.0,0.0,0.0,0.0,0.0,0.0,0.0,0.0,0.0,0.0,0.0,0.0,0.0,0.0,0.0,0.0,0.0,0.0,0.0,0.0,0.0,0.0,0.0,0.0,0.0,0.0,0.0,0.0,0.0,0.0,0.0,0.0,0.0,0.0,0.0,0.0
0.0,0.0,-0.10336166620254517,0.10387644171714783,-0.13123273849487305,0.2808959186077118,-0.09958535432815552,0.42923879623413086,-0.06196552515029907,0.5336346924304962,-0.14875245094299316,0.2602348327636719,-0.1731867790222168,0.49003663659095764,-0.18297886848449707,0.5993758738040924,-0.1907685399055481,0.6909104883670807,-0.05908840894699097,0.2507356256246567,-0.03299170732498169,0.5011512935161591,-0.022310614585876465,0.633384495973587,-0.008172810077667236,0.7260418236255646,0.025447964668273926,0.24579539895057678,0.019795238971710205,0.4919750988483429,-0.020943164825439453,0.4682284891605377,-0.03477996587753296,0.40488412976264954,0.09174931049346924,0.24878647923469543,0.0647093653678894,0.4263997972011566,0.03000175952911377,0.404412180185318,0.01894766092300415,0.3534162640571594,0.0,0.0,0.0,0.0,0.0,0.0,0.0,0.0,0.0,0.0,0.0,0.0,0.0,0.0,0.0,0.0,0.0,0.0,0.0,0.0,0.0,0.0,0.0,0.0,0.0,0.0,0.0,0.0,0.0,0.0,0.0,0.0,0.0,0.0,0.0,0.0,0.0,0.0,0.0,0.0,0.0,0.0
0.0,0.0,-0.10496646165847778,0.10195772349834442,-0.1259353756904602,0.28199121356010437,-0.07978194952011108,0.4284785985946655,-0.029014527797698975,0.5188852548599243,-0.14889079332351685,0.25628603994846344,-0.1741504669189453,0.4922276735305786,-0.18469619750976562,0.5998945832252502,-0.19342339038848877,0.6904861330986023,-0.05765807628631592,0.24918973445892334,-0.03417128324508667,0.5023348927497864,-0.0245935320854187,0.6342256665229797,-0.01101827621459961,0.7280349135398865,0.027395546436309814,0.24530644714832306,0.02159714698791504,0.4910377860069275,-0.019972622394561768,0.4603324830532074,-0.03335672616958618,0.39314207434654236,0.09307408332824707,0.24750977754592896,0.06521362066268921,0.4245983362197876,0.03063523769378662,0.3967064619064331,0.02144467830657959,0.340628445148468,0.0,0.0,0.0,0.0,0.0,0.0,0.0,0.0,0.0,0.0,0.0,0.0,0.0,0.0,0.0,0.0,0.0,0.0,0.0,0.0,0.0,0.0,0.0,0.0,0.0,0.0,0.0,0.0,0.0,0.0,0.0,0.0,0.0,0.0,0.0,0.0,0.0,0.0,0.0,0.0,0.0,0.0
0.0,0.0,-0.10529440641403198,0.1003609150648117,-0.12990230321884155,0.27869507670402527,-0.08444720506668091,0.4235944449901581,-0.03374415636062622,0.5150270462036133,-0.15071642398834229,0.2573432922363281,-0.17636722326278687,0.49052882194519043,-0.18749117851257324,0.5983733534812927,-0.19606679677963257,0.6891950368881226,-0.059991538524627686,0.25034917891025543,-0.038331806659698486,0.50058314204216,-0.029306471347808838,0.6308393478393555,-0.015095412731170654,0.7239861488342285,0.024751126766204834,0.24638468027114868,0.017519116401672363,0.49144673347473145,-0.024238407611846924,0.4606580138206482,-0.03728830814361572,0.39393359422683716,0.09076988697052002,0.2482854723930359,0.06126648187637329,0.42529013752937317,0.026611387729644775,0.3975934088230133,0.017882883548736572,0.34183722734451294,0.0,0.0,0.0,0.0,0.0,0.0,0.0,0.0,0.0,0.0,0.0,0.0,0.0,0.0,0.0,0.0,0.0,0.0,0.0,0.0,0.0,0.0,0.0,0.0,0.0,0.0,0.0,0.0,0.0,0.0,0.0,0.0,0.0,0.0,0.0,0.0,0.0,0.0,0.0,0.0,0.0,0.0
0.0,0.0,-0.1050572395324707,0.10068270564079285,-0.1331579089164734,0.2773445248603821,-0.09576684236526489,0.42322152853012085,-0.05326205492019653,0.5234319269657135,-0.15240037441253662,0.2615531235933304,-0.17670100927352905,0.49247628450393677,-0.18781143426895142,0.6004392504692078,-0.19627660512924194,0.6912724375724792,-0.06222409009933472,0.25406041741371155,-0.040892183780670166,0.5012781620025635,-0.033579349517822266,0.6302719712257385,-0.02095741033554077,0.7215015292167664,0.02252066135406494,0.2493807077407837,0.015452861785888672,0.49451398849487305,-0.025911569595336914,0.4683269262313843,-0.03914898633956909,0.4036824703216553,0.08883941173553467,0.25113654136657715,0.06078970432281494,0.4281548261642456,0.025601327419281006,0.40490517020225525,0.015169382095336914,0.3519507944583893,0.0,0.0,0.0,0.0,0.0,0.0,0.0,0.0,0.0,0.0,0.0,0.0,0.0,0.0,0.0,0.0,0.0,0.0,0.0,0.0,0.0,0.0,0.0,0.0,0.0,0.0,0.0,0.0,0.0,0.0,0.0,0.0,0.0,0.0,0.0,0.0,0.0,0.0,0.0,0.0,0.0,0.0
0.0,0.0,-0.10524725914001465,0.10134804248809814,-0.1323344111442566,0.2778226435184479,-0.08940988779067993,0.4235663115978241,-0.03790140151977539,0.5151191353797913,-0.1526537537574768,0.2596086859703064,-0.17600059509277344,0.4928238093852997,-0.1867440938949585,0.600973516702652,-0.19483453035354614,0.6913654506206512,-0.062231600284576416,0.2531640827655792,-0.04007411003112793,0.5025378465652466,-0.03302735090255737,0.6319286525249481,-0.020438313484191895,0.7222207486629486,0.022688448429107666,0.24960358440876007,0.01624685525894165,0.4945014417171478,-0.025967836380004883,0.46801337599754333,-0.039651691913604736,0.4031890630722046,0.0892179012298584,0.25214336812496185,0.06219762563705444,0.42869749665260315,0.026611268520355225,0.4041408896446228,0.01606196165084839,0.3501622676849365,0.0,0.0,0.0,0.0,0.0,0.0,0.0,0.0,0.0,0.0,0.0,0.0,0.0,0.0,0.0,0.0,0.0,0.0,0.0,0.0,0.0,0.0,0.0,0.0,0.0,0.0,0.0,0.0,0.0,0.0,0.0,0.0,0.0,0.0,0.0,0.0,0.0,0.0,0.0,0.0,0.0,0.0
0.0,0.0,-0.1053624153137207,0.1007193773984909,-0.1331353783607483,0.27705785632133484,-0.09221833944320679,0.4229235053062439,-0.04083240032196045,0.514646589756012,-0.15238523483276367,0.256026953458786,-0.17595678567886353,0.48904648423194885,-0.1865801215171814,0.5978251993656158,-0.19511812925338745,0.6883215606212616,-0.062471628189086914,0.24930503964424133,-0.04023236036300659,0.4986330568790436,-0.035939157009124756,0.6290242373943329,-0.027110755443572998,0.7194443643093109,0.02227306365966797,0.24655289947986603,0.014732062816619873,0.49370649456977844,-0.025740087032318115,0.4676078259944916,-0.03849858045578003,0.4019413888454437,0.08865022659301758,0.2500666528940201,0.06165963411331177,0.4280215799808502,0.027110159397125244,0.40246933698654175,0.01751267910003662,0.3470524251461029,0.0,0.0,0.0,0.0,0.0,0.0,0.0,0.0,0.0,0.0,0.0,0.0,0.0,0.0,0.0,0.0,0.0,0.0,0.0,0.0,0.0,0.0,0.0,0.0,0.0,0.0,0.0,0.0,0.0,0.0,0.0,0.0,0.0,0.0,0.0,0.0,0.0,0.0,0.0,0.0,0.0,0.0
0.0,0.0,-0.10540372133255005,0.09903831779956818,-0.134985089302063,0.2773567736148834,-0.0960226058959961,0.42336374521255493,-0.04248332977294922,0.5110460221767426,-0.15121108293533325,0.2527335286140442,-0.17588984966278076,0.4871978163719177,-0.18593043088912964,0.5956121981143951,-0.19461572170257568,0.6859786808490753,-0.06181281805038452,0.245070219039917,-0.04098135232925415,0.4957652688026428,-0.03683626651763916,0.6253361403942108,-0.028360486030578613,0.7151178419589996,0.022474825382232666,0.2420864701271057,0.014011561870574951,0.4871971309185028,-0.02554452419281006,0.45636019110679626,-0.037936270236968994,0.3871898055076599,0.08944302797317505,0.24650640785694122,0.06261414289474487,0.42528030276298523,0.03003019094467163,0.39653149247169495,0.021938800811767578,0.33854517340660095,0.0,0.0,0.0,0.0,0.0,0.0,0.0,0.0,0.0,0.0,0.0,0.0,0.0,0.0,0.0,0.0,0.0,0.0,0.0,0.0,0.0,0.0,0.0,0.0,0.0,0.0,0.0,0.0,0.0,0.0,0.0,0.0,0.0,0.0,0.0,0.0,0.0,0.0,0.0,0.0,0.0,0.0
0.0,0.0,-0.1016777753829956,0.10034690797328949,-0.1292988657951355,0.27614492177963257,-0.0905991792678833,0.4220842719078064,-0.04171198606491089,0.5144500732421875,-0.15159541368484497,0.2550373673439026,-0.1729433536529541,0.4882543385028839,-0.1822940707206726,0.5978277325630188,-0.19059836864471436,0.6886387467384338,-0.06354832649230957,0.24563871324062347,-0.040968358516693115,0.49419426918029785,-0.033954501152038574,0.6259598135948181,-0.023961961269378662,0.7176833748817444,0.021405160427093506,0.2411969155073166,0.016703248023986816,0.4851432144641876,-0.020173966884613037,0.4561970829963684,-0.03218960762023926,0.3894016742706299,0.09065884351730347,0.2438596785068512,0.06686055660247803,0.4208698868751526,0.035434722900390625,0.391681969165802,0.027213752269744873,0.33449044823646545,0.0,0.0,0.0,0.0,0.0,0.0,0.0,0.0,0.0,0.0,0.0,0.0,0.0,0.0,0.0,0.0,0.0,0.0,0.0,0.0,0.0,0.0,0.0,0.0,0.0,0.0,0.0,0.0,0.0,0.0,0.0,0.0,0.0,0.0,0.0,0.0,0.0,0.0,0.0,0.0,0.0,0.0
0.0,0.0,-0.10250818729400635,0.10178789496421814,-0.12961196899414062,0.27698326110839844,-0.08940386772155762,0.42190566658973694,-0.03747546672821045,0.511193722486496,-0.15015161037445068,0.25242777168750763,-0.17370039224624634,0.48675811290740967,-0.1832873821258545,0.5970526039600372,-0.19083106517791748,0.6883193552494049,-0.061766624450683594,0.24315296113491058,-0.04107707738876343,0.49381986260414124,-0.03468066453933716,0.6258761584758759,-0.02398782968521118,0.7167910635471344,0.022868633270263672,0.23973676562309265,0.015924453735351562,0.4895991384983063,-0.024571239948272705,0.46611809730529785,-0.03838217258453369,0.40138182044029236,0.09096944332122803,0.24349310994148254,0.06616592407226562,0.422676146030426,0.03173816204071045,0.3989875316619873,0.021258175373077393,0.3453754484653473,0.0,0.0,0.0,0.0,0.0,0.0,0.0,0.0,0.0,0.0,0.0,0.0,0.0,0.0,0.0,0.0,0.0,0.0,0.0,0.0,0.0,0.0,0.0,0.0,0.0,0.0,0.0,0.0,0.0,0.0,0.0,0.0,0.0,0.0,0.0,0.0,0.0,0.0,0.0,0.0,0.0,0.0
0.0,0.0,-0.10242462158203125,0.1009419858455658,-0.13078367710113525,0.27532394230365753,-0.0935511589050293,0.42154231667518616,-0.04344528913497925,0.5128783583641052,-0.14895296096801758,0.25243330001831055,-0.17185568809509277,0.4865211546421051,-0.1812683343887329,0.5961626470088959,-0.18916845321655273,0.6862783133983612,-0.06033933162689209,0.24214614927768707,-0.038389742374420166,0.49241217970848083,-0.03308528661727905,0.62418994307518,-0.024311363697052002,0.7147100269794464,0.02406764030456543,0.2382221519947052,0.017383038997650146,0.48680049180984497,-0.02188122272491455,0.46475306153297424,-0.035292863845825195,0.4005946218967438,0.09185671806335449,0.24202293157577515,0.06707662343978882,0.4223741292953491,0.033297181129455566,0.3991156220436096,0.023070693016052246,0.34489136934280396,0.0,0.0,0.0,0.0,0.0,0.0,0.0,0.0,0.0,0.0,0.0,0.0,0.0,0.0,0.0,0.0,0.0,0.0,0.0,0.0,0.0,0.0,0.0,0.0,0.0,0.0,0.0,0.0,0.0,0.0,0.0,0.0,0.0,0.0,0.0,0.0,0.0,0.0,0.0,0.0,0.0,0.0
0.0,0.0,-0.1024407148361206,0.10179759562015533,-0.12894737720489502,0.2769809067249298,-0.09026890993118286,0.4223969280719757,-0.039793193340301514,0.5133850872516632,-0.14898008108139038,0.2534734755754471,-0.17163431644439697,0.4864378273487091,-0.18125855922698975,0.5957027971744537,-0.18958348035812378,0.6863340437412262,-0.06043630838394165,0.24434486031532288,-0.03838437795639038,0.49343082308769226,-0.033333659172058105,0.6250293552875519,-0.024429619312286377,0.7163355648517609,0.024009227752685547,0.24066999554634094,0.0176008939743042,0.48865416646003723,-0.0224001407623291,0.4645000398159027,-0.035867512226104736,0.39897385239601135,0.09177953004837036,0.24445340037345886,0.0672379732131958,0.4245416224002838,0.03298920392990112,0.40082281827926636,0.02274841070175171,0.3463784456253052,0.0,0.0,0.0,0.0,0.0,0.0,0.0,0.0,0.0,0.0,0.0,0.0,0.0,0.0,0.0,0.0,0.0,0.0,0.0,0.0,0.0,0.0,0.0,0.0,0.0,0.0,0.0,0.0,0.0,0.0,0.0,0.0,0.0,0.0,0.0,0.0,0.0,0.0,0.0,0.0,0.0,0.0
0.0,0.0,-0.10176289081573486,0.10130582749843597,-0.12908786535263062,0.27443692088127136,-0.09215068817138672,0.41842225193977356,-0.042319536209106445,0.5086533725261688,-0.148901104927063,0.2519353926181793,-0.17199862003326416,0.48570695519447327,-0.18171513080596924,0.594716876745224,-0.18987631797790527,0.6848741471767426,-0.06049412488937378,0.24278515577316284,-0.03960698843002319,0.4928251802921295,-0.034507155418395996,0.6238894760608673,-0.025699496269226074,0.7142335474491119,0.023619353771209717,0.23873329162597656,0.01629561185836792,0.4861048758029938,-0.02320265769958496,0.4627596437931061,-0.036660730838775635,0.3970731794834137,0.09120434522628784,0.24195677042007446,0.06623423099517822,0.4219730794429779,0.03240460157394409,0.3989693224430084,0.022161364555358887,0.34440115094184875,0.0,0.0,0.0,0.0,0.0,0.0,0.0,0.0,0.0,0.0,0.0,0.0,0.0,0.0,0.0,0.0,0.0,0.0,0.0,0.0,0.0,0.0,0.0,0.0,0.0,0.0,0.0,0.0,0.0,0.0,0.0,0.0,0.0,0.0,0.0,0.0,0.0,0.0,0.0,0.0,0.0,0.0
0.0,0.0,-0.10224825143814087,0.10167180001735687,-0.12977254390716553,0.27564893662929535,-0.09308725595474243,0.4196612238883972,-0.04435992240905762,0.5120552778244019,-0.14733564853668213,0.24973253905773163,-0.17118006944656372,0.48417043685913086,-0.1809401512145996,0.5932207703590393,-0.18925487995147705,0.6834101676940918,-0.05870169401168823,0.24017980694770813,-0.03754258155822754,0.49099332094192505,-0.0330466628074646,0.6220322251319885,-0.024974465370178223,0.7123451828956604,0.025668680667877197,0.23656199872493744,0.017625927925109863,0.48446500301361084,-0.02216285467147827,0.46025410294532776,-0.03576260805130005,0.3946959972381592,0.09345978498458862,0.24045521020889282,0.06841498613357544,0.4201197326183319,0.03456676006317139,0.3960389494895935,0.02436929941177368,0.34161436557769775,0.0,0.0,0.0,0.0,0.0,0.0,0.0,0.0,0.0,0.0,0.0,0.0,0.0,0.0,0.0,0.0,0.0,0.0,0.0,0.0,0.0,0.0,0.0,0.0,0.0,0.0,0.0,0.0,0.0,0.0,0.0,0.0,0.0,0.0,0.0,0.0,0.0,0.0,0.0,0.0,0.0,0.0
0.0,0.0,-0.10195553302764893,0.10130147635936737,-0.1315658688545227,0.2733147591352463,-0.1006200909614563,0.41704463958740234,-0.05591517686843872,0.5129409432411194,-0.14684832096099854,0.2494964450597763,-0.17290329933166504,0.4832625389099121,-0.18307656049728394,0.5930613279342651,-0.1910269856452942,0.683246910572052,-0.058043599128723145,0.23983986675739288,-0.038636982440948486,0.49161919951438904,-0.03373903036117554,0.6238536238670349,-0.024988770484924316,0.7141234278678894,0.02612382173538208,0.23624277114868164,0.018254876136779785,0.4845595955848694,-0.02195894718170166,0.46224015951156616,-0.03655928373336792,0.3972308337688446,0.09338301420211792,0.240236297249794,0.0681496262550354,0.42042508721351624,0.034074246883392334,0.396321564912796,0.02309638261795044,0.341096431016922,0.0,0.0,0.0,0.0,0.0,0.0,0.0,0.0,0.0,0.0,0.0,0.0,0.0,0.0,0.0,0.0,0.0,0.0,0.0,0.0,0.0,0.0,0.0,0.0,0.0,0.0,0.0,0.0,0.0,0.0,0.0,0.0,0.0,0.0,0.0,0.0,0.0,0.0,0.0,0.0,0.0,0.0
0.0,0.0,-0.10166120529174805,0.10245397686958313,-0.12762141227722168,0.27532127499580383,-0.08960235118865967,0.4188147187232971,-0.03772038221359253,0.5052281618118286,-0.1464521288871765,0.2508268654346466,-0.17081695795059204,0.4852321147918701,-0.1795945167541504,0.5951470136642456,-0.1860761046409607,0.6845316290855408,-0.05796408653259277,0.23988518118858337,-0.03823208808898926,0.49210086464881897,-0.03241109848022461,0.6248442530632019,-0.02286630868911743,0.7148275971412659,0.026430845260620117,0.23572713136672974,0.020025253295898438,0.4862208366394043,-0.019732952117919922,0.4660704433917999,-0.03433901071548462,0.4011214077472687,0.09407252073287964,0.23954150080680847,0.06959670782089233,0.4215717911720276,0.035336971282958984,0.3986995816230774,0.024158239364624023,0.3432903587818146,0.0,0.0,0.0,0.0,0.0,0.0,0.0,0.0,0.0,0.0,0.0,0.0,0.0,0.0,0.0,0.0,0.0,0.0,0.0,0.0,0.0,0.0,0.0,0.0,0.0,0.0,0.0,0.0,0.0,0.0,0.0,0.0,0.0,0.0,0.0,0.0,0.0,0.0,0.0,0.0,0.0,0.0
0.0,0.0,-0.10140031576156616,0.10072946548461914,-0.12911206483840942,0.2742302119731903,-0.09366875886917114,0.4194749891757965,-0.04536718130111694,0.5100497007369995,-0.14730221033096313,0.25232258439064026,-0.1711379885673523,0.487582802772522,-0.1798422932624817,0.597241222858429,-0.18686169385910034,0.6875817179679871,-0.058996737003326416,0.24256354570388794,-0.03797680139541626,0.49429023265838623,-0.031653523445129395,0.6257604956626892,-0.021674394607543945,0.715753972530365,0.025404632091522217,0.2383541464805603,0.018455028533935547,0.48816758394241333,-0.021175622940063477,0.46411651372909546,-0.03494328260421753,0.39755281805992126,0.09308558702468872,0.24197348952293396,0.0688353180885315,0.4233824610710144,0.035281360149383545,0.39960193634033203,0.02490943670272827,0.34458044171333313,0.0,0.0,0.0,0.0,0.0,0.0,0.0,0.0,0.0,0.0,0.0,0.0,0.0,0.0,0.0,0.0,0.0,0.0,0.0,0.0,0.0,0.0,0.0,0.0,0.0,0.0,0.0,0.0,0.0,0.0,0.0,0.0,0.0,0.0,0.0,0.0,0.0,0.0,0.0,0.0,0.0,0.0
0.0,0.0,-0.10135942697525024,0.10213184356689453,-0.12840324640274048,0.2761166989803314,-0.0904732346534729,0.42052161693573,-0.04059743881225586,0.5089016258716583,-0.14807593822479248,0.25447919964790344,-0.16981828212738037,0.4895758032798767,-0.1782504916191101,0.5995098948478699,-0.18527114391326904,0.689762532711029,-0.05962115526199341,0.24376489222049713,-0.036623239517211914,0.4952830970287323,-0.028781652450561523,0.6270392537117004,-0.018021702766418457,0.7173399329185486,0.025006651878356934,0.23887468874454498,0.019481658935546875,0.4877724349498749,-0.01854264736175537,0.46487241983413696,-0.03145855665206909,0.39962124824523926,0.09336191415786743,0.24171079695224762,0.07054239511489868,0.4235777258872986,0.0377730131149292,0.3992542326450348,0.027953684329986572,0.34343329071998596,0.0,0.0,0.0,0.0,0.0,0.0,0.0,0.0,0.0,0.0,0.0,0.0,0.0,0.0,0.0,0.0,0.0,0.0,0.0,0.0,0.0,0.0,0.0,0.0,0.0,0.0,0.0,0.0,0.0,0.0,0.0,0.0,0.0,0.0,0.0,0.0,0.0,0.0,0.0,0.0,0.0,0.0
0.0,0.0,-0.1016538143157959,0.10242065787315369,-0.12735313177108765,0.28082895278930664,-0.08653825521469116,0.429170161485672,-0.03661608695983887,0.5215117335319519,-0.14807087182998657,0.2551608979701996,-0.16981011629104614,0.4908409118652344,-0.17817097902297974,0.6009107530117035,-0.18507784605026245,0.691769927740097,-0.05961102247238159,0.2450081706047058,-0.0356525182723999,0.49819013476371765,-0.02673429250717163,0.6298422515392303,-0.01448822021484375,0.7205465137958527,0.025059878826141357,0.24051538109779358,0.01987367868423462,0.48813673853874207,-0.017627596855163574,0.4588899314403534,-0.029438257217407227,0.3916017413139343,0.09320187568664551,0.24375443160533905,0.06957030296325684,0.4228839576244354,0.03759664297103882,0.3941992521286011,0.029052257537841797,0.33771252632141113,0.0,0.0,0.0,0.0,0.0,0.0,0.0,0.0,0.0,0.0,0.0,0.0,0.0,0.0,0.0,0.0,0.0,0.0,0.0,0.0,0.0,0.0,0.0,0.0,0.0,0.0,0.0,0.0,0.0,0.0,0.0,0.0,0.0,0.0,0.0,0.0,0.0,0.0,0.0,0.0,0.0,0.0
0.0,0.0,-0.10102379322052002,0.10337482392787933,-0.1273101568222046,0.2800957262516022,-0.08681398630142212,0.42641976475715637,-0.03618466854095459,0.5176457166671753,-0.14846080541610718,0.25694887340068817,-0.170107901096344,0.49236059188842773,-0.17815613746643066,0.602216362953186,-0.18464404344558716,0.6933803558349609,-0.060563862323760986,0.24573850631713867,-0.036086082458496094,0.49845099449157715,-0.02708292007446289,0.6299904584884644,-0.014654815196990967,0.7206590175628662,0.023953497409820557,0.24035927653312683,0.019487440586090088,0.4883934259414673,-0.018288791179656982,0.4610182046890259,-0.030273735523223877,0.39433857798576355,0.09242266416549683,0.2434764802455902,0.06987476348876953,0.4248618483543396,0.03774118423461914,0.39872369170188904,0.028741002082824707,0.3430945575237274,0.0,0.0,0.0,0.0,0.0,0.0,0.0,0.0,0.0,0.0,0.0,0.0,0.0,0.0,0.0,0.0,0.0,0.0,0.0,0.0,0.0,0.0,0.0,0.0,0.0,0.0,0.0,0.0,0.0,0.0,0.0,0.0,0.0,0.0,0.0,0.0,0.0,0.0,0.0,0.0,0.0,0.0
0.0,0.0,-0.10204958915710449,0.10294941067695618,-0.12698757648468018,0.2803896963596344,-0.08363217115402222,0.42686671018600464,-0.03266364336013794,0.5182158946990967,-0.14880430698394775,0.2573075294494629,-0.1690669059753418,0.49237120151519775,-0.17746466398239136,0.6025840044021606,-0.18418753147125244,0.6938366293907166,-0.059726715087890625,0.2471989393234253,-0.03530853986740112,0.4996195435523987,-0.02611762285232544,0.6309608817100525,-0.013779163360595703,0.7224077582359314,0.02537691593170166,0.24241481721401215,0.020376503467559814,0.4900476336479187,-0.016608476638793945,0.4617518186569214,-0.028032779693603516,0.39639464020729065,0.09345656633377075,0.2446495145559311,0.06916767358779907,0.42322808504104614,0.03743046522140503,0.39454370737075806,0.0292549729347229,0.338445782661438,0.0,0.0,0.0,0.0,0.0,0.0,0.0,0.0,0.0,0.0,0.0,0.0,0.0,0.0,0.0,0.0,0.0,0.0,0.0,0.0,0.0,0.0,0.0,0.0,0.0,0.0,0.0,0.0,0.0,0.0,0.0,0.0,0.0,0.0,0.0,0.0,0.0,0.0,0.0,0.0,0.0,0.0
0.0,0.0,-0.09930139780044556,0.10474061965942383,-0.12203770875930786,0.2790984660387039,-0.08016878366470337,0.4247687757015228,-0.030871808528900146,0.5196327567100525,-0.14539724588394165,0.2573798596858978,-0.16544103622436523,0.49730736017227173,-0.1724115014076233,0.6101267337799072,-0.1770837903022766,0.7023261189460754,-0.05591392517089844,0.24739080667495728,-0.02989792823791504,0.5044854283332825,-0.01795971393585205,0.6365458965301514,-0.004177391529083252,0.7269546985626221,0.029381096363067627,0.2430090308189392,0.026471972465515137,0.4944506287574768,-0.01175224781036377,0.47260093688964844,-0.025307655334472656,0.41090014576911926,0.09734249114990234,0.24619169533252716,0.0745038390159607,0.4241849482059479,0.041892409324645996,0.39971864223480225,0.03168684244155884,0.34725406765937805,0.0,0.0,0.0,0.0,0.0,0.0,0.0,0.0,0.0,0.0,0.0,0.0,0.0,0.0,0.0,0.0,0.0,0.0,0.0,0.0,0.0,0.0,0.0,0.0,0.0,0.0,0.0,0.0,0.0,0.0,0.0,0.0,0.0,0.0,0.0,0.0,0.0,0.0,0.0,0.0,0.0,0.0
0.0,0.0,-0.10047310590744019,0.10562346875667572,-0.12429428100585938,0.2806282490491867,-0.08521968126296997,0.42708060145378113,-0.04082787036895752,0.5258963406085968,-0.1441277265548706,0.2593967616558075,-0.16351592540740967,0.5007426738739014,-0.16953980922698975,0.6142511963844299,-0.17356610298156738,0.7080418467521667,-0.05370962619781494,0.24903976917266846,-0.028306424617767334,0.5072344541549683,-0.01640385389328003,0.6384424567222595,-0.0027104616165161133,0.7292812466621399,0.032054781913757324,0.244798943400383,0.028517603874206543,0.4966610372066498,-0.007546484470367432,0.4714687466621399,-0.019155561923980713,0.4070781469345093,0.09979385137557983,0.2476719319820404,0.077159583568573,0.43001189827919006,0.0462527871131897,0.4050515294075012,0.03732579946517944,0.3511877954006195,0.0,0.0,0.0,0.0,0.0,0.0,0.0,0.0,0.0,0.0,0.0,0.0,0.0,0.0,0.0,0.0,0.0,0.0,0.0,0.0,0.0,0.0,0.0,0.0,0.0,0.0,0.0,0.0,0.0,0.0,0.0,0.0,0.0,0.0,0.0,0.0,0.0,0.0,0.0,0.0,0.0,0.0
0.0,0.0,-0.10004574060440063,0.1075470894575119,-0.12687265872955322,0.2848730981349945,-0.09526997804641724,0.4334755539894104,-0.05649280548095703,0.5358447134494781,-0.14239251613616943,0.2613106667995453,-0.1621989607810974,0.5009399354457855,-0.1695755124092102,0.6129792630672455,-0.17502588033676147,0.7054614126682281,-0.0528184175491333,0.24959197640419006,-0.02769392728805542,0.5058398842811584,-0.01578688621520996,0.6363897621631622,-0.0009608268737792969,0.7261075079441071,0.03257584571838379,0.24392440915107727,0.030218124389648438,0.49584779143333435,-0.006544768810272217,0.4703645408153534,-0.018497884273529053,0.40401691198349,0.10013288259506226,0.2459017038345337,0.07959377765655518,0.4313945174217224,0.04875469207763672,0.40767231583595276,0.04010772705078125,0.35297471284866333,0.0,0.0,0.0,0.0,0.0,0.0,0.0,0.0,0.0,0.0,0.0,0.0,0.0,0.0,0.0,0.0,0.0,0.0,0.0,0.0,0.0,0.0,0.0,0.0,0.0,0.0,0.0,0.0,0.0,0.0,0.0,0.0,0.0,0.0,0.0,0.0,0.0,0.0,0.0,0.0,0.0,0.0
0.0,0.0,-0.10097646713256836,0.1084425300359726,-0.13014841079711914,0.28382372856140137,-0.10371607542037964,0.4326171576976776,-0.07020008563995361,0.5375060737133026,-0.142747163772583,0.2602825164794922,-0.1632157564163208,0.501485675573349,-0.17098981142044067,0.6140173375606537,-0.1765589714050293,0.7054900825023651,-0.053002893924713135,0.2461097538471222,-0.028193950653076172,0.50236576795578,-0.015559673309326172,0.6332784593105316,-0.00045800209045410156,0.7226484715938568,0.03241395950317383,0.2393038421869278,0.03126323223114014,0.49288254976272583,-0.005143165588378906,0.4709077775478363,-0.0179482102394104,0.40634509921073914,0.09952360391616821,0.24061253666877747,0.08068519830703735,0.4281974732875824,0.04918390512466431,0.40738940238952637,0.038786351680755615,0.35403573513031006,0.0,0.0,0.0,0.0,0.0,0.0,0.0,0.0,0.0,0.0,0.0,0.0,0.0,0.0,0.0,0.0,0.0,0.0,0.0,0.0,0.0,0.0,0.0,0.0,0.0,0.0,0.0,0.0,0.0,0.0,0.0,0.0,0.0,0.0,0.0,0.0,0.0,0.0,0.0,0.0,0.0,0.0
0.0,0.0,-0.10112380981445312,0.10919438302516937,-0.12697815895080566,0.2882896363735199,-0.09682166576385498,0.43744200468063354,-0.06473100185394287,0.54121994972229,-0.1401112675666809,0.26036933064460754,-0.15998083353042603,0.5023992657661438,-0.16914629936218262,0.6143444776535034,-0.1757059097290039,0.705653727054596,-0.05028623342514038,0.24563801288604736,-0.025743424892425537,0.5021475553512573,-0.012565135955810547,0.6336805820465088,0.004266262054443359,0.7248867750167847,0.03474348783493042,0.23835361003875732,0.032811522483825684,0.49121809005737305,-0.004328608512878418,0.4668624997138977,-0.01700305938720703,0.40174680948257446,0.10160863399505615,0.23906531929969788,0.08214771747589111,0.42674964666366577,0.05052846670150757,0.4030124843120575,0.04077869653701782,0.34736546874046326,0.0,0.0,0.0,0.0,0.0,0.0,0.0,0.0,0.0,0.0,0.0,0.0,0.0,0.0,0.0,0.0,0.0,0.0,0.0,0.0,0.0,0.0,0.0,0.0,0.0,0.0,0.0,0.0,0.0,0.0,0.0,0.0,0.0,0.0,0.0,0.0,0.0,0.0,0.0,0.0,0.0,0.0
0.0,0.0,-0.10111570358276367,0.1091623306274414,-0.12589186429977417,0.28911831974983215,-0.09345614910125732,0.43690431118011475,-0.057820677757263184,0.5403580367565155,-0.13787424564361572,0.2599252462387085,-0.16214776039123535,0.5007888376712799,-0.17345190048217773,0.6133131682872772,-0.18206501007080078,0.704618901014328,-0.04910123348236084,0.24524745345115662,-0.024567604064941406,0.5017758309841156,-0.011268913745880127,0.6332755982875824,0.004893243312835693,0.7240299880504608,0.03568863868713379,0.23798322677612305,0.036168456077575684,0.4886694550514221,0.001100778579711914,0.46001511812210083,-0.010753870010375977,0.393262654542923,0.10201805830001831,0.23806187510490417,0.0839962363243103,0.4247101843357086,0.05414503812789917,0.3979112207889557,0.04595661163330078,0.34120360016822815,0.0,0.0,0.0,0.0,0.0,0.0,0.0,0.0,0.0,0.0,0.0,0.0,0.0,0.0,0.0,0.0,0.0,0.0,0.0,0.0,0.0,0.0,0.0,0.0,0.0,0.0,0.0,0.0,0.0,0.0,0.0,0.0,0.0,0.0,0.0,0.0,0.0,0.0,0.0,0.0,0.0,0.0
0.0,0.0,-0.10107052326202393,0.11044648289680481,-0.1332201361656189,0.29222679138183594,-0.10576736927032471,0.4405060112476349,-0.06208324432373047,0.5294705927371979,-0.14250081777572632,0.26888686418533325,-0.1690131425857544,0.5035573244094849,-0.1807260513305664,0.6143313646316528,-0.18866616487503052,0.7059229016304016,-0.05156826972961426,0.25487202405929565,-0.02742666006088257,0.5076825618743896,-0.014087557792663574,0.6396294236183167,0.00397568941116333,0.7305958271026611,0.0345425009727478,0.24633058905601501,0.0351032018661499,0.4907728433609009,-0.002015829086303711,0.46213388442993164,-0.014206945896148682,0.3929390013217926,0.10114997625350952,0.24600139260292053,0.08221960067749023,0.43325987458229065,0.0519222617149353,0.40706342458724976,0.04364210367202759,0.3465300500392914,0.0,0.0,0.0,0.0,0.0,0.0,0.0,0.0,0.0,0.0,0.0,0.0,0.0,0.0,0.0,0.0,0.0,0.0,0.0,0.0,0.0,0.0,0.0,0.0,0.0,0.0,0.0,0.0,0.0,0.0,0.0,0.0,0.0,0.0,0.0,0.0,0.0,0.0,0.0,0.0,0.0,0.0
0.0,0.0,-0.10195565223693848,0.10989437997341156,-0.1332753300666809,0.28892019391059875,-0.10453623533248901,0.4342527985572815,-0.06360894441604614,0.5260098874568939,-0.1439710259437561,0.2703918069601059,-0.1702614426612854,0.5040755271911621,-0.18094295263290405,0.614792674779892,-0.18808245658874512,0.706122487783432,-0.05341106653213501,0.25887878239154816,-0.02652120590209961,0.5113493800163269,-0.015389800071716309,0.6414094269275665,0.00010770559310913086,0.7313232719898224,0.03269428014755249,0.25255970656871796,0.03433334827423096,0.4979971945285797,-0.0030212998390197754,0.46808061003685,-0.015067994594573975,0.39912062883377075,0.09952104091644287,0.2537870407104492,0.08063435554504395,0.4371066093444824,0.049105167388916016,0.4115402102470398,0.04001373052597046,0.35340169072151184,0.0,0.0,0.0,0.0,0.0,0.0,0.0,0.0,0.0,0.0,0.0,0.0,0.0,0.0,0.0,0.0,0.0,0.0,0.0,0.0,0.0,0.0,0.0,0.0,0.0,0.0,0.0,0.0,0.0,0.0,0.0,0.0,0.0,0.0,0.0,0.0,0.0,0.0,0.0,0.0,0.0,0.0
0.0,0.0,-0.09917312860488892,0.10938440263271332,-0.130498468875885,0.2875349819660187,-0.1054503321647644,0.43512728810310364,-0.07082712650299072,0.5348356366157532,-0.13975918292999268,0.267697349190712,-0.16678351163864136,0.5067096054553986,-0.17785227298736572,0.618277907371521,-0.18526321649551392,0.7101128101348877,-0.04975682497024536,0.2565009891986847,-0.024352610111236572,0.5097449421882629,-0.013766646385192871,0.638313353061676,0.0011705756187438965,0.7273767590522766,0.03568369150161743,0.25043389201164246,0.03709131479263306,0.49898189306259155,-0.003027021884918213,0.4725540578365326,-0.017125427722930908,0.40589746832847595,0.1019945740699768,0.2513813376426697,0.08070409297943115,0.43412309885025024,0.04715371131896973,0.411678671836853,0.036602795124053955,0.3564307987689972,0.0,0.0,0.0,0.0,0.0,0.0,0.0,0.0,0.0,0.0,0.0,0.0,0.0,0.0,0.0,0.0,0.0,0.0,0.0,0.0,0.0,0.0,0.0,0.0,0.0,0.0,0.0,0.0,0.0,0.0,0.0,0.0,0.0,0.0,0.0,0.0,0.0,0.0,0.0,0.0,0.0,0.0
0.0,0.0,-0.10124450922012329,0.10737290978431702,-0.13551026582717896,0.28524264693260193,-0.11379283666610718,0.43432068824768066,-0.08356446027755737,0.5357407331466675,-0.14161616563796997,0.2634899467229843,-0.1684795618057251,0.5012601315975189,-0.1791236400604248,0.6129294633865356,-0.18567371368408203,0.7045761346817017,-0.051036953926086426,0.2533984035253525,-0.027732908725738525,0.5066914558410645,-0.015010952949523926,0.636618971824646,0.0031225085258483887,0.7265596985816956,0.034640610218048096,0.24813644587993622,0.03481602668762207,0.49549585580825806,-0.0037973523139953613,0.46714696288108826,-0.016296982765197754,0.39908209443092346,0.10132479667663574,0.24952077865600586,0.08045965433120728,0.43401026725769043,0.047861337661743164,0.4106106460094452,0.03852444887161255,0.3540286719799042,0.0,0.0,0.0,0.0,0.0,0.0,0.0,0.0,0.0,0.0,0.0,0.0,0.0,0.0,0.0,0.0,0.0,0.0,0.0,0.0,0.0,0.0,0.0,0.0,0.0,0.0,0.0,0.0,0.0,0.0,0.0,0.0,0.0,0.0,0.0,0.0,0.0,0.0,0.0,0.0,0.0,0.0
0.0,0.0,-0.09769558906555176,0.10743074119091034,-0.12968939542770386,0.2777329981327057,-0.10615253448486328,0.4236026108264923,-0.07517552375793457,0.5242080688476562,-0.14292573928833008,0.26735836267471313,-0.16574156284332275,0.5077078938484192,-0.17360389232635498,0.620402991771698,-0.1773064136505127,0.7116292119026184,-0.05353790521621704,0.25536638498306274,-0.025815069675445557,0.5091240108013153,-0.01098710298538208,0.637664258480072,0.005984365940093994,0.7261236310005188,0.03169441223144531,0.24870654940605164,0.035593390464782715,0.4930703639984131,0.0008767247200012207,0.4692162871360779,-0.011579573154449463,0.4052940011024475,0.09921610355377197,0.2486497461795807,0.08269000053405762,0.4289235472679138,0.05275905132293701,0.40738487243652344,0.04232335090637207,0.35453227162361145,0.0,0.0,0.0,0.0,0.0,0.0,0.0,0.0,0.0,0.0,0.0,0.0,0.0,0.0,0.0,0.0,0.0,0.0,0.0,0.0,0.0,0.0,0.0,0.0,0.0,0.0,0.0,0.0,0.0,0.0,0.0,0.0,0.0,0.0,0.0,0.0,0.0,0.0,0.0,0.0,0.0,0.0
0.0,0.0,-0.09902048110961914,0.109916090965271,-0.13242560625076294,0.27825820446014404,-0.10885864496231079,0.41950732469558716,-0.0734325647354126,0.5196205675601959,-0.14006054401397705,0.27201104164123535,-0.15960675477981567,0.5099621713161469,-0.16786342859268188,0.622946172952652,-0.17261266708374023,0.7147689759731293,-0.048855721950531006,0.2588825672864914,-0.023420989513397217,0.509166806936264,-0.010767221450805664,0.6405245363712311,0.005558013916015625,0.7303815186023712,0.036643922328948975,0.25184057652950287,0.03607332706451416,0.4957224428653717,-0.002855956554412842,0.48166659474372864,-0.017311036586761475,0.4228210151195526,0.10395216941833496,0.25146281719207764,0.08504468202590942,0.43697336316108704,0.05101442337036133,0.42300358414649963,0.03742539882659912,0.3736903965473175,0.0,0.0,0.0,0.0,0.0,0.0,0.0,0.0,0.0,0.0,0.0,0.0,0.0,0.0,0.0,0.0,0.0,0.0,0.0,0.0,0.0,0.0,0.0,0.0,0.0,0.0,0.0,0.0,0.0,0.0,0.0,0.0,0.0,0.0,0.0,0.0,0.0,0.0,0.0,0.0,0.0,0.0
0.0,0.0,-0.09883290529251099,0.10795614123344421,-0.13032054901123047,0.2771335244178772,-0.10250574350357056,0.420308381319046,-0.06379371881484985,0.5158295035362244,-0.14244818687438965,0.269946426153183,-0.16322201490402222,0.5103238821029663,-0.17063122987747192,0.6242218017578125,-0.1746019721031189,0.716380774974823,-0.052050888538360596,0.2565211355686188,-0.024516701698303223,0.5098493993282318,-0.010355591773986816,0.6396229267120361,0.006265044212341309,0.7285153865814209,0.03389400243759155,0.248942568898201,0.037775516510009766,0.4919460415840149,0.0023509860038757324,0.46785038709640503,-0.010322034358978271,0.4031575620174408,0.10190361738204956,0.24720819294452667,0.08597064018249512,0.4307475686073303,0.05560523271560669,0.4083022177219391,0.045429527759552,0.35395124554634094,0.0,0.0,0.0,0.0,0.0,0.0,0.0,0.0,0.0,0.0,0.0,0.0,0.0,0.0,0.0,0.0,0.0,0.0,0.0,0.0,0.0,0.0,0.0,0.0,0.0,0.0,0.0,0.0,0.0,0.0,0.0,0.0,0.0,0.0,0.0,0.0,0.0,0.0,0.0,0.0,0.0,0.0
0.0,0.0,-0.09895831346511841,0.11096417903900146,-0.13221019506454468,0.28509071469306946,-0.1097642183303833,0.43091055750846863,-0.07811081409454346,0.5368365943431854,-0.1421915888786316,0.27830347418785095,-0.1582919955253601,0.5189100801944733,-0.16365760564804077,0.631724089384079,-0.1650901436805725,0.7234196364879608,-0.05088096857070923,0.26400116086006165,-0.020646512508392334,0.5177038908004761,-0.005937695503234863,0.6457724273204803,0.012812495231628418,0.7329269349575043,0.03511762619018555,0.2543545961380005,0.037841856479644775,0.49558237195014954,0.0013049840927124023,0.47216343879699707,-0.010866999626159668,0.40953442454338074,0.10342657566070557,0.25185148417949677,0.08716326951980591,0.43851473927497864,0.05639106035232544,0.4186857044696808,0.04578059911727905,0.36530327796936035,0.0,0.0,0.0,0.0,0.0,0.0,0.0,0.0,0.0,0.0,0.0,0.0,0.0,0.0,0.0,0.0,0.0,0.0,0.0,0.0,0.0,0.0,0.0,0.0,0.0,0.0,0.0,0.0,0.0,0.0,0.0,0.0,0.0,0.0,0.0,0.0,0.0,0.0,0.0,0.0,0.0,0.0
0.0,0.0,-0.0999295711517334,0.10958018898963928,-0.13367652893066406,0.28221821784973145,-0.11343270540237427,0.4286527633666992,-0.08373916149139404,0.5365828573703766,-0.1459375023841858,0.2810279428958893,-0.15868395566940308,0.5223703682422638,-0.1636640429496765,0.6359677016735077,-0.16491562128067017,0.7288909256458282,-0.0546908974647522,0.2673133909702301,-0.021684467792510986,0.5199083387851715,-0.005685091018676758,0.6484588086605072,0.01342761516571045,0.7363243997097015,0.03189361095428467,0.25761106610298157,0.039104580879211426,0.49541017413139343,0.004028260707855225,0.47003790736198425,-0.008170783519744873,0.40676143765449524,0.10107111930847168,0.2544783353805542,0.08715111017227173,0.4367547631263733,0.05764961242675781,0.41345393657684326,0.04729616641998291,0.3586995601654053,0.0,0.0,0.0,0.0,0.0,0.0,0.0,0.0,0.0,0.0,0.0,0.0,0.0,0.0,0.0,0.0,0.0,0.0,0.0,0.0,0.0,0.0,0.0,0.0,0.0,0.0,0.0,0.0,0.0,0.0,0.0,0.0,0.0,0.0,0.0,0.0,0.0,0.0,0.0,0.0,0.0,0.0
0.0,0.0,-0.10007166862487793,0.11076816916465759,-0.13304585218429565,0.28878310322761536,-0.11355537176132202,0.43621009588241577,-0.08325117826461792,0.5453971326351166,-0.1458774209022522,0.29487115144729614,-0.15794718265533447,0.5274085700511932,-0.16114729642868042,0.6414912045001984,-0.1604304313659668,0.7343216836452484,-0.05619758367538452,0.28053534030914307,-0.01894843578338623,0.5287653505802155,0.0004958510398864746,0.654335230588913,0.022422850131988525,0.7403889000415802,0.029553651809692383,0.2677164375782013,0.041316330432891846,0.49572592973709106,0.008654356002807617,0.4584750831127167,-0.0031134486198425293,0.3915114998817444,0.09909051656723022,0.25927580893039703,0.08941930532455444,0.4413573443889618,0.06471139192581177,0.4078989326953888,0.056597888469696045,0.3471619784832001,0.0,0.0,0.0,0.0,0.0,0.0,0.0,0.0,0.0,0.0,0.0,0.0,0.0,0.0,0.0,0.0,0.0,0.0,0.0,0.0,0.0,0.0,0.0,0.0,0.0,0.0,0.0,0.0,0.0,0.0,0.0,0.0,0.0,0.0,0.0,0.0,0.0,0.0,0.0,0.0,0.0,0.0
0.0,0.0,-0.10118192434310913,0.1118827760219574,-0.13418233394622803,0.29061359167099,-0.11200261116027832,0.4379175305366516,-0.07482898235321045,0.5424239635467529,-0.14175325632095337,0.29508286714553833,-0.1549152135848999,0.5250511765480042,-0.16012150049209595,0.6375970244407654,-0.16138559579849243,0.729385495185852,-0.05012524127960205,0.28368744254112244,-0.016571223735809326,0.5266231894493103,0.0004152059555053711,0.653937816619873,0.022505879402160645,0.7400869131088257,0.035966336727142334,0.2721318006515503,0.043040692806243896,0.4954398572444916,0.00524449348449707,0.46157586574554443,-0.007930517196655273,0.39513540267944336,0.10396844148635864,0.26489996910095215,0.09019666910171509,0.4442576467990875,0.06195485591888428,0.41534721851348877,0.052879273891448975,0.3567503094673157,0.0,0.0,0.0,0.0,0.0,0.0,0.0,0.0,0.0,0.0,0.0,0.0,0.0,0.0,0.0,0.0,0.0,0.0,0.0,0.0,0.0,0.0,0.0,0.0,0.0,0.0,0.0,0.0,0.0,0.0,0.0,0.0,0.0,0.0,0.0,0.0,0.0,0.0,0.0,0.0,0.0,0.0
0.0,0.0,-0.1001099944114685,0.11168423295021057,-0.1338626742362976,0.28670066595077515,-0.11421799659729004,0.43170979619026184,-0.08215314149856567,0.5383740663528442,-0.1441667675971985,0.28807514905929565,-0.15728390216827393,0.5218603014945984,-0.16055625677108765,0.6367944478988647,-0.16006189584732056,0.7295127511024475,-0.05294007062911987,0.2755871117115021,-0.017496466636657715,0.521908700466156,0.0016897916793823242,0.6506019234657288,0.023573338985443115,0.7369524240493774,0.03317803144454956,0.26516827940940857,0.04170095920562744,0.4916571378707886,0.006356775760650635,0.45868608355522156,-0.006983935832977295,0.3921622931957245,0.1014677882194519,0.2599899470806122,0.09082770347595215,0.4412497878074646,0.062181174755096436,0.41409140825271606,0.050788044929504395,0.35610032081604004,0.0,0.0,0.0,0.0,0.0,0.0,0.0,0.0,0.0,0.0,0.0,0.0,0.0,0.0,0.0,0.0,0.0,0.0,0.0,0.0,0.0,0.0,0.0,0.0,0.0,0.0,0.0,0.0,0.0,0.0,0.0,0.0,0.0,0.0,0.0,0.0,0.0,0.0,0.0,0.0,0.0,0.0
0.0,0.0,-0.0987553596496582,0.11044840514659882,-0.1313418745994568,0.2858200967311859,-0.11236751079559326,0.43300846219062805,-0.08175581693649292,0.5406859517097473,-0.1432061791419983,0.2908451557159424,-0.15526992082595825,0.5224048495292664,-0.15991604328155518,0.6349852681159973,-0.1605231761932373,0.7275575399398804,-0.052359700202941895,0.27932196855545044,-0.01675659418106079,0.5223897695541382,0.0030379891395568848,0.6497039198875427,0.02621382474899292,0.7361586689949036,0.03372842073440552,0.26791471242904663,0.04283243417739868,0.4888541102409363,0.007825911045074463,0.4545165002346039,-0.005003154277801514,0.38852494955062866,0.10253298282623291,0.2613295912742615,0.08952689170837402,0.4370158612728119,0.06223255395889282,0.4084511995315552,0.05246233940124512,0.3518415093421936,0.0,0.0,0.0,0.0,0.0,0.0,0.0,0.0,0.0,0.0,0.0,0.0,0.0,0.0,0.0,0.0,0.0,0.0,0.0,0.0,0.0,0.0,0.0,0.0,0.0,0.0,0.0,0.0,0.0,0.0,0.0,0.0,0.0,0.0,0.0,0.0,0.0,0.0,0.0,0.0,0.0,0.0
0.0,0.0,-0.09770750999450684,0.11000551283359528,-0.12974399328231812,0.28463056683540344,-0.11233067512512207,0.4326857030391693,-0.0863264799118042,0.5430263578891754,-0.14144134521484375,0.29102498292922974,-0.15356284379959106,0.5232146680355072,-0.15850937366485596,0.6354593932628632,-0.1592724323272705,0.7272264659404755,-0.05071777105331421,0.27914711833000183,-0.015697836875915527,0.5203501880168915,0.00345611572265625,0.6471339166164398,0.02560180425643921,0.7334892451763153,0.03476208448410034,0.2679557800292969,0.04242342710494995,0.4860926568508148,0.007605612277984619,0.4542716145515442,-0.005002081394195557,0.389945924282074,0.10214316844940186,0.26200079917907715,0.08707243204116821,0.43293535709381104,0.05868077278137207,0.405468225479126,0.048677027225494385,0.35023000836372375,0.0,0.0,0.0,0.0,0.0,0.0,0.0,0.0,0.0,0.0,0.0,0.0,0.0,0.0,0.0,0.0,0.0,0.0,0.0,0.0,0.0,0.0,0.0,0.0,0.0,0.0,0.0,0.0,0.0,0.0,0.0,0.0,0.0,0.0,0.0,0.0,0.0,0.0,0.0,0.0,0.0,0.0
0.0,0.0,-0.10023826360702515,0.1076958030462265,-0.13456571102142334,0.2798013985157013,-0.11862123012542725,0.42820218205451965,-0.09031051397323608,0.5385502874851227,-0.14477211236953735,0.2898033857345581,-0.15823066234588623,0.5203806459903717,-0.1638231873512268,0.6322443783283234,-0.1651018261909485,0.725346177816391,-0.05533099174499512,0.28015607595443726,-0.020353257656097412,0.5206941068172455,-0.0012305378913879395,0.6479015648365021,0.02063310146331787,0.735805481672287,0.03011399507522583,0.269574910402298,0.040018677711486816,0.48553720116615295,0.006835520267486572,0.4498577117919922,-0.004933655261993408,0.38442012667655945,0.09809792041778564,0.26360413432121277,0.08460843563079834,0.4317086637020111,0.05928981304168701,0.3997889757156372,0.051016032695770264,0.3431662321090698,0.0,0.0,0.0,0.0,0.0,0.0,0.0,0.0,0.0,0.0,0.0,0.0,0.0,0.0,0.0,0.0,0.0,0.0,0.0,0.0,0.0,0.0,0.0,0.0,0.0,0.0,0.0,0.0,0.0,0.0,0.0,0.0,0.0,0.0,0.0,0.0,0.0,0.0,0.0,0.0,0.0,0.0
0.0,0.0,-0.09839737415313721,0.11026950180530548,-0.12987399101257324,0.28359290957450867,-0.11189109086990356,0.431506872177124,-0.08594256639480591,0.543827474117279,-0.13996601104736328,0.29086923599243164,-0.15430420637130737,0.5217456817626953,-0.15972775220870972,0.6357696652412415,-0.16015923023223877,0.7291464805603027,-0.05227494239807129,0.2769816815853119,-0.01644003391265869,0.5207298398017883,0.0029819607734680176,0.6485249996185303,0.024839580059051514,0.7366410493850708,0.03214681148529053,0.264401912689209,0.0454367995262146,0.48312291502952576,0.013080298900604248,0.4482116401195526,0.00044274330139160156,0.38400885462760925,0.10083866119384766,0.25681981444358826,0.09022945165634155,0.427897185087204,0.06557214260101318,0.39562636613845825,0.05668342113494873,0.3391827344894409,0.0,0.0,0.0,0.0,0.0,0.0,0.0,0.0,0.0,0.0,0.0,0.0,0.0,0.0,0.0,0.0,0.0,0.0,0.0,0.0,0.0,0.0,0.0,0.0,0.0,0.0,0.0,0.0,0.0,0.0,0.0,0.0,0.0,0.0,0.0,0.0,0.0,0.0,0.0,0.0,0.0,0.0
0.0,0.0,-0.09914976358413696,0.10888248682022095,-0.13090193271636963,0.2805114686489105,-0.10879659652709961,0.42716482281684875,-0.07170969247817993,0.5323563516139984,-0.1454472541809082,0.29127952456474304,-0.1572369933128357,0.5203658044338226,-0.16200053691864014,0.632334440946579,-0.16316455602645874,0.7251563966274261,-0.0555957555770874,0.27880528569221497,-0.020157575607299805,0.5229490101337433,-0.0012135505676269531,0.6522620618343353,0.01974731683731079,0.7422124445438385,0.030429363250732422,0.2668232023715973,0.04346048831939697,0.4850786030292511,0.011520028114318848,0.4508383572101593,-3.421306610107422e-05,0.38568881154060364,0.10004162788391113,0.2592206597328186,0.08988422155380249,0.4307839870452881,0.06444191932678223,0.39960384368896484,0.05539220571517944,0.34287890791893005,0.0,0.0,0.0,0.0,0.0,0.0,0.0,0.0,0.0,0.0,0.0,0.0,0.0,0.0,0.0,0.0,0.0,0.0,0.0,0.0,0.0,0.0,0.0,0.0,0.0,0.0,0.0,0.0,0.0,0.0,0.0,0.0,0.0,0.0,0.0,0.0,0.0,0.0,0.0,0.0,0.0,0.0
0.0,0.0,-0.0996583104133606,0.10876736044883728,-0.13463592529296875,0.2821110188961029,-0.11869317293167114,0.4312044680118561,-0.09180963039398193,0.5432252585887909,-0.14648348093032837,0.29162102937698364,-0.16081571578979492,0.5246421992778778,-0.16603964567184448,0.6397178471088409,-0.16615980863571167,0.7336916029453278,-0.05862218141555786,0.27837809920310974,-0.02276623249053955,0.5251453220844269,-0.004115045070648193,0.6536090672016144,0.01695150136947632,0.741274505853653,0.02614229917526245,0.2659062147140503,0.03839755058288574,0.48928168416023254,0.005911529064178467,0.45796895027160645,-0.006326496601104736,0.3938734233379364,0.09557920694351196,0.25916627049446106,0.08569645881652832,0.4323912560939789,0.05973774194717407,0.4043346047401428,0.049850642681121826,0.3493649661540985,0.0,0.0,0.0,0.0,0.0,0.0,0.0,0.0,0.0,0.0,0.0,0.0,0.0,0.0,0.0,0.0,0.0,0.0,0.0,0.0,0.0,0.0,0.0,0.0,0.0,0.0,0.0,0.0,0.0,0.0,0.0,0.0,0.0,0.0,0.0,0.0,0.0,0.0,0.0,0.0,0.0,0.0
0.0,0.0,-0.09964364767074585,0.11089377105236053,-0.13385075330734253,0.28540465235710144,-0.11698120832443237,0.433925598859787,-0.08612591028213501,0.5440175533294678,-0.145396888256073,0.2938355803489685,-0.15843719244003296,0.5262007713317871,-0.16437971591949463,0.6400885581970215,-0.1655048131942749,0.7335036993026733,-0.05594682693481445,0.280059278011322,-0.020929694175720215,0.528500497341156,-0.0040122270584106445,0.6574497818946838,0.016321957111358643,0.746390700340271,0.029479503631591797,0.2673342823982239,0.03988546133041382,0.49110835790634155,0.006549477577209473,0.45591217279434204,-0.005390763282775879,0.3910444676876068,0.09868240356445312,0.25979095697402954,0.08653181791305542,0.4359689950942993,0.06001633405685425,0.40488401055336,0.05057823657989502,0.3473750352859497,0.0,0.0,0.0,0.0,0.0,0.0,0.0,0.0,0.0,0.0,0.0,0.0,0.0,0.0,0.0,0.0,0.0,0.0,0.0,0.0,0.0,0.0,0.0,0.0,0.0,0.0,0.0,0.0,0.0,0.0,0.0,0.0,0.0,0.0,0.0,0.0,0.0,0.0,0.0,0.0,0.0,0.0
0.0,0.0,-0.09912228584289551,0.10867786407470703,-0.13263243436813354,0.28312137722969055,-0.11693882942199707,0.43301790952682495,-0.0913434624671936,0.5451803803443909,-0.14469122886657715,0.29060590267181396,-0.15804648399353027,0.5256973505020142,-0.16359752416610718,0.6402021646499634,-0.16432154178619385,0.7340908050537109,-0.0566105842590332,0.27678290009498596,-0.02074640989303589,0.5250239968299866,-0.0020473599433898926,0.6540043950080872,0.019115924835205078,0.7426999807357788,0.028468310832977295,0.264743447303772,0.04148364067077637,0.48720893263816833,0.010058581829071045,0.4517599046230316,-0.001147150993347168,0.38645341992378235,0.09803426265716553,0.25837984681129456,0.088176429271698,0.4322868585586548,0.06347823143005371,0.4000316262245178,0.05487620830535889,0.34262216091156006,0.0,0.0,0.0,0.0,0.0,0.0,0.0,0.0,0.0,0.0,0.0,0.0,0.0,0.0,0.0,0.0,0.0,0.0,0.0,0.0,0.0,0.0,0.0,0.0,0.0,0.0,0.0,0.0,0.0,0.0,0.0,0.0,0.0,0.0,0.0,0.0,0.0,0.0,0.0,0.0,0.0,0.0
0.0,0.0,-0.09785592555999756,0.10973791778087616,-0.1313660740852356,0.28153562545776367,-0.1135830283164978,0.42816630005836487,-0.08104991912841797,0.5365194082260132,-0.14422476291656494,0.2909565269947052,-0.1571977138519287,0.5251355171203613,-0.16248375177383423,0.6396440863609314,-0.1629999279975891,0.7339877486228943,-0.05511319637298584,0.2785450518131256,-0.019721686840057373,0.5277855396270752,-0.0016058087348937988,0.6567525267601013,0.01889747381210327,0.7465420961380005,0.030495941638946533,0.2669735252857208,0.04328387975692749,0.4891917109489441,0.01231318712234497,0.4514625668525696,0.0011792778968811035,0.38581323623657227,0.10024851560592651,0.26013004779815674,0.09010225534439087,0.43388479948043823,0.06569939851760864,0.40007057785987854,0.05715632438659668,0.34197208285331726,0.0,0.0,0.0,0.0,0.0,0.0,0.0,0.0,0.0,0.0,0.0,0.0,0.0,0.0,0.0,0.0,0.0,0.0,0.0,0.0,0.0,0.0,0.0,0.0,0.0,0.0,0.0,0.0,0.0,0.0,0.0,0.0,0.0,0.0,0.0,0.0,0.0,0.0,0.0,0.0,0.0,0.0
0.0,0.0,-0.09834372997283936,0.10935290157794952,-0.13241267204284668,0.28168952465057373,-0.11505663394927979,0.4293976128101349,-0.08259302377700806,0.5378446578979492,-0.14561909437179565,0.293043315410614,-0.15822815895080566,0.5263678431510925,-0.16296672821044922,0.6414060592651367,-0.1628415584564209,0.7362148761749268,-0.05676764249801636,0.28056424856185913,-0.02029573917388916,0.5294003486633301,-0.0009458661079406738,0.6588040590286255,0.020482420921325684,0.7480370998382568,0.029009759426116943,0.2684701085090637,0.042847275733947754,0.4887624979019165,0.012770473957061768,0.44992795586586,0.0020843148231506348,0.38285428285598755,0.09919518232345581,0.261227011680603,0.09016197919845581,0.4337024390697479,0.06585043668746948,0.39940810203552246,0.05697387456893921,0.3411189019680023,0.0,0.0,0.0,0.0,0.0,0.0,0.0,0.0,0.0,0.0,0.0,0.0,0.0,0.0,0.0,0.0,0.0,0.0,0.0,0.0,0.0,0.0,0.0,0.0,0.0,0.0,0.0,0.0,0.0,0.0,0.0,0.0,0.0,0.0,0.0,0.0,0.0,0.0,0.0,0.0,0.0,0.0
0.0,0.0,-0.09820824861526489,0.10842238366603851,-0.13282805681228638,0.2816125452518463,-0.11583065986633301,0.4276384115219116,-0.08378875255584717,0.5347078740596771,-0.14468175172805786,0.29392358660697937,-0.15937668085098267,0.5264683663845062,-0.16446131467819214,0.6421290934085846,-0.16390478610992432,0.7370670735836029,-0.05667823553085327,0.28106263279914856,-0.020260751247406006,0.5303159058094025,-0.0013622641563415527,0.6594499051570892,0.020192503929138184,0.7482164800167084,0.028481245040893555,0.26870450377464294,0.04196542501449585,0.4893307387828827,0.011099636554718018,0.4506362974643707,0.00020635128021240234,0.38380196690559387,0.09836781024932861,0.2617025673389435,0.08854520320892334,0.434086412191391,0.0637967586517334,0.3997662663459778,0.05489933490753174,0.3413439393043518,0.0,0.0,0.0,0.0,0.0,0.0,0.0,0.0,0.0,0.0,0.0,0.0,0.0,0.0,0.0,0.0,0.0,0.0,0.0,0.0,0.0,0.0,0.0,0.0,0.0,0.0,0.0,0.0,0.0,0.0,0.0,0.0,0.0,0.0,0.0,0.0,0.0,0.0,0.0,0.0,0.0,0.0
