0.0,0.0,0.0473291277885437,-0.12223118543624878,0.036165714263916016,-0.2355404496192932,-0.01500469446182251,-0.29361099004745483,-0.06729680299758911,-0.30825215578079224,0.03999263048171997,-0.28432565927505493,0.04136437177658081,-0.4403570294380188,0.03723549842834473,-0.5324521660804749,0.03549313545227051,-0.6012589037418365,-0.02453172206878662,-0.2670109272003174,-0.07702445983886719,-0.4339333176612854,-0.10408598184585571,-0.5294276177883148,-0.1258528232574463,-0.5976715683937073,-0.08415806293487549,-0.23505443334579468,-0.12081325054168701,-0.33843427896499634,-0.09378492832183838,-0.3008517026901245,-0.07626402378082275,-0.2576531171798706,-0.13137245178222656,-0.19421738386154175,-0.1385541558265686,-0.2776173949241638,-0.1171373724937439,-0.24655306339263916,-0.10283511877059937,-0.21115368604660034,0.0,0.0,0.0,0.0,0.0,0.0,0.0,0.0,0.0,0.0,0.0,0.0,0.0,0.0,0.0,0.0,0.0,0.0,0.0,0.0,0.0,0.0,0.0,0.0,0.0,0.0,0.0,0.0,0.0,0.0,0.0,0.0,0.0,0.0,0.0,0.0,0.0,0.0,0.0,0.0,0.0,0.0
0.0,0.0,0.04756426811218262,-0.12267470359802246,0.036062002182006836,-0.2364187240600586,-0.016011178493499756,-0.29383373260498047,-0.0691380500793457,-0.30721962451934814,0.03920745849609375,-0.28537023067474365,0.04024374485015869,-0.44118303060531616,0.036563873291015625,-0.5329053997993469,0.03539925813674927,-0.6018824875354767,-0.02514970302581787,-0.267484188079834,-0.07682019472122192,-0.4336833953857422,-0.10389196872711182,-0.5291047394275665,-0.12608075141906738,-0.5979125201702118,-0.0850716233253479,-0.2353549599647522,-0.12171405553817749,-0.33916163444519043,-0.09485101699829102,-0.3019850254058838,-0.07729792594909668,-0.25922340154647827,-0.1325533390045166,-0.19441896677017212,-0.1405227780342102,-0.27866047620773315,-0.11905544996261597,-0.24758946895599365,-0.1045304536819458,-0.21178287267684937,0.0,0.0,0.0,0.0,0.0,0.0,0.0,0.0,0.0,0.0,0.0,0.0,0.0,0.0,0.0,0.0,0.0,0.0,0.0,0.0,0.0,0.0,0.0,0.0,0.0,0.0,0.0,0.0,0.0,0.0,0.0,0.0,0.0,0.0,0.0,0.0,0.0,0.0,0.0,0.0,0.0,0.0
0.0,0.0,0.04790663719177246,-0.12164360284805298,0.03654289245605469,-0.23595863580703735,-0.015061020851135254,-0.29326820373535156,-0.0676048994064331,-0.30659955739974976,0.03994739055633545,-0.2841900587081909,0.040972113609313965,-0.43955379724502563,0.03820735216140747,-0.530606597661972,0.037753403186798096,-0.5994293093681335,-0.02499222755432129,-0.2670755982398987,-0.0768667459487915,-0.432494580745697,-0.10352963209152222,-0.5276531279087067,-0.1250321865081787,-0.5962924659252167,-0.08481299877166748,-0.23485630750656128,-0.11920702457427979,-0.33683067560195923,-0.09197306632995605,-0.2985549569129944,-0.07464420795440674,-0.25494927167892456,-0.13181006908416748,-0.1945297122001648,-0.13841569423675537,-0.2769352197647095,-0.1171499490737915,-0.24567252397537231,-0.10349994897842407,-0.20986461639404297,0.0,0.0,0.0,0.0,0.0,0.0,0.0,0.0,0.0,0.0,0.0,0.0,0.0,0.0,0.0,0.0,0.0,0.0,0.0,0.0,0.0,0.0,0.0,0.0,0.0,0.0,0.0,0.0,0.0,0.0,0.0,0.0,0.0,0.0,0.0,0.0,0.0,0.0,0.0,0.0,0.0,0.0
0.0,0.0,0.047884225845336914,-0.12152612209320068,0.03654712438583374,-0.2352709174156189,-0.01584535837173462,-0.2925746440887451,-0.06898009777069092,-0.3063369393348694,0.040523409843444824,-0.2845478653907776,0.04085773229598999,-0.44115734100341797,0.03777921199798584,-0.5328629612922668,0.03734898567199707,-0.6017903983592987,-0.02436000108718872,-0.26709532737731934,-0.07788389921188354,-0.4344015121459961,-0.10484898090362549,-0.5290646255016327,-0.12626409530639648,-0.5971370041370392,-0.08429843187332153,-0.2349892258644104,-0.12123650312423706,-0.3398869037628174,-0.09390199184417725,-0.30151963233947754,-0.07605409622192383,-0.257911741733551,-0.1315804123878479,-0.19434791803359985,-0.13892298936843872,-0.2782720923423767,-0.11711782217025757,-0.24690967798233032,-0.1025543212890625,-0.21133798360824585,0.0,0.0,0.0,0.0,0.0,0.0,0.0,0.0,0.0,0.0,0.0,0.0,0.0,0.0,0.0,0.0,0.0,0.0,0.0,0.0,0.0,0.0,0.0,0.0,0.0,0.0,0.0,0.0,0.0,0.0,0.0,0.0,0.0,0.0,0.0,0.0,0.0,0.0,0.0,0.0,0.0,0.0
0.0,0.0,0.04761373996734619,-0.12174493074417114,0.03650999069213867,-0.23489457368850708,-0.014414668083190918,-0.29360687732696533,-0.0666055679321289,-0.30858278274536133,0.04031616449356079,-0.2846725583076477,0.04093068838119507,-0.44198572635650635,0.03693729639053345,-0.5338820219039917,0.03544062376022339,-0.6026433706283569,-0.02484971284866333,-0.2675936222076416,-0.07698661088943481,-0.4349290132522583,-0.10428810119628906,-0.5296525359153748,-0.12641572952270508,-0.5975093245506287,-0.08477675914764404,-0.23606443405151367,-0.12068861722946167,-0.33889561891555786,-0.0938536524772644,-0.30114084482192993,-0.07656985521316528,-0.2579893469810486,-0.1320447325706482,-0.19577211141586304,-0.1387513279914856,-0.278259813785553,-0.11785310506820679,-0.24706465005874634,-0.10374641418457031,-0.21156811714172363,0.0,0.0,0.0,0.0,0.0,0.0,0.0,0.0,0.0,0.0,0.0,0.0,0.0,0.0,0.0,0.0,0.0,0.0,0.0,0.0,0.0,0.0,0.0,0.0,0.0,0.0,0.0,0.0,0.0,0.0,0.0,0.0,0.0,0.0,0.0,0.0,0.0,0.0,0.0,0.0,0.0,0.0
0.0,0.0,0.048400163650512695,-0.12107914686203003,0.03720301389694214,-0.23603510856628418,-0.014670133590698242,-0.29467302560806274,-0.06736725568771362,-0.30894970893859863,0.04047417640686035,-0.2848759889602661,0.04110753536224365,-0.44183194637298584,0.03836852312088013,-0.5330860614776611,0.03751540184020996,-0.6024306416511536,-0.024231374263763428,-0.2679588198661804,-0.07557183504104614,-0.43450284004211426,-0.10175830125808716,-0.5299228429794312,-0.12331360578536987,-0.5988494157791138,-0.08390498161315918,-0.2360314130783081,-0.11909055709838867,-0.34100449085235596,-0.0913991928100586,-0.3014957308769226,-0.07368320226669312,-0.2569809556007385,-0.13069391250610352,-0.19636452198028564,-0.13752305507659912,-0.27993786334991455,-0.11555743217468262,-0.24831485748291016,-0.10139787197113037,-0.21273058652877808,0.0,0.0,0.0,0.0,0.0,0.0,0.0,0.0,0.0,0.0,0.0,0.0,0.0,0.0,0.0,0.0,0.0,0.0,0.0,0.0,0.0,0.0,0.0,0.0,0.0,0.0,0.0,0.0,0.0,0.0,0.0,0.0,0.0,0.0,0.0,0.0,0.0,0.0,0.0,0.0,0.0,0.0
0.0,0.0,0.04821145534515381,-0.12197446823120117,0.03759866952896118,-0.23510277271270752,-0.012549757957458496,-0.29398345947265625,-0.06390082836151123,-0.30940312147140503,0.04092133045196533,-0.28316593170166016,0.04223865270614624,-0.4397839903831482,0.03882801532745361,-0.5312290191650391,0.03738337755203247,-0.600286990404129,-0.02401036024093628,-0.267120361328125,-0.07448828220367432,-0.43380671739578247,-0.10111242532730103,-0.5294481813907623,-0.12316769361495972,-0.598116546869278,-0.08383685350418091,-0.2360473871231079,-0.11838668584823608,-0.33816808462142944,-0.09120172262191772,-0.2998727560043335,-0.07392287254333496,-0.2560649514198303,-0.13095492124557495,-0.19634336233139038,-0.1370437741279602,-0.27660518884658813,-0.11584436893463135,-0.2456563115119934,-0.10220688581466675,-0.21035754680633545,0.0,0.0,0.0,0.0,0.0,0.0,0.0,0.0,0.0,0.0,0.0,0.0,0.0,0.0,0.0,0.0,0.0,0.0,0.0,0.0,0.0,0.0,0.0,0.0,0.0,0.0,0.0,0.0,0.0,0.0,0.0,0.0,0.0,0.0,0.0,0.0,0.0,0.0,0.0,0.0,0.0,0.0
0.0,0.0,0.04860424995422363,-0.12215214967727661,0.03796100616455078,-0.23680508136749268,-0.013269960880279541,-0.2963191270828247,-0.06607669591903687,-0.31097590923309326,0.041272103786468506,-0.28503066301345825,0.0424114465713501,-0.44169390201568604,0.039389073848724365,-0.5338162779808044,0.03867614269256592,-0.6036409437656403,-0.022918879985809326,-0.26753348112106323,-0.07380473613739014,-0.43458741903305054,-0.10051101446151733,-0.5309306979179382,-0.12230998277664185,-0.6008828282356262,-0.08290714025497437,-0.2359093427658081,-0.119376540184021,-0.34300345182418823,-0.09309697151184082,-0.304587721824646,-0.07570409774780273,-0.26073598861694336,-0.13055455684661865,-0.1963607668876648,-0.13834184408187866,-0.2807161211967468,-0.11674851179122925,-0.2492731809616089,-0.10248839855194092,-0.21414291858673096,0.0,0.0,0.0,0.0,0.0,0.0,0.0,0.0,0.0,0.0,0.0,0.0,0.0,0.0,0.0,0.0,0.0,0.0,0.0,0.0,0.0,0.0,0.0,0.0,0.0,0.0,0.0,0.0,0.0,0.0,0.0,0.0,0.0,0.0,0.0,0.0,0.0,0.0,0.0,0.0,0.0,0.0
0.0,0.0,0.04693955183029175,-0.12402015924453735,0.03727060556411743,-0.23463881015777588,-0.011932373046875,-0.29366207122802734,-0.06234389543533325,-0.3103953003883362,0.04291033744812012,-0.28614115715026855,0.04463106393814087,-0.44281506538391113,0.04098469018936157,-0.5363181829452515,0.03970789909362793,-0.605555534362793,-0.02180790901184082,-0.26859718561172485,-0.07347208261489868,-0.4361644387245178,-0.10030949115753174,-0.5307475924491882,-0.12194174528121948,-0.5978710651397705,-0.08201110363006592,-0.2377377152442932,-0.11811459064483643,-0.33946049213409424,-0.09204673767089844,-0.3024558424949646,-0.07536917924880981,-0.26049405336380005,-0.13026750087738037,-0.19740641117095947,-0.1371414065361023,-0.2757338881492615,-0.11694985628128052,-0.2450736165046692,-0.1029319167137146,-0.2106195092201233,0.0,0.0,0.0,0.0,0.0,0.0,0.0,0.0,0.0,0.0,0.0,0.0,0.0,0.0,0.0,0.0,0.0,0.0,0.0,0.0,0.0,0.0,0.0,0.0,0.0,0.0,0.0,0.0,0.0,0.0,0.0,0.0,0.0,0.0,0.0,0.0,0.0,0.0,0.0,0.0,0.0,0.0
0.0,0.0,0.04912024736404419,-0.1219557523727417,0.038692474365234375,-0.235981285572052,-0.012501716613769531,-0.29301416873931885,-0.06527405977249146,-0.3082079291343689,0.043910205364227295,-0.2836562395095825,0.0461917519569397,-0.44129133224487305,0.04329335689544678,-0.5324501693248749,0.04203671216964722,-0.6015166938304901,-0.020651161670684814,-0.26645004749298096,-0.06875026226043701,-0.43380993604660034,-0.09523200988769531,-0.5289606750011444,-0.11760348081588745,-0.5984837710857391,-0.08072036504745483,-0.23510092496871948,-0.11684638261795044,-0.34077250957489014,-0.09058511257171631,-0.3001866936683655,-0.07349634170532227,-0.2562376856803894,-0.12814247608184814,-0.19559067487716675,-0.13467586040496826,-0.2785101532936096,-0.11273634433746338,-0.2469514012336731,-0.09811240434646606,-0.21192675828933716,0.0,0.0,0.0,0.0,0.0,0.0,0.0,0.0,0.0,0.0,0.0,0.0,0.0,0.0,0.0,0.0,0.0,0.0,0.0,0.0,0.0,0.0,0.0,0.0,0.0,0.0,0.0,0.0,0.0,0.0,0.0,0.0,0.0,0.0,0.0,0.0,0.0,0.0,0.0,0.0,0.0,0.0
0.0,0.0,0.04909110069274902,-0.12219977378845215,0.0379522442817688,-0.23712056875228882,-0.01515430212020874,-0.29238802194595337,-0.06858587265014648,-0.3053743243217468,0.04407721757888794,-0.2851213812828064,0.046981632709503174,-0.44227468967437744,0.044088661670684814,-0.5338322520256042,0.04346054792404175,-0.6027843356132507,-0.021332919597625732,-0.2680622935295105,-0.07079249620437622,-0.4350678324699402,-0.0971231460571289,-0.5306186974048615,-0.11849397420883179,-0.600382536649704,-0.08162552118301392,-0.23627996444702148,-0.11650252342224121,-0.3400282859802246,-0.09026050567626953,-0.2989266514778137,-0.07376211881637573,-0.2549195885658264,-0.12942469120025635,-0.19547665119171143,-0.13591188192367554,-0.2785390615463257,-0.11456495523452759,-0.2454778552055359,-0.100502610206604,-0.20975738763809204,0.0,0.0,0.0,0.0,0.0,0.0,0.0,0.0,0.0,0.0,0.0,0.0,0.0,0.0,0.0,0.0,0.0,0.0,0.0,0.0,0.0,0.0,0.0,0.0,0.0,0.0,0.0,0.0,0.0,0.0,0.0,0.0,0.0,0.0,0.0,0.0,0.0,0.0,0.0,0.0,0.0,0.0
0.0,0.0,0.04996901750564575,-0.12275516986846924,0.0388566255569458,-0.2363787293434143,-0.013340175151824951,-0.2928559184074402,-0.06629520654678345,-0.30627405643463135,0.043778061866760254,-0.2842048406600952,0.04684799909591675,-0.44227921962738037,0.04362672567367554,-0.5338582396507263,0.04258990287780762,-0.6029947102069855,-0.021154165267944336,-0.26626652479171753,-0.07051831483840942,-0.4335642457008362,-0.09792405366897583,-0.5299342274665833,-0.12085604667663574,-0.6001558303833008,-0.08126258850097656,-0.23405611515045166,-0.11727792024612427,-0.3408486843109131,-0.09060811996459961,-0.30147820711135864,-0.07343894243240356,-0.2576056122779846,-0.1286519169807434,-0.19307708740234375,-0.13572919368743896,-0.27766937017440796,-0.11368036270141602,-0.2465110421180725,-0.09869265556335449,-0.21170896291732788,0.0,0.0,0.0,0.0,0.0,0.0,0.0,0.0,0.0,0.0,0.0,0.0,0.0,0.0,0.0,0.0,0.0,0.0,0.0,0.0,0.0,0.0,0.0,0.0,0.0,0.0,0.0,0.0,0.0,0.0,0.0,0.0,0.0,0.0,0.0,0.0,0.0,0.0,0.0,0.0,0.0,0.0
0.0,0.0,0.04812723398208618,-0.12282240390777588,0.03913700580596924,-0.235484778881073,-0.012169301509857178,-0.2943947911262512,-0.06389188766479492,-0.3099552392959595,0.043602943420410156,-0.28495335578918457,0.04673898220062256,-0.4414733052253723,0.043078601360321045,-0.5348905622959137,0.04211658239364624,-0.6037947535514832,-0.02090740203857422,-0.2669324278831482,-0.07484561204910278,-0.435144305229187,-0.10260039567947388,-0.5304932296276093,-0.12497526407241821,-0.5986850261688232,-0.08121204376220703,-0.235548734664917,-0.11869603395462036,-0.3417034149169922,-0.09192609786987305,-0.3054426312446594,-0.07478761672973633,-0.26340359449386597,-0.12968552112579346,-0.1942850947380066,-0.13718175888061523,-0.27821439504623413,-0.11614120006561279,-0.24745792150497437,-0.10159212350845337,-0.21269649267196655,0.0,0.0,0.0,0.0,0.0,0.0,0.0,0.0,0.0,0.0,0.0,0.0,0.0,0.0,0.0,0.0,0.0,0.0,0.0,0.0,0.0,0.0,0.0,0.0,0.0,0.0,0.0,0.0,0.0,0.0,0.0,0.0,0.0,0.0,0.0,0.0,0.0,0.0,0.0,0.0,0.0,0.0
0.0,0.0,0.04988753795623779,-0.12351620197296143,0.039629220962524414,-0.2382698655128479,-0.01269608736038208,-0.29638612270355225,-0.06524670124053955,-0.3120027184486389,0.0410616397857666,-0.2863708734512329,0.04394996166229248,-0.44284874200820923,0.04141753911972046,-0.5351490080356598,0.041212618350982666,-0.6045678853988647,-0.02343428134918213,-0.2668992280960083,-0.07461780309677124,-0.43198132514953613,-0.10247856378555298,-0.5282231569290161,-0.1258428692817688,-0.5985166132450104,-0.08328735828399658,-0.23407572507858276,-0.11900579929351807,-0.34187817573547363,-0.09276938438415527,-0.3035995364189148,-0.07615780830383301,-0.25962626934051514,-0.13052105903625488,-0.192734956741333,-0.1387348175048828,-0.2809334993362427,-0.11691904067993164,-0.2494848370552063,-0.1024174690246582,-0.21325504779815674,0.0,0.0,0.0,0.0,0.0,0.0,0.0,0.0,0.0,0.0,0.0,0.0,0.0,0.0,0.0,0.0,0.0,0.0,0.0,0.0,0.0,0.0,0.0,0.0,0.0,0.0,0.0,0.0,0.0,0.0,0.0,0.0,0.0,0.0,0.0,0.0,0.0,0.0,0.0,0.0,0.0,0.0
0.0,0.0,0.04970461130142212,-0.12231206893920898,0.03727930784225464,-0.2374131679534912,-0.016906678676605225,-0.29331278800964355,-0.06928753852844238,-0.305975079536438,0.04034996032714844,-0.28537124395370483,0.041763484477996826,-0.43975627422332764,0.03883904218673706,-0.5303799510002136,0.038562893867492676,-0.5977145135402679,-0.026135563850402832,-0.26754075288772583,-0.07781219482421875,-0.432650089263916,-0.10500705242156982,-0.5281270742416382,-0.12736546993255615,-0.5960300862789154,-0.08614379167556763,-0.23438698053359985,-0.11958688497543335,-0.33861207962036133,-0.09105944633483887,-0.3014794588088989,-0.07384276390075684,-0.25818049907684326,-0.13259273767471313,-0.1921488642692566,-0.13857626914978027,-0.27645450830459595,-0.11682456731796265,-0.24602532386779785,-0.10349404811859131,-0.21030426025390625,0.0,0.0,0.0,0.0,0.0,0.0,0.0,0.0,0.0,0.0,0.0,0.0,0.0,0.0,0.0,0.0,0.0,0.0,0.0,0.0,0.0,0.0,0.0,0.0,0.0,0.0,0.0,0.0,0.0,0.0,0.0,0.0,0.0,0.0,0.0,0.0,0.0,0.0,0.0,0.0,0.0,0.0
0.0,0.0,0.04871326684951782,-0.1217145323753357,0.03729778528213501,-0.23708724975585938,-0.015967607498168945,-0.29233747720718384,-0.06776601076126099,-0.30571460723876953,0.03942292928695679,-0.28552037477493286,0.03919738531112671,-0.43905794620513916,0.03742116689682007,-0.5293776094913483,0.038379669189453125,-0.597118467092514,-0.025653481483459473,-0.2674371600151062,-0.07687151432037354,-0.4314061403274536,-0.10312092304229736,-0.5274457037448883,-0.12510818243026733,-0.5964202880859375,-0.0854259729385376,-0.2342858910560608,-0.11973142623901367,-0.3394082188606262,-0.0913272500038147,-0.3022189140319824,-0.07406896352767944,-0.2587715983390808,-0.13155674934387207,-0.19263148307800293,-0.13816380500793457,-0.2770957350730896,-0.11567187309265137,-0.24783587455749512,-0.10207444429397583,-0.2126467227935791,0.0,0.0,0.0,0.0,0.0,0.0,0.0,0.0,0.0,0.0,0.0,0.0,0.0,0.0,0.0,0.0,0.0,0.0,0.0,0.0,0.0,0.0,0.0,0.0,0.0,0.0,0.0,0.0,0.0,0.0,0.0,0.0,0.0,0.0,0.0,0.0,0.0,0.0,0.0,0.0,0.0,0.0
0.0,0.0,0.048696041107177734,-0.12166279554367065,0.03739243745803833,-0.23601150512695312,-0.015790820121765137,-0.29041850566864014,-0.06712132692337036,-0.3032342791557312,0.03989994525909424,-0.2839338779449463,0.04089432954788208,-0.4384721517562866,0.03938239812850952,-0.5293406248092651,0.04039674997329712,-0.597472757101059,-0.024785995483398438,-0.2665937542915344,-0.07556283473968506,-0.4325517416000366,-0.10220706462860107,-0.5280718505382538,-0.12457430362701416,-0.5966094136238098,-0.08415418863296509,-0.2339913249015808,-0.11872440576553345,-0.34015393257141113,-0.09070384502410889,-0.30116569995880127,-0.07369673252105713,-0.2576090693473816,-0.13015466928482056,-0.19244349002838135,-0.13754427433013916,-0.2771422266960144,-0.11547529697418213,-0.24650198221206665,-0.10219591856002808,-0.21138018369674683,0.0,0.0,0.0,0.0,0.0,0.0,0.0,0.0,0.0,0.0,0.0,0.0,0.0,0.0,0.0,0.0,0.0,0.0,0.0,0.0,0.0,0.0,0.0,0.0,0.0,0.0,0.0,0.0,0.0,0.0,0.0,0.0,0.0,0.0,0.0,0.0,0.0,0.0,0.0,0.0,0.0,0.0
0.0,0.0,0.04942202568054199,-0.12059468030929565,0.03892183303833008,-0.2346632480621338,-0.0137404203414917,-0.2913735508918762,-0.06517219543457031,-0.30572015047073364,0.040662288665771484,-0.2821270823478699,0.04254353046417236,-0.43901634216308594,0.04089045524597168,-0.5308043956756592,0.04175221920013428,-0.5992563962936401,-0.024450957775115967,-0.2646786570549011,-0.07501310110092163,-0.4314749240875244,-0.10078132152557373,-0.5280450582504272,-0.12250232696533203,-0.5973506271839142,-0.08392965793609619,-0.23303890228271484,-0.11780083179473877,-0.34158462285995483,-0.08920234441757202,-0.30452853441238403,-0.07197743654251099,-0.261083722114563,-0.12923216819763184,-0.19280564785003662,-0.13499140739440918,-0.27853459119796753,-0.11234349012374878,-0.24995964765548706,-0.09859520196914673,-0.21554553508758545,0.0,0.0,0.0,0.0,0.0,0.0,0.0,0.0,0.0,0.0,0.0,0.0,0.0,0.0,0.0,0.0,0.0,0.0,0.0,0.0,0.0,0.0,0.0,0.0,0.0,0.0,0.0,0.0,0.0,0.0,0.0,0.0,0.0,0.0,0.0,0.0,0.0,0.0,0.0,0.0,0.0,0.0
0.0,0.0,0.049806296825408936,-0.12121546268463135,0.03882342576980591,-0.23675596714019775,-0.014622151851654053,-0.29367947578430176,-0.06715869903564453,-0.306906521320343,0.04110264778137207,-0.2829689383506775,0.042748332023620605,-0.44018447399139404,0.040521442890167236,-0.5324080586433411,0.04051971435546875,-0.601063460111618,-0.023490309715270996,-0.26553821563720703,-0.0755881667137146,-0.43253928422927856,-0.10280901193618774,-0.5293860733509064,-0.12567013502120972,-0.5984813272953033,-0.08341455459594727,-0.23353701829910278,-0.11867976188659668,-0.3418928384780884,-0.09063208103179932,-0.3057723641395569,-0.0737302303314209,-0.2627849578857422,-0.12993073463439941,-0.19277513027191162,-0.13771796226501465,-0.2798269987106323,-0.11589890718460083,-0.2500961422920227,-0.10273224115371704,-0.21455121040344238,0.0,0.0,0.0,0.0,0.0,0.0,0.0,0.0,0.0,0.0,0.0,0.0,0.0,0.0,0.0,0.0,0.0,0.0,0.0,0.0,0.0,0.0,0.0,0.0,0.0,0.0,0.0,0.0,0.0,0.0,0.0,0.0,0.0,0.0,0.0,0.0,0.0,0.0,0.0,0.0,0.0,0.0
0.0,0.0,0.04989969730377197,-0.12128734588623047,0.03946566581726074,-0.23564690351486206,-0.014110088348388672,-0.29307466745376587,-0.06606888771057129,-0.30722910165786743,0.04247403144836426,-0.2842652201652527,0.04368335008621216,-0.4403596520423889,0.04114735126495361,-0.5321084558963776,0.04152482748031616,-0.6000326871871948,-0.02370244264602661,-0.2669529914855957,-0.0765984058380127,-0.43332284688949585,-0.1037566065788269,-0.5289595127105713,-0.1260361671447754,-0.5972899198532104,-0.08400720357894897,-0.23512208461761475,-0.11758142709732056,-0.34032243490219116,-0.0895729660987854,-0.30375099182128906,-0.07303798198699951,-0.26080310344696045,-0.13075768947601318,-0.19389218091964722,-0.13615232706069946,-0.2782273292541504,-0.11477571725845337,-0.2477877140045166,-0.10168403387069702,-0.21187853813171387,0.0,0.0,0.0,0.0,0.0,0.0,0.0,0.0,0.0,0.0,0.0,0.0,0.0,0.0,0.0,0.0,0.0,0.0,0.0,0.0,0.0,0.0,0.0,0.0,0.0,0.0,0.0,0.0,0.0,0.0,0.0,0.0,0.0,0.0,0.0,0.0,0.0,0.0,0.0,0.0,0.0,0.0
0.0,0.0,0.05006831884384155,-0.12156468629837036,0.03940939903259277,-0.23613011837005615,-0.01328665018081665,-0.29416221380233765,-0.06497079133987427,-0.3093470335006714,0.041951537132263184,-0.28410035371780396,0.043117642402648926,-0.4395819902420044,0.040658771991729736,-0.5312063097953796,0.04110687971115112,-0.5997718274593353,-0.022841930389404297,-0.2656828761100769,-0.0749596357345581,-0.4324125051498413,-0.10202449560165405,-0.5293702781200409,-0.12440663576126099,-0.5989972054958344,-0.08292663097381592,-0.2326892614364624,-0.11810892820358276,-0.3420613408088684,-0.09008949995040894,-0.305794358253479,-0.07259583473205566,-0.26230746507644653,-0.12972182035446167,-0.19081467390060425,-0.13675153255462646,-0.2780192494392395,-0.11477553844451904,-0.24817591905593872,-0.10099154710769653,-0.21268296241760254,0.0,0.0,0.0,0.0,0.0,0.0,0.0,0.0,0.0,0.0,0.0,0.0,0.0,0.0,0.0,0.0,0.0,0.0,0.0,0.0,0.0,0.0,0.0,0.0,0.0,0.0,0.0,0.0,0.0,0.0,0.0,0.0,0.0,0.0,0.0,0.0,0.0,0.0,0.0,0.0,0.0,0.0
0.0,0.0,0.050460636615753174,-0.12233716249465942,0.03886377811431885,-0.2381817102432251,-0.016264736652374268,-0.2940369248390198,-0.06958615779876709,-0.3063688278198242,0.04169023036956787,-0.28462517261505127,0.04282116889953613,-0.4397623538970947,0.040752410888671875,-0.5309096276760101,0.04136461019515991,-0.599418431520462,-0.024008333683013916,-0.26604026556015015,-0.07659107446670532,-0.42889082431793213,-0.10443723201751709,-0.525408536195755,-0.12758153676986694,-0.5954038202762604,-0.08434981107711792,-0.23315757513046265,-0.11723548173904419,-0.3404614329338074,-0.08899003267288208,-0.3042032718658447,-0.0724913477897644,-0.2603193521499634,-0.1314932107925415,-0.19208860397338867,-0.13745564222335815,-0.2797820568084717,-0.11528933048248291,-0.24974483251571655,-0.10233443975448608,-0.2132529616355896,0.0,0.0,0.0,0.0,0.0,0.0,0.0,0.0,0.0,0.0,0.0,0.0,0.0,0.0,0.0,0.0,0.0,0.0,0.0,0.0,0.0,0.0,0.0,0.0,0.0,0.0,0.0,0.0,0.0,0.0,0.0,0.0,0.0,0.0,0.0,0.0,0.0,0.0,0.0,0.0,0.0,0.0
0.0,0.0,0.0490192174911499,-0.12104350328445435,0.039678871631622314,-0.23464202880859375,-0.013478338718414307,-0.29322361946105957,-0.06460332870483398,-0.30958980321884155,0.04011613130569458,-0.28394800424575806,0.0415416955947876,-0.4372903108596802,0.03977537155151367,-0.5292655229568481,0.04054027795791626,-0.5975571870803833,-0.025315582752227783,-0.26481908559799194,-0.07995116710662842,-0.4312134385108948,-0.10870379209518433,-0.5262918472290039,-0.1326935887336731,-0.5936280786991119,-0.08512717485427856,-0.23244184255599976,-0.11865663528442383,-0.3403301239013672,-0.0899307131767273,-0.30421292781829834,-0.07291793823242188,-0.2610769271850586,-0.1313481330871582,-0.19187992811203003,-0.1364903450012207,-0.2778743505477905,-0.1144532561302185,-0.24852913618087769,-0.1011626124382019,-0.21387767791748047,0.0,0.0,0.0,0.0,0.0,0.0,0.0,0.0,0.0,0.0,0.0,0.0,0.0,0.0,0.0,0.0,0.0,0.0,0.0,0.0,0.0,0.0,0.0,0.0,0.0,0.0,0.0,0.0,0.0,0.0,0.0,0.0,0.0,0.0,0.0,0.0,0.0,0.0,0.0,0.0,0.0,0.0
0.0,0.0,0.04948770999908447,-0.12043148279190063,0.03890836238861084,-0.2366199493408203,-0.014856278896331787,-0.29511332511901855,-0.06579875946044922,-0.31086838245391846,0.038471221923828125,-0.28646326065063477,0.03819173574447632,-0.4406217336654663,0.03696101903915405,-0.5315882563591003,0.03910243511199951,-0.6001575887203217,-0.02620112895965576,-0.2679395079612732,-0.07978695631027222,-0.4321255087852478,-0.10627496242523193,-0.5281434059143066,-0.12829512357711792,-0.5973417162895203,-0.08500736951828003,-0.23500549793243408,-0.11942392587661743,-0.34287911653518677,-0.08954024314880371,-0.3073367476463318,-0.07147777080535889,-0.26408135890960693,-0.12993067502975464,-0.19346630573272705,-0.13584566116333008,-0.27913951873779297,-0.11224526166915894,-0.25168007612228394,-0.09789544343948364,-0.2175501585006714,0.0,0.0,0.0,0.0,0.0,0.0,0.0,0.0,0.0,0.0,0.0,0.0,0.0,0.0,0.0,0.0,0.0,0.0,0.0,0.0,0.0,0.0,0.0,0.0,0.0,0.0,0.0,0.0,0.0,0.0,0.0,0.0,0.0,0.0,0.0,0.0,0.0,0.0,0.0,0.0,0.0,0.0
0.0,0.0,0.0502813458442688,-0.12161898612976074,0.04091423749923706,-0.2352452278137207,-0.012047946453094482,-0.29330265522003174,-0.06220138072967529,-0.3099510073661804,0.04038965702056885,-0.2857620120048523,0.04188346862792969,-0.44071483612060547,0.03997558355331421,-0.5322033762931824,0.04092484712600708,-0.6003523766994476,-0.025578677654266357,-0.26826947927474976,-0.07828789949417114,-0.4335998296737671,-0.10513091087341309,-0.5280902981758118,-0.12745332717895508,-0.5960443615913391,-0.08471035957336426,-0.23656630516052246,-0.1168089509010315,-0.3440394401550293,-0.08771407604217529,-0.30729609727859497,-0.0705183744430542,-0.26391351222991943,-0.1293148398399353,-0.19645696878433228,-0.1333799958229065,-0.2797631621360779,-0.11094290018081665,-0.25148653984069824,-0.09747195243835449,-0.21766400337219238,0.0,0.0,0.0,0.0,0.0,0.0,0.0,0.0,0.0,0.0,0.0,0.0,0.0,0.0,0.0,0.0,0.0,0.0,0.0,0.0,0.0,0.0,0.0,0.0,0.0,0.0,0.0,0.0,0.0,0.0,0.0,0.0,0.0,0.0,0.0,0.0,0.0,0.0,0.0,0.0,0.0,0.0
0.0,0.0,0.05051398277282715,-0.12069153785705566,0.04045414924621582,-0.23644691705703735,-0.014137744903564453,-0.2939304709434509,-0.06611090898513794,-0.30804675817489624,0.04071485996246338,-0.2854346036911011,0.04209434986114502,-0.441215455532074,0.03999596834182739,-0.533467710018158,0.040606021881103516,-0.6026208698749542,-0.024711906909942627,-0.26801520586013794,-0.07833939790725708,-0.43335264921188354,-0.10556977987289429,-0.5289362072944641,-0.12813925743103027,-0.5976740121841431,-0.08382493257522583,-0.23584669828414917,-0.11723959445953369,-0.3440369963645935,-0.08848172426223755,-0.3065266013145447,-0.07150828838348389,-0.2626047730445862,-0.12882310152053833,-0.19546669721603394,-0.1347360610961914,-0.282339870929718,-0.11221462488174438,-0.25282174348831177,-0.09901434183120728,-0.21743249893188477,0.0,0.0,0.0,0.0,0.0,0.0,0.0,0.0,0.0,0.0,0.0,0.0,0.0,0.0,0.0,0.0,0.0,0.0,0.0,0.0,0.0,0.0,0.0,0.0,0.0,0.0,0.0,0.0,0.0,0.0,0.0,0.0,0.0,0.0,0.0,0.0,0.0,0.0,0.0,0.0,0.0,0.0
0.0,0.0,0.05103582143783569,-0.12015736103057861,0.04208308458328247,-0.23493438959121704,-0.010693848133087158,-0.29429352283477783,-0.06256711483001709,-0.30979210138320923,0.04223525524139404,-0.28233903646469116,0.04501444101333618,-0.43820029497146606,0.04283112287521362,-0.5300803482532501,0.042689383029937744,-0.5990499258041382,-0.023969531059265137,-0.26526015996932983,-0.07665914297103882,-0.4311492443084717,-0.10409241914749146,-0.5267241597175598,-0.1272631287574768,-0.5955069363117218,-0.08363336324691772,-0.23349213600158691,-0.11607497930526733,-0.3405291438102722,-0.08705055713653564,-0.30325591564178467,-0.06984782218933105,-0.2590551972389221,-0.1285945177078247,-0.1941661834716797,-0.13309091329574585,-0.27822792530059814,-0.1105494499206543,-0.24880450963974,-0.09745341539382935,-0.21360599994659424,0.0,0.0,0.0,0.0,0.0,0.0,0.0,0.0,0.0,0.0,0.0,0.0,0.0,0.0,0.0,0.0,0.0,0.0,0.0,0.0,0.0,0.0,0.0,0.0,0.0,0.0,0.0,0.0,0.0,0.0,0.0,0.0,0.0,0.0,0.0,0.0,0.0,0.0,0.0,0.0,0.0,0.0
0.0,0.0,0.05203777551651001,-0.12021982669830322,0.042437851428985596,-0.23579400777816772,-0.00861269235610962,-0.2968864440917969,-0.06047171354293823,-0.3134757876396179,0.043624699115753174,-0.282501220703125,0.0464896559715271,-0.4402189254760742,0.04449671506881714,-0.5326332449913025,0.04408532381057739,-0.6020316779613495,-0.02090632915496826,-0.265545129776001,-0.07307499647140503,-0.43264293670654297,-0.10182660818099976,-0.5296040177345276,-0.12609338760375977,-0.598643958568573,-0.0809895396232605,-0.23350024223327637,-0.11511814594268799,-0.3437071442604065,-0.08724337816238403,-0.30837732553482056,-0.07025659084320068,-0.2644752860069275,-0.1271977424621582,-0.19330662488937378,-0.13375240564346313,-0.28113532066345215,-0.11192554235458374,-0.25188785791397095,-0.09877866506576538,-0.21609371900558472,0.0,0.0,0.0,0.0,0.0,0.0,0.0,0.0,0.0,0.0,0.0,0.0,0.0,0.0,0.0,0.0,0.0,0.0,0.0,0.0,0.0,0.0,0.0,0.0,0.0,0.0,0.0,0.0,0.0,0.0,0.0,0.0,0.0,0.0,0.0,0.0,0.0,0.0,0.0,0.0,0.0,0.0
0.0,0.0,0.05257678031921387,-0.11903762817382812,0.04385840892791748,-0.23514485359191895,-0.009017646312713623,-0.2967592477798462,-0.061559438705444336,-0.3135415315628052,0.044060468673706055,-0.27951735258102417,0.048350751399993896,-0.4389737844467163,0.04667973518371582,-0.5320133864879608,0.0463789701461792,-0.6018595695495605,-0.02360600233078003,-0.2632789611816406,-0.07426279783248901,-0.43264877796173096,-0.10235244035720825,-0.5298039615154266,-0.12668108940124512,-0.5988644063472748,-0.08383983373641968,-0.23193728923797607,-0.1143140196800232,-0.3424879312515259,-0.08528351783752441,-0.30662667751312256,-0.06835395097732544,-0.26144397258758545,-0.12945455312728882,-0.19301056861877441,-0.13169586658477783,-0.2795601487159729,-0.10926926136016846,-0.2509663701057434,-0.09635239839553833,-0.2155970335006714,0.0,0.0,0.0,0.0,0.0,0.0,0.0,0.0,0.0,0.0,0.0,0.0,0.0,0.0,0.0,0.0,0.0,0.0,0.0,0.0,0.0,0.0,0.0,0.0,0.0,0.0,0.0,0.0,0.0,0.0,0.0,0.0,0.0,0.0,0.0,0.0,0.0,0.0,0.0,0.0,0.0,0.0
0.0,0.0,0.05129319429397583,-0.1206788420677185,0.04232209920883179,-0.23602265119552612,-0.009321033954620361,-0.29754316806793213,-0.06206005811691284,-0.3134547472000122,0.04348456859588623,-0.2826526165008545,0.04682689905166626,-0.4410889148712158,0.044640421867370605,-0.5347918272018433,0.04444229602813721,-0.6051482260227203,-0.021959125995635986,-0.26532572507858276,-0.07469415664672852,-0.4338580369949341,-0.10274600982666016,-0.5314036011695862,-0.1260417103767395,-0.6010714471340179,-0.08264786005020142,-0.2336100935935974,-0.11603039503097534,-0.34393221139907837,-0.08798819780349731,-0.30903029441833496,-0.07093673944473267,-0.2648218274116516,-0.12974989414215088,-0.19405418634414673,-0.13466620445251465,-0.28145456314086914,-0.11275261640548706,-0.25195395946502686,-0.09933602809906006,-0.2162020206451416,0.0,0.0,0.0,0.0,0.0,0.0,0.0,0.0,0.0,0.0,0.0,0.0,0.0,0.0,0.0,0.0,0.0,0.0,0.0,0.0,0.0,0.0,0.0,0.0,0.0,0.0,0.0,0.0,0.0,0.0,0.0,0.0,0.0,0.0,0.0,0.0,0.0,0.0,0.0,0.0,0.0,0.0
0.0,0.0,0.05222958326339722,-0.11973661184310913,0.044031500816345215,-0.23607468605041504,-0.00695192813873291,-0.2996096611022949,-0.05875694751739502,-0.3169648051261902,0.045349717140197754,-0.2830122113227844,0.048569321632385254,-0.4428507089614868,0.0458759069442749,-0.5365718007087708,0.04516458511352539,-0.6068169474601746,-0.020545005798339844,-0.2660754323005676,-0.07275360822677612,-0.4348771572113037,-0.10046255588531494,-0.5327174067497253,-0.1239367127418518,-0.6028568744659424,-0.08083784580230713,-0.2343827486038208,-0.11432790756225586,-0.34558528661727905,-0.08555394411087036,-0.31005364656448364,-0.06834167242050171,-0.26577138900756836,-0.12706893682479858,-0.19434857368469238,-0.13215672969818115,-0.2816912531852722,-0.1101219654083252,-0.2527009844779968,-0.09672629833221436,-0.217157244682312,0.0,0.0,0.0,0.0,0.0,0.0,0.0,0.0,0.0,0.0,0.0,0.0,0.0,0.0,0.0,0.0,0.0,0.0,0.0,0.0,0.0,0.0,0.0,0.0,0.0,0.0,0.0,0.0,0.0,0.0,0.0,0.0,0.0,0.0,0.0,0.0,0.0,0.0,0.0,0.0,0.0,0.0
0.0,0.0,0.053007662296295166,-0.12160933017730713,0.04513901472091675,-0.23734629154205322,-0.0063474178314208984,-0.29944318532943726,-0.060338497161865234,-0.31598663330078125,0.046383559703826904,-0.28067439794540405,0.05207902193069458,-0.4390714764595032,0.04974144697189331,-0.5318042635917664,0.04912221431732178,-0.6020068228244781,-0.02016627788543701,-0.26309525966644287,-0.07133263349533081,-0.4315006732940674,-0.09966886043548584,-0.5292520821094513,-0.12377423048019409,-0.5999094843864441,-0.0812920331954956,-0.23168224096298218,-0.11319434642791748,-0.3442836403846741,-0.08495169878005981,-0.30957454442977905,-0.0683521032333374,-0.26527518033981323,-0.1284165382385254,-0.19246315956115723,-0.13139039278030396,-0.28164005279541016,-0.1092957854270935,-0.25318771600723267,-0.09577935934066772,-0.21758908033370972,0.0,0.0,0.0,0.0,0.0,0.0,0.0,0.0,0.0,0.0,0.0,0.0,0.0,0.0,0.0,0.0,0.0,0.0,0.0,0.0,0.0,0.0,0.0,0.0,0.0,0.0,0.0,0.0,0.0,0.0,0.0,0.0,0.0,0.0,0.0,0.0,0.0,0.0,0.0,0.0,0.0,0.0
0.0,0.0,0.05273836851119995,-0.12086689472198486,0.04447197914123535,-0.2372492551803589,-0.007168889045715332,-0.2988361716270447,-0.0602492094039917,-0.31589239835739136,0.04674309492111206,-0.27990925312042236,0.052578508853912354,-0.438981294631958,0.050138235092163086,-0.5318356454372406,0.049211740493774414,-0.6019005477428436,-0.01961880922317505,-0.2632676362991333,-0.07102751731872559,-0.4313470721244812,-0.10068202018737793,-0.5281852781772614,-0.1258273720741272,-0.5979199707508087,-0.08070820569992065,-0.2318841814994812,-0.1133924126625061,-0.3424984812736511,-0.0859108567237854,-0.30655038356781006,-0.06987237930297852,-0.26214277744293213,-0.1284201741218567,-0.1917361617088318,-0.13226383924484253,-0.2797573208808899,-0.11061757802963257,-0.2496231198310852,-0.09744513034820557,-0.21310973167419434,0.0,0.0,0.0,0.0,0.0,0.0,0.0,0.0,0.0,0.0,0.0,0.0,0.0,0.0,0.0,0.0,0.0,0.0,0.0,0.0,0.0,0.0,0.0,0.0,0.0,0.0,0.0,0.0,0.0,0.0,0.0,0.0,0.0,0.0,0.0,0.0,0.0,0.0,0.0,0.0,0.0,0.0
0.0,0.0,0.0531197190284729,-0.1213790774345398,0.04482448101043701,-0.2386731505393982,-0.007953047752380371,-0.30031776428222656,-0.06156390905380249,-0.3174498677253723,0.04739093780517578,-0.2814544439315796,0.052965641021728516,-0.44009339809417725,0.05051290988922119,-0.5329462289810181,0.04950249195098877,-0.6033176183700562,-0.019113659858703613,-0.2643096446990967,-0.0708799958229065,-0.43286263942718506,-0.10070699453353882,-0.5311601758003235,-0.12644165754318237,-0.602594405412674,-0.08030378818511963,-0.23315733671188354,-0.11316394805908203,-0.34528303146362305,-0.08537542819976807,-0.3097144365310669,-0.06925559043884277,-0.26576167345046997,-0.1282278299331665,-0.19320577383041382,-0.1321130394935608,-0.28348439931869507,-0.11028820276260376,-0.25330519676208496,-0.0970008373260498,-0.21686255931854248,0.0,0.0,0.0,0.0,0.0,0.0,0.0,0.0,0.0,0.0,0.0,0.0,0.0,0.0,0.0,0.0,0.0,0.0,0.0,0.0,0.0,0.0,0.0,0.0,0.0,0.0,0.0,0.0,0.0,0.0,0.0,0.0,0.0,0.0,0.0,0.0,0.0,0.0,0.0,0.0,0.0,0.0
0.0,0.0,0.05454915761947632,-0.12076294422149658,0.04707527160644531,-0.237329363822937,-0.0037325024604797363,-0.3017251491546631,-0.05699652433395386,-0.3202945590019226,0.04837203025817871,-0.27982544898986816,0.05453908443450928,-0.4391520619392395,0.05284750461578369,-0.5325036942958832,0.05228400230407715,-0.6038570702075958,-0.018510818481445312,-0.26356226205825806,-0.06880718469619751,-0.432714581489563,-0.09818363189697266,-0.5314830839633942,-0.12352603673934937,-0.6034092903137207,-0.08021485805511475,-0.2332090139389038,-0.11175012588500977,-0.3463452458381653,-0.08413344621658325,-0.31002259254455566,-0.06785136461257935,-0.26476532220840454,-0.12832170724868774,-0.19476062059402466,-0.13119053840637207,-0.2845360040664673,-0.109577476978302,-0.25377994775772095,-0.09669244289398193,-0.2169775366783142,0.0,0.0,0.0,0.0,0.0,0.0,0.0,0.0,0.0,0.0,0.0,0.0,0.0,0.0,0.0,0.0,0.0,0.0,0.0,0.0,0.0,0.0,0.0,0.0,0.0,0.0,0.0,0.0,0.0,0.0,0.0,0.0,0.0,0.0,0.0,0.0,0.0,0.0,0.0,0.0,0.0,0.0
0.0,0.0,0.0541340708732605,-0.12187802791595459,0.046207427978515625,-0.2387598156929016,-0.006617426872253418,-0.3025604486465454,-0.060690104961395264,-0.32160210609436035,0.048710763454437256,-0.2788020372390747,0.055357396602630615,-0.43890541791915894,0.05398845672607422,-0.5330560207366943,0.05345684289932251,-0.6046307682991028,-0.019078314304351807,-0.2620701193809509,-0.07102769613265991,-0.4343392848968506,-0.10137373208999634,-0.5339169204235077,-0.12763255834579468,-0.6062639057636261,-0.08100169897079468,-0.23190408945083618,-0.11235833168029785,-0.34833037853240967,-0.08354330062866211,-0.3129393458366394,-0.06686615943908691,-0.26828330755233765,-0.12928885221481323,-0.19362950325012207,-0.13194656372070312,-0.28706568479537964,-0.10916686058044434,-0.2570642828941345,-0.09516751766204834,-0.2200736403465271,0.0,0.0,0.0,0.0,0.0,0.0,0.0,0.0,0.0,0.0,0.0,0.0,0.0,0.0,0.0,0.0,0.0,0.0,0.0,0.0,0.0,0.0,0.0,0.0,0.0,0.0,0.0,0.0,0.0,0.0,0.0,0.0,0.0,0.0,0.0,0.0,0.0,0.0,0.0,0.0,0.0,0.0
0.0,0.0,0.05575758218765259,-0.12101960182189941,0.04780125617980957,-0.23886144161224365,-0.004191040992736816,-0.30372315645217896,-0.057607293128967285,-0.3217155337333679,0.04853147268295288,-0.28299039602279663,0.05451512336730957,-0.443709135055542,0.053564488887786865,-0.5375185012817383,0.05401855707168579,-0.608590692281723,-0.018888652324676514,-0.266487181186676,-0.06885039806365967,-0.4364858865737915,-0.09758973121643066,-0.5361040532588959,-0.12211710214614868,-0.6080774664878845,-0.08010989427566528,-0.23508769273757935,-0.11063671112060547,-0.34928977489471436,-0.08209788799285889,-0.3145584464073181,-0.0655866265296936,-0.27006638050079346,-0.1272922158241272,-0.19555795192718506,-0.1299881935119629,-0.28775328397750854,-0.10778754949569702,-0.2576889395713806,-0.09474879503250122,-0.2204989790916443,0.0,0.0,0.0,0.0,0.0,0.0,0.0,0.0,0.0,0.0,0.0,0.0,0.0,0.0,0.0,0.0,0.0,0.0,0.0,0.0,0.0,0.0,0.0,0.0,0.0,0.0,0.0,0.0,0.0,0.0,0.0,0.0,0.0,0.0,0.0,0.0,0.0,0.0,0.0,0.0,0.0,0.0
0.0,0.0,0.055798888206481934,-0.11988836526870728,0.04925614595413208,-0.23776936531066895,-0.0026152729988098145,-0.3041496276855469,-0.055809974670410156,-0.3247509002685547,0.04913872480392456,-0.28224337100982666,0.05606323480606079,-0.444916307926178,0.05556905269622803,-0.5398556590080261,0.05632859468460083,-0.6119472682476044,-0.01828557252883911,-0.2643657922744751,-0.06890767812728882,-0.43586206436157227,-0.09752047061920166,-0.5353175103664398,-0.1222914457321167,-0.6075000762939453,-0.07977503538131714,-0.2333417534828186,-0.11036962270736694,-0.35158771276474,-0.08144575357437134,-0.3157650828361511,-0.06485450267791748,-0.2702685594558716,-0.1269398331642151,-0.1950911283493042,-0.12899750471115112,-0.28860294818878174,-0.10666763782501221,-0.2580854892730713,-0.09370821714401245,-0.22088086605072021,0.0,0.0,0.0,0.0,0.0,0.0,0.0,0.0,0.0,0.0,0.0,0.0,0.0,0.0,0.0,0.0,0.0,0.0,0.0,0.0,0.0,0.0,0.0,0.0,0.0,0.0,0.0,0.0,0.0,0.0,0.0,0.0,0.0,0.0,0.0,0.0,0.0,0.0,0.0,0.0,0.0,0.0
0.0,0.0,0.05541181564331055,-0.12065905332565308,0.048596978187561035,-0.23663246631622314,-0.003327310085296631,-0.30252450704574585,-0.05664759874343872,-0.32231658697128296,0.049408555030822754,-0.28048866987228394,0.05714619159698486,-0.4425591826438904,0.05695915222167969,-0.5378802120685577,0.05776470899581909,-0.6096249222755432,-0.0169561505317688,-0.2628566026687622,-0.06867992877960205,-0.4350619912147522,-0.09839481115341187,-0.5351062715053558,-0.12381923198699951,-0.6073858141899109,-0.07820087671279907,-0.23193401098251343,-0.10930287837982178,-0.34934645891189575,-0.08123010396957397,-0.3142330050468445,-0.06513512134552002,-0.270188570022583,-0.12523603439331055,-0.19306105375289917,-0.1274988055229187,-0.28532564640045166,-0.1053241491317749,-0.25586438179016113,-0.09249013662338257,-0.22004562616348267,0.0,0.0,0.0,0.0,0.0,0.0,0.0,0.0,0.0,0.0,0.0,0.0,0.0,0.0,0.0,0.0,0.0,0.0,0.0,0.0,0.0,0.0,0.0,0.0,0.0,0.0,0.0,0.0,0.0,0.0,0.0,0.0,0.0,0.0,0.0,0.0,0.0,0.0,0.0,0.0,0.0,0.0
0.0,0.0,0.05613875389099121,-0.1193622350692749,0.049423277378082275,-0.23698347806930542,-0.0028583407402038574,-0.3046730160713196,-0.05695134401321411,-0.3248002529144287,0.050235748291015625,-0.2795567512512207,0.05727869272232056,-0.4420737028121948,0.05659067630767822,-0.5375109612941742,0.056717514991760254,-0.6096435487270355,-0.016553521156311035,-0.2623308300971985,-0.06887871026992798,-0.4359102249145508,-0.0993502140045166,-0.537309318780899,-0.1254422664642334,-0.6111751198768616,-0.07781296968460083,-0.23131418228149414,-0.10858374834060669,-0.350149929523468,-0.08099216222763062,-0.31412273645401,-0.06511485576629639,-0.2692405581474304,-0.12520557641983032,-0.19259250164031982,-0.12763172388076782,-0.2885251045227051,-0.10573434829711914,-0.257576584815979,-0.09318816661834717,-0.21977800130844116,0.0,0.0,0.0,0.0,0.0,0.0,0.0,0.0,0.0,0.0,0.0,0.0,0.0,0.0,0.0,0.0,0.0,0.0,0.0,0.0,0.0,0.0,0.0,0.0,0.0,0.0,0.0,0.0,0.0,0.0,0.0,0.0,0.0,0.0,0.0,0.0,0.0,0.0,0.0,0.0,0.0,0.0
0.0,0.0,0.056788086891174316,-0.11985653638839722,0.05142611265182495,-0.23525315523147583,3.9637088775634766e-05,-0.3044694662094116,-0.05325740575790405,-0.3258475065231323,0.05257648229598999,-0.2821286916732788,0.059314191341400146,-0.4439202547073364,0.057251572608947754,-0.5402524173259735,0.0564308762550354,-0.612883061170578,-0.013784050941467285,-0.2643413543701172,-0.0689958930015564,-0.4381716847419739,-0.10059070587158203,-0.5389509201049805,-0.12691885232925415,-0.6121507585048676,-0.07528173923492432,-0.23331207036972046,-0.10861903429031372,-0.3524143099784851,-0.08201688528060913,-0.3155401349067688,-0.06630653142929077,-0.2708802819252014,-0.1233566403388977,-0.1944313645362854,-0.12809062004089355,-0.2906060218811035,-0.10699880123138428,-0.2586979269981384,-0.09390395879745483,-0.22118550539016724,0.0,0.0,0.0,0.0,0.0,0.0,0.0,0.0,0.0,0.0,0.0,0.0,0.0,0.0,0.0,0.0,0.0,0.0,0.0,0.0,0.0,0.0,0.0,0.0,0.0,0.0,0.0,0.0,0.0,0.0,0.0,0.0,0.0,0.0,0.0,0.0,0.0,0.0,0.0,0.0,0.0,0.0
0.0,0.0,0.05802041292190552,-0.11978739500045776,0.052207767963409424,-0.2399921417236328,-0.0003371238708496094,-0.3132178783416748,-0.05518060922622681,-0.33643174171447754,0.054064035415649414,-0.2828502655029297,0.060542523860931396,-0.4466713070869446,0.059875309467315674,-0.5431398749351501,0.05948513746261597,-0.616563618183136,-0.012944459915161133,-0.2652508020401001,-0.06867760419845581,-0.4404066205024719,-0.10108435153961182,-0.5433732867240906,-0.12868493795394897,-0.618831068277359,-0.07500749826431274,-0.23452574014663696,-0.10718858242034912,-0.35609662532806396,-0.07936042547225952,-0.32117193937301636,-0.06301546096801758,-0.2761663794517517,-0.12343555688858032,-0.19674569368362427,-0.12555474042892456,-0.2957804203033447,-0.10373586416244507,-0.2650221586227417,-0.09095996618270874,-0.22676247358322144,0.0,0.0,0.0,0.0,0.0,0.0,0.0,0.0,0.0,0.0,0.0,0.0,0.0,0.0,0.0,0.0,0.0,0.0,0.0,0.0,0.0,0.0,0.0,0.0,0.0,0.0,0.0,0.0,0.0,0.0,0.0,0.0,0.0,0.0,0.0,0.0,0.0,0.0,0.0,0.0,0.0,0.0
0.0,0.0,0.06096994876861572,-0.11895370483398438,0.054478585720062256,-0.23729074001312256,0.00144881010055542,-0.31050193309783936,-0.05250018835067749,-0.3367798328399658,0.05860340595245361,-0.2851153016090393,0.06679260730743408,-0.4522291421890259,0.06462562084197998,-0.5514111518859863,0.06250321865081787,-0.6259875297546387,-0.010316789150238037,-0.2656324505805969,-0.0672951340675354,-0.4460526704788208,-0.09979784488677979,-0.550407737493515,-0.12766128778457642,-0.6261965334415436,-0.07377290725708008,-0.23491501808166504,-0.10651254653930664,-0.36315035820007324,-0.07738488912582397,-0.328855037689209,-0.06072884798049927,-0.2842358946800232,-0.12208247184753418,-0.19741690158843994,-0.1244843602180481,-0.2999454736709595,-0.1022757887840271,-0.27028340101242065,-0.08852463960647583,-0.23267370462417603,0.0,0.0,0.0,0.0,0.0,0.0,0.0,0.0,0.0,0.0,0.0,0.0,0.0,0.0,0.0,0.0,0.0,0.0,0.0,0.0,0.0,0.0,0.0,0.0,0.0,0.0,0.0,0.0,0.0,0.0,0.0,0.0,0.0,0.0,0.0,0.0,0.0,0.0,0.0,0.0,0.0,0.0
0.0,0.0,0.06049460172653198,-0.12020057439804077,0.054715514183044434,-0.2416178584098816,0.0031957626342773438,-0.31627947092056274,-0.050861477851867676,-0.3440198302268982,0.05679720640182495,-0.29095542430877686,0.06558507680892944,-0.45860159397125244,0.06374287605285645,-0.5576114058494568,0.061960697174072266,-0.6319312751293182,-0.011648118495941162,-0.27194148302078247,-0.07162350416183472,-0.45328962802886963,-0.10365825891494751,-0.5559002757072449,-0.13007456064224243,-0.6314002573490143,-0.07491046190261841,-0.24142616987228394,-0.10859084129333496,-0.3715234398841858,-0.07975542545318604,-0.337802529335022,-0.06342601776123047,-0.2943626642227173,-0.12334156036376953,-0.20296251773834229,-0.12606626749038696,-0.30727535486221313,-0.10392189025878906,-0.27856194972991943,-0.09014737606048584,-0.24197524785995483,0.0,0.0,0.0,0.0,0.0,0.0,0.0,0.0,0.0,0.0,0.0,0.0,0.0,0.0,0.0,0.0,0.0,0.0,0.0,0.0,0.0,0.0,0.0,0.0,0.0,0.0,0.0,0.0,0.0,0.0,0.0,0.0,0.0,0.0,0.0,0.0,0.0,0.0,0.0,0.0,0.0,0.0
0.0,0.0,0.06067490577697754,-0.12045633792877197,0.054857492446899414,-0.2417193055152893,0.0014582276344299316,-0.31578272581100464,-0.05427372455596924,-0.3418581485748291,0.05713093280792236,-0.28982943296432495,0.06621325016021729,-0.45986562967300415,0.06513428688049316,-0.5589678287506104,0.06325113773345947,-0.6335611939430237,-0.01206362247467041,-0.2722112536430359,-0.07115298509597778,-0.4548165202140808,-0.10353207588195801,-0.5571684539318085,-0.13072293996810913,-0.6321167349815369,-0.0756186842918396,-0.2417277693748474,-0.10885846614837646,-0.3709295988082886,-0.08023697137832642,-0.33627188205718994,-0.063931405544281,-0.2918989658355713,-0.12353605031967163,-0.20370888710021973,-0.125848650932312,-0.30611079931259155,-0.10326218605041504,-0.27763622999191284,-0.08963662385940552,-0.24056780338287354,0.0,0.0,0.0,0.0,0.0,0.0,0.0,0.0,0.0,0.0,0.0,0.0,0.0,0.0,0.0,0.0,0.0,0.0,0.0,0.0,0.0,0.0,0.0,0.0,0.0,0.0,0.0,0.0,0.0,0.0,0.0,0.0,0.0,0.0,0.0,0.0,0.0,0.0,0.0,0.0,0.0,0.0
0.0,0.0,0.06097036600112915,-0.12257659435272217,0.05414760112762451,-0.2453538179397583,-0.00022161006927490234,-0.3198767304420471,-0.055660247802734375,-0.34799695014953613,0.057013630867004395,-0.29312771558761597,0.06609618663787842,-0.4638630747795105,0.06526738405227661,-0.5630381107330322,0.06379956007003784,-0.638090193271637,-0.013096511363983154,-0.273681640625,-0.07143950462341309,-0.45730161666870117,-0.10332542657852173,-0.5611870884895325,-0.13072329759597778,-0.6381193101406097,-0.07687973976135254,-0.24313688278198242,-0.10756903886795044,-0.37622135877609253,-0.07834208011627197,-0.3428773283958435,-0.06258511543273926,-0.29915565252304077,-0.12443453073501587,-0.205424964427948,-0.1253514289855957,-0.3123648166656494,-0.10293114185333252,-0.2835182547569275,-0.08917677402496338,-0.24542170763015747,0.0,0.0,0.0,0.0,0.0,0.0,0.0,0.0,0.0,0.0,0.0,0.0,0.0,0.0,0.0,0.0,0.0,0.0,0.0,0.0,0.0,0.0,0.0,0.0,0.0,0.0,0.0,0.0,0.0,0.0,0.0,0.0,0.0,0.0,0.0,0.0,0.0,0.0,0.0,0.0,0.0,0.0
0.0,0.0,0.06176882982254028,-0.12193864583969116,0.05366992950439453,-0.24591022729873657,-0.0017966628074645996,-0.3204360008239746,-0.05850917100906372,-0.3481823205947876,0.058621346950531006,-0.2908320426940918,0.06661266088485718,-0.46327054500579834,0.06615304946899414,-0.5622473061084747,0.0644872784614563,-0.6375749111175537,-0.011904478073120117,-0.271959125995636,-0.07069897651672363,-0.4566577672958374,-0.10317271947860718,-0.5609548687934875,-0.13126033544540405,-0.6384433507919312,-0.07615530490875244,-0.24191582202911377,-0.10773664712905884,-0.37703943252563477,-0.07829302549362183,-0.3429831862449646,-0.06250214576721191,-0.29817336797714233,-0.12335050106048584,-0.20527976751327515,-0.1242671012878418,-0.31056684255599976,-0.10117286443710327,-0.28242427110671997,-0.08766567707061768,-0.2444797158241272,0.0,0.0,0.0,0.0,0.0,0.0,0.0,0.0,0.0,0.0,0.0,0.0,0.0,0.0,0.0,0.0,0.0,0.0,0.0,0.0,0.0,0.0,0.0,0.0,0.0,0.0,0.0,0.0,0.0,0.0,0.0,0.0,0.0,0.0,0.0,0.0,0.0,0.0,0.0,0.0,0.0,0.0
0.0,0.0,0.06185150146484375,-0.12230026721954346,0.05466008186340332,-0.24754297733306885,-0.0013183951377868652,-0.32238060235977173,-0.05812948942184448,-0.3501471281051636,0.05767315626144409,-0.29319846630096436,0.06660693883895874,-0.4644657373428345,0.06618273258209229,-0.5638425052165985,0.0650600790977478,-0.6395174860954285,-0.013080418109893799,-0.27367955446243286,-0.07181239128112793,-0.4575514793395996,-0.10375469923019409,-0.5621199607849121,-0.13138318061828613,-0.6396043300628662,-0.07696729898452759,-0.24336647987365723,-0.10814028978347778,-0.37902724742889404,-0.07841747999191284,-0.3454880118370056,-0.06227922439575195,-0.30093568563461304,-0.12416970729827881,-0.20626157522201538,-0.12493795156478882,-0.31244879961013794,-0.10182034969329834,-0.28412771224975586,-0.08803099393844604,-0.24624651670455933,0.0,0.0,0.0,0.0,0.0,0.0,0.0,0.0,0.0,0.0,0.0,0.0,0.0,0.0,0.0,0.0,0.0,0.0,0.0,0.0,0.0,0.0,0.0,0.0,0.0,0.0,0.0,0.0,0.0,0.0,0.0,0.0,0.0,0.0,0.0,0.0,0.0,0.0,0.0,0.0,0.0,0.0
0.0,0.0,0.06170082092285156,-0.12342041730880737,0.05391055345535278,-0.24791014194488525,-0.0014693140983581543,-0.3224611282348633,-0.05867058038711548,-0.350119411945343,0.057513654232025146,-0.29310256242752075,0.06642258167266846,-0.4647911787033081,0.06536120176315308,-0.5640091598033905,0.06300759315490723,-0.6390175819396973,-0.012584209442138672,-0.27344053983688354,-0.07293105125427246,-0.4590228796005249,-0.10532695055007935,-0.5632250010967255,-0.13311517238616943,-0.6397550106048584,-0.07671409845352173,-0.24235546588897705,-0.11041486263275146,-0.3794633150100708,-0.08071547746658325,-0.34640002250671387,-0.06412661075592041,-0.30215656757354736,-0.12399446964263916,-0.20407629013061523,-0.12660789489746094,-0.31204503774642944,-0.10346299409866333,-0.28408563137054443,-0.0893486738204956,-0.2461053729057312,0.0,0.0,0.0,0.0,0.0,0.0,0.0,0.0,0.0,0.0,0.0,0.0,0.0,0.0,0.0,0.0,0.0,0.0,0.0,0.0,0.0,0.0,0.0,0.0,0.0,0.0,0.0,0.0,0.0,0.0,0.0,0.0,0.0,0.0,0.0,0.0,0.0,0.0,0.0,0.0,0.0,0.0
0.0,0.0,0.061953723430633545,-0.1210707426071167,0.05378007888793945,-0.2482132911682129,-0.003941953182220459,-0.3262428641319275,-0.061744749546051025,-0.3563467860221863,0.05814129114151001,-0.2925134301185608,0.06655824184417725,-0.465207576751709,0.06679147481918335,-0.5645706951618195,0.06570214033126831,-0.6405976414680481,-0.012956857681274414,-0.27271586656570435,-0.07203179597854614,-0.4585074782371521,-0.10443681478500366,-0.5638003051280975,-0.13288789987564087,-0.6418834030628204,-0.07733821868896484,-0.2417704463005066,-0.10999608039855957,-0.3791719675064087,-0.08033609390258789,-0.3465818166732788,-0.06446212530136108,-0.3016775846481323,-0.12441712617874146,-0.20499426126480103,-0.1267426609992981,-0.31399309635162354,-0.10339033603668213,-0.2861868739128113,-0.08986753225326538,-0.24719399213790894,0.0,0.0,0.0,0.0,0.0,0.0,0.0,0.0,0.0,0.0,0.0,0.0,0.0,0.0,0.0,0.0,0.0,0.0,0.0,0.0,0.0,0.0,0.0,0.0,0.0,0.0,0.0,0.0,0.0,0.0,0.0,0.0,0.0,0.0,0.0,0.0,0.0,0.0,0.0,0.0,0.0,0.0
0.0,0.0,0.06064713001251221,-0.12252157926559448,0.05157667398452759,-0.25164562463760376,-0.007560312747955322,-0.3288017511367798,-0.06573218107223511,-0.3592212200164795,0.056053876876831055,-0.2952864170074463,0.06394064426422119,-0.46829748153686523,0.06409066915512085,-0.568491131067276,0.06343483924865723,-0.6450251042842865,-0.01573789119720459,-0.2757018804550171,-0.0749061107635498,-0.4616985321044922,-0.10703659057617188,-0.5673405528068542,-0.13501441478729248,-0.645626574754715,-0.08039331436157227,-0.24556201696395874,-0.11229091882705688,-0.38350510597229004,-0.08175426721572876,-0.3508496880531311,-0.06528908014297485,-0.30595582723617554,-0.12772798538208008,-0.209042489528656,-0.12905645370483398,-0.3181004524230957,-0.1053762435913086,-0.28982794284820557,-0.09139782190322876,-0.2507612705230713,0.0,0.0,0.0,0.0,0.0,0.0,0.0,0.0,0.0,0.0,0.0,0.0,0.0,0.0,0.0,0.0,0.0,0.0,0.0,0.0,0.0,0.0,0.0,0.0,0.0,0.0,0.0,0.0,0.0,0.0,0.0,0.0,0.0,0.0,0.0,0.0,0.0,0.0,0.0,0.0,0.0,0.0
0.0,0.0,0.06353378295898438,-0.1233818531036377,0.0555766224861145,-0.2506255507469177,-0.0016495585441589355,-0.3283698558807373,-0.05736666917800903,-0.3608821630477905,0.056240856647491455,-0.30080902576446533,0.06467777490615845,-0.47094154357910156,0.06488841772079468,-0.571252167224884,0.06407546997070312,-0.6476786434650421,-0.015476465225219727,-0.28093576431274414,-0.07457268238067627,-0.4659731388092041,-0.1055532693862915,-0.5709238648414612,-0.13351166248321533,-0.649706095457077,-0.07986539602279663,-0.2511749267578125,-0.11150205135345459,-0.38825350999832153,-0.08052712678909302,-0.35442620515823364,-0.06402945518493652,-0.309039831161499,-0.126329243183136,-0.21353119611740112,-0.12824362516403198,-0.3206542730331421,-0.10532867908477783,-0.29225730895996094,-0.0901176929473877,-0.2536829113960266,0.0,0.0,0.0,0.0,0.0,0.0,0.0,0.0,0.0,0.0,0.0,0.0,0.0,0.0,0.0,0.0,0.0,0.0,0.0,0.0,0.0,0.0,0.0,0.0,0.0,0.0,0.0,0.0,0.0,0.0,0.0,0.0,0.0,0.0,0.0,0.0,0.0,0.0,0.0,0.0,0.0,0.0
0.0,0.0,0.06240427494049072,-0.12363529205322266,0.054815590381622314,-0.2529115676879883,-0.005841851234436035,-0.3304574489593506,-0.06284916400909424,-0.3620365262031555,0.05563461780548096,-0.2987149953842163,0.06335985660552979,-0.47101080417633057,0.06327182054519653,-0.5714927017688751,0.06278157234191895,-0.6487192213535309,-0.016821205615997314,-0.2795412540435791,-0.07526451349258423,-0.4646197557449341,-0.10575598478317261,-0.5703620612621307,-0.1334247589111328,-0.6495692133903503,-0.08141309022903442,-0.2498144507408142,-0.11237770318984985,-0.3888733386993408,-0.08077794313430786,-0.3565954566001892,-0.06441998481750488,-0.31107598543167114,-0.1279505491256714,-0.21264582872390747,-0.12889498472213745,-0.3203813433647156,-0.10441732406616211,-0.29413121938705444,-0.08962202072143555,-0.256203293800354,0.0,0.0,0.0,0.0,0.0,0.0,0.0,0.0,0.0,0.0,0.0,0.0,0.0,0.0,0.0,0.0,0.0,0.0,0.0,0.0,0.0,0.0,0.0,0.0,0.0,0.0,0.0,0.0,0.0,0.0,0.0,0.0,0.0,0.0,0.0,0.0,0.0,0.0,0.0,0.0,0.0,0.0
0.0,0.0,0.06339877843856812,-0.12372082471847534,0.05489832162857056,-0.2515331506729126,-0.0032338500022888184,-0.3265601396560669,-0.06025010347366333,-0.35646647214889526,0.056761085987091064,-0.2999644875526428,0.06380969285964966,-0.4726145267486572,0.06265509128570557,-0.5721071064472198,0.06120932102203369,-0.6482964754104614,-0.01600956916809082,-0.28071945905685425,-0.07504737377166748,-0.4660148620605469,-0.10662710666656494,-0.5722982287406921,-0.13432878255844116,-0.6519783735275269,-0.08070379495620728,-0.2508971691131592,-0.11174207925796509,-0.3885776996612549,-0.08117610216140747,-0.35349321365356445,-0.06541472673416138,-0.3073464632034302,-0.12709641456604004,-0.21267104148864746,-0.12818819284439087,-0.32021117210388184,-0.10449957847595215,-0.29205238819122314,-0.08982610702514648,-0.2531886100769043,0.0,0.0,0.0,0.0,0.0,0.0,0.0,0.0,0.0,0.0,0.0,0.0,0.0,0.0,0.0,0.0,0.0,0.0,0.0,0.0,0.0,0.0,0.0,0.0,0.0,0.0,0.0,0.0,0.0,0.0,0.0,0.0,0.0,0.0,0.0,0.0,0.0,0.0,0.0,0.0,0.0,0.0
0.0,0.0,0.06299811601638794,-0.12275677919387817,0.055121541023254395,-0.25189870595932007,-0.003737330436706543,-0.32796406745910645,-0.061734914779663086,-0.35818278789520264,0.05597507953643799,-0.29975277185440063,0.06376904249191284,-0.4737144708633423,0.062261879444122314,-0.5745109915733337,0.06034886837005615,-0.6516073048114777,-0.017214596271514893,-0.28099876642227173,-0.07547813653945923,-0.46818435192108154,-0.10644584894180298,-0.5764599144458771,-0.13387811183929443,-0.6575209200382233,-0.08183026313781738,-0.2513198256492615,-0.1119987964630127,-0.39036357402801514,-0.0807308554649353,-0.35641103982925415,-0.06461256742477417,-0.310447096824646,-0.12799453735351562,-0.21348708868026733,-0.1286083459854126,-0.32282090187072754,-0.10433119535446167,-0.2963283658027649,-0.0897015929222107,-0.2583758234977722,0.0,0.0,0.0,0.0,0.0,0.0,0.0,0.0,0.0,0.0,0.0,0.0,0.0,0.0,0.0,0.0,0.0,0.0,0.0,0.0,0.0,0.0,0.0,0.0,0.0,0.0,0.0,0.0,0.0,0.0,0.0,0.0,0.0,0.0,0.0,0.0,0.0,0.0,0.0,0.0,0.0,0.0
0.0,0.0,0.06436192989349365,-0.12129300832748413,0.057716429233551025,-0.2498059868812561,3.0875205993652344e-05,-0.327658474445343,-0.056440770626068115,-0.3580590486526489,0.05664902925491333,-0.2992057800292969,0.06298494338989258,-0.474811851978302,0.060766518115997314,-0.5773020386695862,0.05826759338378906,-0.6557020545005798,-0.016007661819458008,-0.2808091640472412,-0.07388836145401001,-0.46957409381866455,-0.10384941101074219,-0.5753292143344879,-0.13111668825149536,-0.654357522726059,-0.08057397603988647,-0.2513967752456665,-0.11183613538742065,-0.3928855061531067,-0.08030050992965698,-0.35677170753479004,-0.06398749351501465,-0.309687077999115,-0.126636803150177,-0.21303153038024902,-0.1285104751586914,-0.3215463161468506,-0.10424768924713135,-0.293457567691803,-0.08959335088729858,-0.2549152374267578,0.0,0.0,0.0,0.0,0.0,0.0,0.0,0.0,0.0,0.0,0.0,0.0,0.0,0.0,0.0,0.0,0.0,0.0,0.0,0.0,0.0,0.0,0.0,0.0,0.0,0.0,0.0,0.0,0.0,0.0,0.0,0.0,0.0,0.0,0.0,0.0,0.0,0.0,0.0,0.0,0.0,0.0
0.0,0.0,0.06324583292007446,-0.12041115760803223,0.05584359169006348,-0.2508128881454468,-0.004153072834014893,-0.32678085565567017,-0.06214481592178345,-0.3544946312904358,0.05594587326049805,-0.2989407181739807,0.06204330921173096,-0.4732140302658081,0.0603327751159668,-0.5747932195663452,0.05829125642776489,-0.6535109579563141,-0.016225814819335938,-0.28181028366088867,-0.07134509086608887,-0.4701012372970581,-0.09974783658981323,-0.5775336623191833,-0.1261613965034485,-0.658259391784668,-0.08100801706314087,-0.25234854221343994,-0.11270159482955933,-0.3913779854774475,-0.08160752058029175,-0.3526681661605835,-0.0663682222366333,-0.3041825294494629,-0.12791240215301514,-0.21338075399398804,-0.1309678554534912,-0.32067662477493286,-0.10632020235061646,-0.2919308543205261,-0.0924944281578064,-0.2528200149536133,0.0,0.0,0.0,0.0,0.0,0.0,0.0,0.0,0.0,0.0,0.0,0.0,0.0,0.0,0.0,0.0,0.0,0.0,0.0,0.0,0.0,0.0,0.0,0.0,0.0,0.0,0.0,0.0,0.0,0.0,0.0,0.0,0.0,0.0,0.0,0.0,0.0,0.0,0.0,0.0,0.0,0.0
0.0,0.0,0.06449460983276367,-0.12010043859481812,0.05681502819061279,-0.2505159378051758,-0.002124011516571045,-0.32827460765838623,-0.05981212854385376,-0.3581520915031433,0.056799352169036865,-0.30011945962905884,0.06238681077957153,-0.47724902629852295,0.060272157192230225,-0.5790871679782867,0.058064043521881104,-0.6575466990470886,-0.015418171882629395,-0.2832314968109131,-0.07002115249633789,-0.4719867706298828,-0.0987476110458374,-0.5790336430072784,-0.12531381845474243,-0.6593844890594482,-0.0802808403968811,-0.2539762258529663,-0.11208057403564453,-0.3948087692260742,-0.08077222108840942,-0.3582848906517029,-0.06515169143676758,-0.3104286789894104,-0.12723863124847412,-0.21464389562606812,-0.1298123598098755,-0.32304543256759644,-0.10486263036727905,-0.2960781455039978,-0.09049379825592041,-0.25764960050582886,0.0,0.0,0.0,0.0,0.0,0.0,0.0,0.0,0.0,0.0,0.0,0.0,0.0,0.0,0.0,0.0,0.0,0.0,0.0,0.0,0.0,0.0,0.0,0.0,0.0,0.0,0.0,0.0,0.0,0.0,0.0,0.0,0.0,0.0,0.0,0.0,0.0,0.0,0.0,0.0,0.0,0.0
0.0,0.0,0.06150221824645996,-0.12051093578338623,0.051927149295806885,-0.25307679176330566,-0.011680364608764648,-0.3342914581298828,-0.07153791189193726,-0.3672744035720825,0.053867995738983154,-0.2971445322036743,0.05988568067550659,-0.47422897815704346,0.05770987272262573,-0.5759180188179016,0.05529630184173584,-0.6532940864562988,-0.018628418445587158,-0.2776424288749695,-0.07426708936691284,-0.4682609438896179,-0.10311388969421387,-0.5773269236087799,-0.13043814897537231,-0.6584712266921997,-0.08333301544189453,-0.24858999252319336,-0.11423027515411377,-0.3896979093551636,-0.08177638053894043,-0.3555572032928467,-0.0661974549293518,-0.30944186449050903,-0.13033920526504517,-0.211761474609375,-0.1320534348487854,-0.32388824224472046,-0.10601824522018433,-0.29969626665115356,-0.09159976243972778,-0.26257890462875366,0.0,0.0,0.0,0.0,0.0,0.0,0.0,0.0,0.0,0.0,0.0,0.0,0.0,0.0,0.0,0.0,0.0,0.0,0.0,0.0,0.0,0.0,0.0,0.0,0.0,0.0,0.0,0.0,0.0,0.0,0.0,0.0,0.0,0.0,0.0,0.0,0.0,0.0,0.0,0.0,0.0,0.0
0.0,0.0,0.06646466255187988,-0.11944019794464111,0.05934643745422363,-0.2508288025856018,0.0002484917640686035,-0.3306310772895813,-0.057861328125,-0.3608737587928772,0.05759948492050171,-0.29623842239379883,0.06332665681838989,-0.4737634062767029,0.0614359974861145,-0.5758785307407379,0.059568822383880615,-0.6547016501426697,-0.014525413513183594,-0.2763606309890747,-0.06812739372253418,-0.46578365564346313,-0.09669113159179688,-0.5732498168945312,-0.12470805644989014,-0.6540974676609039,-0.07924586534500122,-0.2470075488090515,-0.11113572120666504,-0.38862431049346924,-0.07924753427505493,-0.3528292775154114,-0.06343424320220947,-0.30610138177871704,-0.12643128633499146,-0.2092047929763794,-0.1302700638771057,-0.32297879457473755,-0.10597890615463257,-0.29419487714767456,-0.09206658601760864,-0.2533441185951233,0.0,0.0,0.0,0.0,0.0,0.0,0.0,0.0,0.0,0.0,0.0,0.0,0.0,0.0,0.0,0.0,0.0,0.0,0.0,0.0,0.0,0.0,0.0,0.0,0.0,0.0,0.0,0.0,0.0,0.0,0.0,0.0,0.0,0.0,0.0,0.0,0.0,0.0,0.0,0.0,0.0,0.0
0.0,0.0,0.06494522094726562,-0.11691093444824219,0.05611389875411987,-0.25065648555755615,-0.005916118621826172,-0.33182293176651,-0.06556582450866699,-0.3634202480316162,0.056093573570251465,-0.29784446954727173,0.06275254487991333,-0.4772956371307373,0.062155961990356445,-0.5804550051689148,0.06069827079772949,-0.6595553755760193,-0.01639622449874878,-0.27916407585144043,-0.06882989406585693,-0.4709521532058716,-0.09794008731842041,-0.5811479687690735,-0.12608057260513306,-0.6639081239700317,-0.08092677593231201,-0.24980062246322632,-0.11110466718673706,-0.3929978013038635,-0.08011412620544434,-0.3568151593208313,-0.06558537483215332,-0.30954837799072266,-0.12784290313720703,-0.2120266556739807,-0.12985920906066895,-0.32676881551742554,-0.10446226596832275,-0.2998974323272705,-0.09091198444366455,-0.2608497142791748,0.0,0.0,0.0,0.0,0.0,0.0,0.0,0.0,0.0,0.0,0.0,0.0,0.0,0.0,0.0,0.0,0.0,0.0,0.0,0.0,0.0,0.0,0.0,0.0,0.0,0.0,0.0,0.0,0.0,0.0,0.0,0.0,0.0,0.0,0.0,0.0,0.0,0.0,0.0,0.0,0.0,0.0
0.0,0.0,0.06450402736663818,-0.12046873569488525,0.05534273386001587,-0.25469791889190674,-0.0057302117347717285,-0.33573460578918457,-0.0648694634437561,-0.36731791496276855,0.05409836769104004,-0.2994648218154907,0.061422884464263916,-0.47943341732025146,0.05984938144683838,-0.5825106203556061,0.058104515075683594,-0.6616760492324829,-0.018519461154937744,-0.2804211974143982,-0.06991946697235107,-0.4709934592247009,-0.09878987073898315,-0.5806804597377777,-0.12674105167388916,-0.6624752283096313,-0.08300459384918213,-0.2513115406036377,-0.11396604776382446,-0.3954101800918579,-0.08136177062988281,-0.3614593744277954,-0.0649803876876831,-0.31461405754089355,-0.12952542304992676,-0.2137913703918457,-0.13330793380737305,-0.33052390813827515,-0.10759478807449341,-0.3046860694885254,-0.09258735179901123,-0.2650063633918762,0.0,0.0,0.0,0.0,0.0,0.0,0.0,0.0,0.0,0.0,0.0,0.0,0.0,0.0,0.0,0.0,0.0,0.0,0.0,0.0,0.0,0.0,0.0,0.0,0.0,0.0,0.0,0.0,0.0,0.0,0.0,0.0,0.0,0.0,0.0,0.0,0.0,0.0,0.0,0.0,0.0,0.0
0.0,0.0,0.06415385007858276,-0.12147051095962524,0.05465960502624512,-0.25550270080566406,-0.0073239803314208984,-0.3361589312553406,-0.06734001636505127,-0.36934226751327515,0.055563926696777344,-0.2952389717102051,0.06218165159225464,-0.4748033285140991,0.060845255851745605,-0.5771177709102631,0.05946779251098633,-0.6561146676540375,-0.01618868112564087,-0.27330946922302246,-0.06888824701309204,-0.4646402597427368,-0.09799253940582275,-0.5733315944671631,-0.12663954496383667,-0.6549575924873352,-0.08111071586608887,-0.24386471509933472,-0.11404198408126831,-0.39038628339767456,-0.08161395788192749,-0.3560987710952759,-0.06547731161117554,-0.30964165925979614,-0.12857359647750854,-0.20705187320709229,-0.13492733240127563,-0.3280382752418518,-0.10967051982879639,-0.3010806441307068,-0.0953378677368164,-0.25979727506637573,0.0,0.0,0.0,0.0,0.0,0.0,0.0,0.0,0.0,0.0,0.0,0.0,0.0,0.0,0.0,0.0,0.0,0.0,0.0,0.0,0.0,0.0,0.0,0.0,0.0,0.0,0.0,0.0,0.0,0.0,0.0,0.0,0.0,0.0,0.0,0.0,0.0,0.0,0.0,0.0,0.0,0.0
0.0,0.0,0.06342750787734985,-0.11672860383987427,0.054621875286102295,-0.25116443634033203,-0.00789952278137207,-0.33284294605255127,-0.0681794285774231,-0.3655138611793518,0.05574709177017212,-0.2940754294395447,0.06317299604415894,-0.4758715033531189,0.06149876117706299,-0.579730361700058,0.05927163362503052,-0.6586931943893433,-0.016100287437438965,-0.2739144563674927,-0.07059311866760254,-0.4682896137237549,-0.10012936592102051,-0.5777356624603271,-0.1281687617301941,-0.6586887538433075,-0.08065676689147949,-0.24428701400756836,-0.11304664611816406,-0.38947516679763794,-0.08169800043106079,-0.35660433769226074,-0.06644284725189209,-0.31000208854675293,-0.12815392017364502,-0.20756912231445312,-0.13219964504241943,-0.32577645778656006,-0.10664105415344238,-0.3004041314125061,-0.09260189533233643,-0.2613990902900696,0.0,0.0,0.0,0.0,0.0,0.0,0.0,0.0,0.0,0.0,0.0,0.0,0.0,0.0,0.0,0.0,0.0,0.0,0.0,0.0,0.0,0.0,0.0,0.0,0.0,0.0,0.0,0.0,0.0,0.0,0.0,0.0,0.0,0.0,0.0,0.0,0.0,0.0,0.0,0.0,0.0,0.0
0.0,0.0,0.06485718488693237,-0.1187596321105957,0.05607771873474121,-0.252433180809021,-0.006155192852020264,-0.3340364098548889,-0.06598961353302002,-0.3660123348236084,0.05705362558364868,-0.297943115234375,0.06373476982116699,-0.47860342264175415,0.06247919797897339,-0.5822497308254242,0.060587942600250244,-0.6617530882358551,-0.015220344066619873,-0.27841800451278687,-0.07024145126342773,-0.4711449146270752,-0.099295973777771,-0.5802784264087677,-0.12689197063446045,-0.6619668900966644,-0.08020490407943726,-0.24812287092208862,-0.11285895109176636,-0.39188671112060547,-0.08147245645523071,-0.35613584518432617,-0.06631797552108765,-0.3088051676750183,-0.12747007608413696,-0.20978552103042603,-0.1307944655418396,-0.3237074017524719,-0.1057320237159729,-0.2962530851364136,-0.0917159914970398,-0.2569555640220642,0.0,0.0,0.0,0.0,0.0,0.0,0.0,0.0,0.0,0.0,0.0,0.0,0.0,0.0,0.0,0.0,0.0,0.0,0.0,0.0,0.0,0.0,0.0,0.0,0.0,0.0,0.0,0.0,0.0,0.0,0.0,0.0,0.0,0.0,0.0,0.0,0.0,0.0,0.0,0.0,0.0,0.0
0.0,0.0,0.06401538848876953,-0.11963880062103271,0.0546950101852417,-0.25655311346054077,-0.00860673189163208,-0.34035640954971313,-0.06874078512191772,-0.37358564138412476,0.05062425136566162,-0.2948378324508667,0.058880507946014404,-0.47546130418777466,0.05878305435180664,-0.5781249403953552,0.05818963050842285,-0.6567631959915161,-0.02333366870880127,-0.2766062617301941,-0.07566940784454346,-0.46844959259033203,-0.1039886474609375,-0.5807645320892334,-0.13093245029449463,-0.6639035046100616,-0.0880400538444519,-0.2485089898109436,-0.11274886131286621,-0.39493751525878906,-0.07979238033294678,-0.3648115396499634,-0.0648421049118042,-0.31958723068237305,-0.13354814052581787,-0.21467363834381104,-0.13169509172439575,-0.3338015079498291,-0.10548228025436401,-0.3097888231277466,-0.09308081865310669,-0.27019965648651123,0.0,0.0,0.0,0.0,0.0,0.0,0.0,0.0,0.0,0.0,0.0,0.0,0.0,0.0,0.0,0.0,0.0,0.0,0.0,0.0,0.0,0.0,0.0,0.0,0.0,0.0,0.0,0.0,0.0,0.0,0.0,0.0,0.0,0.0,0.0,0.0,0.0,0.0,0.0,0.0,0.0,0.0
0.0,0.0,0.06703722476959229,-0.1189274787902832,0.05770152807235718,-0.25380414724349976,-0.005861103534698486,-0.341522216796875,-0.06444555521011353,-0.3786172866821289,0.05755317211151123,-0.2938780188560486,0.06216388940811157,-0.4724498391151428,0.062365829944610596,-0.5754066705703735,0.06307387351989746,-0.6542632877826691,-0.01733487844467163,-0.2756698727607727,-0.06986844539642334,-0.46732455492019653,-0.09691214561462402,-0.5772922337055206,-0.12314069271087646,-0.6581181287765503,-0.08296668529510498,-0.2492637038230896,-0.11149108409881592,-0.3896064758300781,-0.07748699188232422,-0.3609163761138916,-0.060694992542266846,-0.31437963247299194,-0.12976598739624023,-0.21667087078094482,-0.13055121898651123,-0.32867544889450073,-0.10512518882751465,-0.30557388067245483,-0.09102541208267212,-0.2661500573158264,0.0,0.0,0.0,0.0,0.0,0.0,0.0,0.0,0.0,0.0,0.0,0.0,0.0,0.0,0.0,0.0,0.0,0.0,0.0,0.0,0.0,0.0,0.0,0.0,0.0,0.0,0.0,0.0,0.0,0.0,0.0,0.0,0.0,0.0,0.0,0.0,0.0,0.0,0.0,0.0,0.0,0.0
0.0,0.0,0.06723815202713013,-0.11831504106521606,0.0586511492729187,-0.2518632411956787,-0.0023903250694274902,-0.33592450618743896,-0.060780465602874756,-0.368022620677948,0.054916322231292725,-0.2955012321472168,0.06143069267272949,-0.47328615188598633,0.062474966049194336,-0.5749591290950775,0.06340068578720093,-0.6536309719085693,-0.019033610820770264,-0.2760853171348572,-0.0681225061416626,-0.46583157777786255,-0.09514665603637695,-0.5756433308124542,-0.12273073196411133,-0.6570667624473572,-0.0831572413444519,-0.24833041429519653,-0.11004084348678589,-0.3927873373031616,-0.07606011629104614,-0.3607829809188843,-0.06001800298690796,-0.31335580348968506,-0.12749779224395752,-0.21375727653503418,-0.12888866662979126,-0.3318614363670349,-0.10270297527313232,-0.30679917335510254,-0.0883360505104065,-0.26542454957962036,0.0,0.0,0.0,0.0,0.0,0.0,0.0,0.0,0.0,0.0,0.0,0.0,0.0,0.0,0.0,0.0,0.0,0.0,0.0,0.0,0.0,0.0,0.0,0.0,0.0,0.0,0.0,0.0,0.0,0.0,0.0,0.0,0.0,0.0,0.0,0.0,0.0,0.0,0.0,0.0,0.0,0.0
0.0,0.0,0.06780779361724854,-0.11769461631774902,0.05835700035095215,-0.2525526285171509,-0.0037056803703308105,-0.33829814195632935,-0.0626099705696106,-0.3721543550491333,0.0564228892326355,-0.2944418787956238,0.06371861696243286,-0.47450852394104004,0.06512010097503662,-0.5768447518348694,0.06737160682678223,-0.655257523059845,-0.018195271492004395,-0.27534496784210205,-0.06695038080215454,-0.46646648645401,-0.09250599145889282,-0.5775428712368011,-0.11737710237503052,-0.6598276793956757,-0.0828484296798706,-0.24716025590896606,-0.10989600419998169,-0.3899548053741455,-0.07553732395172119,-0.35962605476379395,-0.058839619159698486,-0.31288814544677734,-0.12855267524719238,-0.21182852983474731,-0.13007116317749023,-0.32908564805984497,-0.10341751575469971,-0.30510109663009644,-0.08898061513900757,-0.26499009132385254,0.0,0.0,0.0,0.0,0.0,0.0,0.0,0.0,0.0,0.0,0.0,0.0,0.0,0.0,0.0,0.0,0.0,0.0,0.0,0.0,0.0,0.0,0.0,0.0,0.0,0.0,0.0,0.0,0.0,0.0,0.0,0.0,0.0,0.0,0.0,0.0,0.0,0.0,0.0,0.0,0.0,0.0
0.0,0.0,0.06791132688522339,-0.11978459358215332,0.05856901407241821,-0.25457239151000977,-0.0031681060791015625,-0.3401859998703003,-0.06071436405181885,-0.3748220205307007,0.05704140663146973,-0.29739290475845337,0.0650627613067627,-0.47626417875289917,0.06623786687850952,-0.5799223482608795,0.06832224130630493,-0.6593583822250366,-0.017533183097839355,-0.2780344486236572,-0.06718999147415161,-0.46995091438293457,-0.09289252758026123,-0.5814681649208069,-0.11791187524795532,-0.6640629768371582,-0.08203142881393433,-0.2493630051612854,-0.11067050695419312,-0.39348769187927246,-0.07662177085876465,-0.36171162128448486,-0.059545040130615234,-0.3141130208969116,-0.12761139869689941,-0.21289312839508057,-0.1304369568824768,-0.328167200088501,-0.10519254207611084,-0.3009164333343506,-0.0909578800201416,-0.2590796947479248,0.0,0.0,0.0,0.0,0.0,0.0,0.0,0.0,0.0,0.0,0.0,0.0,0.0,0.0,0.0,0.0,0.0,0.0,0.0,0.0,0.0,0.0,0.0,0.0,0.0,0.0,0.0,0.0,0.0,0.0,0.0,0.0,0.0,0.0,0.0,0.0,0.0,0.0,0.0,0.0,0.0,0.0
0.0,0.0,0.0662192702293396,-0.12012141942977905,0.05610853433609009,-0.2577056288719177,-0.0072705745697021484,-0.3446474075317383,-0.06691932678222656,-0.3830433487892151,0.05572795867919922,-0.29263991117477417,0.06574618816375732,-0.47628718614578247,0.06625932455062866,-0.5790598690509796,0.06719481945037842,-0.6572374105453491,-0.02067011594772339,-0.27728450298309326,-0.06957697868347168,-0.4712885618209839,-0.09616494178771973,-0.5834876000881195,-0.12129276990890503,-0.6656668484210968,-0.08531546592712402,-0.2514027953147888,-0.10819059610366821,-0.39215606451034546,-0.07375890016555786,-0.3625580668449402,-0.0568583607673645,-0.31600290536880493,-0.13076943159103394,-0.2191888689994812,-0.12816935777664185,-0.3358193039894104,-0.10190314054489136,-0.31192463636398315,-0.08784741163253784,-0.2709258794784546,0.0,0.0,0.0,0.0,0.0,0.0,0.0,0.0,0.0,0.0,0.0,0.0,0.0,0.0,0.0,0.0,0.0,0.0,0.0,0.0,0.0,0.0,0.0,0.0,0.0,0.0,0.0,0.0,0.0,0.0,0.0,0.0,0.0,0.0,0.0,0.0,0.0,0.0,0.0,0.0,0.0,0.0
0.0,0.0,0.06369167566299438,-0.12379711866378784,0.05293780565261841,-0.25918304920196533,-0.010844409465789795,-0.34429091215133667,-0.06802868843078613,-0.3832506537437439,0.05438399314880371,-0.2964722514152527,0.06295794248580933,-0.47443288564682007,0.0637776255607605,-0.5765919387340546,0.06530964374542236,-0.6548187136650085,-0.02110457420349121,-0.2772676348686218,-0.07204288244247437,-0.4654378890991211,-0.09913599491119385,-0.578025221824646,-0.12499576807022095,-0.6614052653312683,-0.08622604608535767,-0.2510114312171936,-0.10917454957962036,-0.3912445306777954,-0.07357919216156006,-0.3630174398422241,-0.05656397342681885,-0.31828707456588745,-0.13237875699996948,-0.21979665756225586,-0.12981456518173218,-0.3387351632118225,-0.10336196422576904,-0.3155214190483093,-0.0889354944229126,-0.27544867992401123,0.0,0.0,0.0,0.0,0.0,0.0,0.0,0.0,0.0,0.0,0.0,0.0,0.0,0.0,0.0,0.0,0.0,0.0,0.0,0.0,0.0,0.0,0.0,0.0,0.0,0.0,0.0,0.0,0.0,0.0,0.0,0.0,0.0,0.0,0.0,0.0,0.0,0.0,0.0,0.0,0.0,0.0
0.0,0.0,0.06527209281921387,-0.1207118034362793,0.05622512102127075,-0.2558915615081787,-0.0057849884033203125,-0.3425944447517395,-0.062265992164611816,-0.3838106393814087,0.058486878871917725,-0.2934037446975708,0.06757080554962158,-0.4731326103210449,0.06722801923751831,-0.5761555731296539,0.06719207763671875,-0.6544950902462006,-0.017615020275115967,-0.27469372749328613,-0.06946712732315063,-0.46592313051223755,-0.0966484546661377,-0.578102320432663,-0.12231844663619995,-0.6610244512557983,-0.08343261480331421,-0.24841660261154175,-0.10740154981613159,-0.38930344581604004,-0.0722927451133728,-0.35793548822402954,-0.05537670850753784,-0.3117138743400574,-0.13016575574874878,-0.21684235334396362,-0.12692046165466309,-0.3325704336166382,-0.1009482741355896,-0.30698466300964355,-0.08712077140808105,-0.26670581102371216,0.0,0.0,0.0,0.0,0.0,0.0,0.0,0.0,0.0,0.0,0.0,0.0,0.0,0.0,0.0,0.0,0.0,0.0,0.0,0.0,0.0,0.0,0.0,0.0,0.0,0.0,0.0,0.0,0.0,0.0,0.0,0.0,0.0,0.0,0.0,0.0,0.0,0.0,0.0,0.0,0.0,0.0
0.0,0.0,0.06498831510543823,-0.12062650918960571,0.05719119310379028,-0.2572507858276367,-0.0016042590141296387,-0.349226176738739,-0.05853414535522461,-0.39429426193237305,0.06094890832901001,-0.2973781228065491,0.06698417663574219,-0.4826502799987793,0.06723678112030029,-0.5862837433815002,0.06860733032226562,-0.6671321094036102,-0.015398681163787842,-0.2792275547981262,-0.06847220659255981,-0.47769469022750854,-0.09325307607650757,-0.5912013649940491,-0.11609971523284912,-0.6770126223564148,-0.08124297857284546,-0.25258809328079224,-0.10913681983947754,-0.39632129669189453,-0.07370740175247192,-0.36377084255218506,-0.05514836311340332,-0.31718534231185913,-0.12838101387023926,-0.21983712911605835,-0.1272236704826355,-0.3368128538131714,-0.10188484191894531,-0.3082302212715149,-0.0877884030342102,-0.2668088674545288,0.0,0.0,0.0,0.0,0.0,0.0,0.0,0.0,0.0,0.0,0.0,0.0,0.0,0.0,0.0,0.0,0.0,0.0,0.0,0.0,0.0,0.0,0.0,0.0,0.0,0.0,0.0,0.0,0.0,0.0,0.0,0.0,0.0,0.0,0.0,0.0,0.0,0.0,0.0,0.0,0.0,0.0
0.0,0.0,0.06195640563964844,-0.123077392578125,0.05561929941177368,-0.2592310905456543,-0.0010565519332885742,-0.34788215160369873,-0.05996757745742798,-0.3873428702354431,0.06058800220489502,-0.3008270859718323,0.0696110725402832,-0.48558562994003296,0.06777089834213257,-0.5901768505573273,0.065623939037323,-0.6713537275791168,-0.015307068824768066,-0.28437578678131104,-0.06746023893356323,-0.48033440113067627,-0.09649425745010376,-0.5913060903549194,-0.12208569049835205,-0.6743383705615997,-0.08253365755081177,-0.2572925090789795,-0.10955506563186646,-0.39761972427368164,-0.07812398672103882,-0.3606104254722595,-0.06205260753631592,-0.31202417612075806,-0.13222205638885498,-0.22327429056167603,-0.1310361623764038,-0.33733296394348145,-0.10700148344039917,-0.30642545223236084,-0.09381133317947388,-0.26459550857543945,0.0,0.0,0.0,0.0,0.0,0.0,0.0,0.0,0.0,0.0,0.0,0.0,0.0,0.0,0.0,0.0,0.0,0.0,0.0,0.0,0.0,0.0,0.0,0.0,0.0,0.0,0.0,0.0,0.0,0.0,0.0,0.0,0.0,0.0,0.0,0.0,0.0,0.0,0.0,0.0,0.0,0.0
0.0,0.0,0.06023073196411133,-0.12780988216400146,0.053406596183776855,-0.2636871933937073,-0.003533661365509033,-0.3504641652107239,-0.06242650747299194,-0.39096182584762573,0.05754280090332031,-0.3038538694381714,0.06934493780136108,-0.48582714796066284,0.06826984882354736,-0.590676337480545,0.06598550081253052,-0.6720185875892639,-0.015966296195983887,-0.286679744720459,-0.06690716743469238,-0.48284831643104553,-0.09599030017852783,-0.59385085105896,-0.12190866470336914,-0.6772285401821136,-0.08224630355834961,-0.25915175676345825,-0.1093287467956543,-0.39817702770233154,-0.07833760976791382,-0.3598865270614624,-0.06224340200424194,-0.31227225065231323,-0.13198554515838623,-0.2239607572555542,-0.13157838582992554,-0.33867061138153076,-0.10808378458023071,-0.3063437342643738,-0.09465301036834717,-0.26443010568618774,0.0,0.0,0.0,0.0,0.0,0.0,0.0,0.0,0.0,0.0,0.0,0.0,0.0,0.0,0.0,0.0,0.0,0.0,0.0,0.0,0.0,0.0,0.0,0.0,0.0,0.0,0.0,0.0,0.0,0.0,0.0,0.0,0.0,0.0,0.0,0.0,0.0,0.0,0.0,0.0,0.0,0.0
0.0,0.0,0.0626223087310791,-0.12751704454421997,0.05532979965209961,-0.2620800733566284,-0.0010855793952941895,-0.3429092764854431,-0.06031745672225952,-0.37467241287231445,0.056647539138793945,-0.30514198541641235,0.06765449047088623,-0.48744872212409973,0.0678749680519104,-0.590726763010025,0.06693118810653687,-0.6716941297054291,-0.0172654390335083,-0.2892427444458008,-0.06653696298599243,-0.48135143518447876,-0.09393799304962158,-0.5903514325618744,-0.11908817291259766,-0.6728992164134979,-0.08314657211303711,-0.2615751624107361,-0.10724031925201416,-0.40301746129989624,-0.07616186141967773,-0.3671512007713318,-0.06143903732299805,-0.31840378046035767,-0.13066941499710083,-0.22598451375961304,-0.1263904571533203,-0.3392101526260376,-0.10216140747070312,-0.3098999261856079,-0.08929175138473511,-0.2680228352546692,0.0,0.0,0.0,0.0,0.0,0.0,0.0,0.0,0.0,0.0,0.0,0.0,0.0,0.0,0.0,0.0,0.0,0.0,0.0,0.0,0.0,0.0,0.0,0.0,0.0,0.0,0.0,0.0,0.0,0.0,0.0,0.0,0.0,0.0,0.0,0.0,0.0,0.0,0.0,0.0,0.0,0.0
0.0,0.0,0.06045418977737427,-0.126794695854187,0.05304819345474243,-0.2623022198677063,-0.003736138343811035,-0.3508149981498718,-0.0635938048362732,-0.38910436630249023,0.05973505973815918,-0.304049015045166,0.06815403699874878,-0.487346351146698,0.06671595573425293,-0.5913711786270142,0.06430816650390625,-0.6714907586574554,-0.015589416027069092,-0.28836238384246826,-0.06684982776641846,-0.48447519540786743,-0.09510087966918945,-0.5951318740844727,-0.11906194686889648,-0.6764656007289886,-0.08249258995056152,-0.26113420724868774,-0.10767030715942383,-0.39504796266555786,-0.07804131507873535,-0.35953307151794434,-0.06210744380950928,-0.31168729066848755,-0.13308405876159668,-0.227888286113739,-0.13204914331436157,-0.33915239572525024,-0.10958594083786011,-0.30847465991973877,-0.09615200757980347,-0.2662999629974365,0.0,0.0,0.0,0.0,0.0,0.0,0.0,0.0,0.0,0.0,0.0,0.0,0.0,0.0,0.0,0.0,0.0,0.0,0.0,0.0,0.0,0.0,0.0,0.0,0.0,0.0,0.0,0.0,0.0,0.0,0.0,0.0,0.0,0.0,0.0,0.0,0.0,0.0,0.0,0.0,0.0,0.0
0.0,0.0,0.06166428327560425,-0.12997615337371826,0.053930819034576416,-0.26373744010925293,-0.0033974051475524902,-0.34475624561309814,-0.06384068727493286,-0.37679654359817505,0.05757629871368408,-0.30258840322494507,0.06742674112319946,-0.4833872616291046,0.06615394353866577,-0.5871337354183197,0.06403112411499023,-0.667994499206543,-0.01727139949798584,-0.2869871258735657,-0.06727385520935059,-0.4784003496170044,-0.09576374292373657,-0.5878319144248962,-0.12018615007400513,-0.669175922870636,-0.08399325609207153,-0.2595140337944031,-0.10804527997970581,-0.3944912552833557,-0.07781243324279785,-0.3579564094543457,-0.06248575448989868,-0.3094679117202759,-0.1334068775177002,-0.22496992349624634,-0.13094890117645264,-0.3337253928184509,-0.10701733827590942,-0.30415642261505127,-0.09401565790176392,-0.2628517150878906,0.0,0.0,0.0,0.0,0.0,0.0,0.0,0.0,0.0,0.0,0.0,0.0,0.0,0.0,0.0,0.0,0.0,0.0,0.0,0.0,0.0,0.0,0.0,0.0,0.0,0.0,0.0,0.0,0.0,0.0,0.0,0.0,0.0,0.0,0.0,0.0,0.0,0.0,0.0,0.0,0.0,0.0
0.0,0.0,0.057599425315856934,-0.13181328773498535,0.04568922519683838,-0.2673003077507019,-0.014900147914886475,-0.3519318699836731,-0.0736272931098938,-0.3905063271522522,0.05377066135406494,-0.3067917227745056,0.06149423122406006,-0.4912238121032715,0.061394691467285156,-0.5955613255500793,0.061724185943603516,-0.6773932576179504,-0.022843897342681885,-0.29109591245651245,-0.07221943140029907,-0.4860655665397644,-0.10029363632202148,-0.5958664417266846,-0.12326699495315552,-0.677252322435379,-0.08988994359970093,-0.26181745529174805,-0.11818349361419678,-0.3970363140106201,-0.08676785230636597,-0.36204302310943604,-0.06892722845077515,-0.31401151418685913,-0.13832712173461914,-0.22641140222549438,-0.13575392961502075,-0.3332229256629944,-0.11151289939880371,-0.3025064468383789,-0.09784364700317383,-0.26080918312072754,0.0,0.0,0.0,0.0,0.0,0.0,0.0,0.0,0.0,0.0,0.0,0.0,0.0,0.0,0.0,0.0,0.0,0.0,0.0,0.0,0.0,0.0,0.0,0.0,0.0,0.0,0.0,0.0,0.0,0.0,0.0,0.0,0.0,0.0,0.0,0.0,0.0,0.0,0.0,0.0,0.0,0.0
0.0,0.0,0.05672270059585571,-0.13214510679244995,0.05184531211853027,-0.2624973654747009,-0.0007203817367553711,-0.3464680314064026,-0.056196510791778564,-0.3830571174621582,0.05288201570510864,-0.3104240298271179,0.062104642391204834,-0.49047309160232544,0.05985456705093384,-0.5982060730457306,0.05729830265045166,-0.6800329685211182,-0.022271335124969482,-0.2955501675605774,-0.0736573338508606,-0.4899318814277649,-0.10071498155593872,-0.5984698235988617,-0.1232336163520813,-0.6767116487026215,-0.08922731876373291,-0.26906561851501465,-0.11536461114883423,-0.40263181924819946,-0.08664697408676147,-0.3672749996185303,-0.07096636295318604,-0.31868690252304077,-0.13866978883743286,-0.23478007316589355,-0.13711416721343994,-0.3368062973022461,-0.11574679613113403,-0.3064306974411011,-0.10247987508773804,-0.26622849702835083,0.0,0.0,0.0,0.0,0.0,0.0,0.0,0.0,0.0,0.0,0.0,0.0,0.0,0.0,0.0,0.0,0.0,0.0,0.0,0.0,0.0,0.0,0.0,0.0,0.0,0.0,0.0,0.0,0.0,0.0,0.0,0.0,0.0,0.0,0.0,0.0,0.0,0.0,0.0,0.0,0.0,0.0
0.0,0.0,0.057419657707214355,-0.1328136920928955,0.05066436529159546,-0.26307493448257446,-0.0032655000686645508,-0.34381580352783203,-0.06206965446472168,-0.3763812780380249,0.05308353900909424,-0.31060725450515747,0.06138104200363159,-0.49426916241645813,0.06023913621902466,-0.6018522083759308,0.05864572525024414,-0.6848666369915009,-0.022822260856628418,-0.2960274815559387,-0.07463443279266357,-0.4917258322238922,-0.10169965028762817,-0.5997960865497589,-0.12360697984695435,-0.6785705089569092,-0.09004288911819458,-0.2698880434036255,-0.11476057767868042,-0.40514862537384033,-0.08606451749801636,-0.3682187795639038,-0.07030725479125977,-0.31832724809646606,-0.139295756816864,-0.23639065027236938,-0.13682007789611816,-0.33924591541290283,-0.11507707834243774,-0.3085535168647766,-0.10196268558502197,-0.26809072494506836,0.0,0.0,0.0,0.0,0.0,0.0,0.0,0.0,0.0,0.0,0.0,0.0,0.0,0.0,0.0,0.0,0.0,0.0,0.0,0.0,0.0,0.0,0.0,0.0,0.0,0.0,0.0,0.0,0.0,0.0,0.0,0.0,0.0,0.0,0.0,0.0,0.0,0.0,0.0,0.0,0.0,0.0
0.0,0.0,0.05646705627441406,-0.13398337364196777,0.04889804124832153,-0.26476871967315674,-0.002506732940673828,-0.3436679244041443,-0.05952942371368408,-0.37312597036361694,0.05172663927078247,-0.31505322456359863,0.061316072940826416,-0.4988476037979126,0.06036865711212158,-0.6064100563526154,0.05870622396469116,-0.6894520819187164,-0.023897111415863037,-0.3024526834487915,-0.07304888963699341,-0.4943091869354248,-0.10073786973953247,-0.6025233864784241,-0.12346673011779785,-0.6810133159160614,-0.09100472927093506,-0.2757030129432678,-0.11470824480056763,-0.40749216079711914,-0.08664101362228394,-0.3694784641265869,-0.07197040319442749,-0.3189172148704529,-0.1394769549369812,-0.24111980199813843,-0.13515549898147583,-0.33975785970687866,-0.11355763673782349,-0.308341920375824,-0.10115379095077515,-0.2676474452018738,0.0,0.0,0.0,0.0,0.0,0.0,0.0,0.0,0.0,0.0,0.0,0.0,0.0,0.0,0.0,0.0,0.0,0.0,0.0,0.0,0.0,0.0,0.0,0.0,0.0,0.0,0.0,0.0,0.0,0.0,0.0,0.0,0.0,0.0,0.0,0.0,0.0,0.0,0.0,0.0,0.0,0.0
0.0,0.0,0.05708414316177368,-0.13438737392425537,0.04980134963989258,-0.26325249671936035,-0.002719879150390625,-0.34230566024780273,-0.05999791622161865,-0.3741416335105896,0.051833152770996094,-0.314197301864624,0.05950760841369629,-0.49886441230773926,0.05848020315170288,-0.6066000461578369,0.05736130475997925,-0.6889678835868835,-0.02403634786605835,-0.2994540333747864,-0.07544898986816406,-0.49481284618377686,-0.10230672359466553,-0.6024227738380432,-0.1242414116859436,-0.6805528402328491,-0.09117990732192993,-0.2736169695854187,-0.11585205793380737,-0.40731948614120483,-0.08669829368591309,-0.3708118200302124,-0.0707365870475769,-0.3212862014770508,-0.14002496004104614,-0.2405676245689392,-0.13690084218978882,-0.34112197160720825,-0.11486905813217163,-0.31061840057373047,-0.10118329524993896,-0.270590603351593,0.0,0.0,0.0,0.0,0.0,0.0,0.0,0.0,0.0,0.0,0.0,0.0,0.0,0.0,0.0,0.0,0.0,0.0,0.0,0.0,0.0,0.0,0.0,0.0,0.0,0.0,0.0,0.0,0.0,0.0,0.0,0.0,0.0,0.0,0.0,0.0,0.0,0.0,0.0,0.0,0.0,0.0
0.0,0.0,0.057057738304138184,-0.13506317138671875,0.05013459920883179,-0.26562410593032837,-0.002724289894104004,-0.3458910584449768,-0.06054496765136719,-0.37556028366088867,0.05100679397583008,-0.31323349475860596,0.05999070405960083,-0.49825483560562134,0.05911850929260254,-0.6063104271888733,0.05821865797042847,-0.6890637874603271,-0.02524775266647339,-0.29921215772628784,-0.07486873865127563,-0.49407121539115906,-0.10143101215362549,-0.6031973361968994,-0.12305200099945068,-0.6823138296604156,-0.09204059839248657,-0.2731746435165405,-0.11317229270935059,-0.4060521125793457,-0.08443838357925415,-0.3711605668067932,-0.06940066814422607,-0.3218206763267517,-0.14020663499832153,-0.23999261856079102,-0.13449841737747192,-0.34293872117996216,-0.11219966411590576,-0.3144720792770386,-0.09913814067840576,-0.274600625038147,0.0,0.0,0.0,0.0,0.0,0.0,0.0,0.0,0.0,0.0,0.0,0.0,0.0,0.0,0.0,0.0,0.0,0.0,0.0,0.0,0.0,0.0,0.0,0.0,0.0,0.0,0.0,0.0,0.0,0.0,0.0,0.0,0.0,0.0,0.0,0.0,0.0,0.0,0.0,0.0,0.0,0.0
0.0,0.0,0.05957537889480591,-0.1337636113166809,0.05331063270568848,-0.26297444105148315,0.0018462538719177246,-0.34652429819107056,-0.05447572469711304,-0.378567099571228,0.05414062738418579,-0.31265944242477417,0.06255137920379639,-0.49490422010421753,0.06138277053833008,-0.6025677621364594,0.059572815895080566,-0.6856563091278076,-0.022366225719451904,-0.2992517352104187,-0.07093691825866699,-0.4930483102798462,-0.09788686037063599,-0.6027017831802368,-0.12069392204284668,-0.6822068393230438,-0.0895383358001709,-0.27306830883026123,-0.11053144931793213,-0.40643203258514404,-0.0810965895652771,-0.3731914758682251,-0.06545096635818481,-0.3234909176826477,-0.137992262840271,-0.24033242464065552,-0.1320112943649292,-0.3417622447013855,-0.10962629318237305,-0.31480807065963745,-0.09630167484283447,-0.2754060626029968,0.0,0.0,0.0,0.0,0.0,0.0,0.0,0.0,0.0,0.0,0.0,0.0,0.0,0.0,0.0,0.0,0.0,0.0,0.0,0.0,0.0,0.0,0.0,0.0,0.0,0.0,0.0,0.0,0.0,0.0,0.0,0.0,0.0,0.0,0.0,0.0,0.0,0.0,0.0,0.0,0.0,0.0
0.0,0.0,0.059672653675079346,-0.13643604516983032,0.05345594882965088,-0.26737654209136963,0.0035933852195739746,-0.3471737504005432,-0.054159462451934814,-0.377230703830719,0.05651777982711792,-0.311328649520874,0.0667685866355896,-0.49534767866134644,0.06557291746139526,-0.6028238534927368,0.06395775079727173,-0.6859234869480133,-0.02254241704940796,-0.29783540964126587,-0.07023650407791138,-0.4924435615539551,-0.0954180359840393,-0.6021277606487274,-0.11541485786437988,-0.6805130541324615,-0.09152257442474365,-0.27238404750823975,-0.10872477293014526,-0.4078071117401123,-0.07920479774475098,-0.3752392530441284,-0.06423753499984741,-0.32490676641464233,-0.1412150263786316,-0.24140405654907227,-0.13063937425613403,-0.3427916169166565,-0.10786193609237671,-0.3159610629081726,-0.09536612033843994,-0.27627259492874146,0.0,0.0,0.0,0.0,0.0,0.0,0.0,0.0,0.0,0.0,0.0,0.0,0.0,0.0,0.0,0.0,0.0,0.0,0.0,0.0,0.0,0.0,0.0,0.0,0.0,0.0,0.0,0.0,0.0,0.0,0.0,0.0,0.0,0.0,0.0,0.0,0.0,0.0,0.0,0.0,0.0,0.0
0.0,0.0,0.059995293617248535,-0.13477730751037598,0.05328774452209473,-0.26599758863449097,0.0025891661643981934,-0.3496572971343994,-0.05387568473815918,-0.38239723443984985,0.05426788330078125,-0.31024426221847534,0.06650441884994507,-0.4935229420661926,0.06572651863098145,-0.6004345118999481,0.06428486108779907,-0.6826758980751038,-0.025373995304107666,-0.29815101623535156,-0.07015925645828247,-0.4928937256336212,-0.09468865394592285,-0.6024138927459717,-0.1147087812423706,-0.6804668605327606,-0.09305077791213989,-0.27282559871673584,-0.10727560520172119,-0.4060795307159424,-0.07750707864761353,-0.37458324432373047,-0.0628092885017395,-0.32424652576446533,-0.1409151554107666,-0.2413373589515686,-0.12756460905075073,-0.3405216932296753,-0.1043505072593689,-0.3147381544113159,-0.09206068515777588,-0.2752387523651123,0.0,0.0,0.0,0.0,0.0,0.0,0.0,0.0,0.0,0.0,0.0,0.0,0.0,0.0,0.0,0.0,0.0,0.0,0.0,0.0,0.0,0.0,0.0,0.0,0.0,0.0,0.0,0.0,0.0,0.0,0.0,0.0,0.0,0.0,0.0,0.0,0.0,0.0,0.0,0.0,0.0,0.0
0.0,0.0,0.05810236930847168,-0.1353386640548706,0.053449809551239014,-0.26482313871383667,0.004812479019165039,-0.3488818407058716,-0.04960441589355469,-0.3818925619125366,0.05411249399185181,-0.3106132745742798,0.06521600484848022,-0.4904627203941345,0.06466251611709595,-0.5982937812805176,0.06347423791885376,-0.6817025244235992,-0.023376166820526123,-0.2958519458770752,-0.07015657424926758,-0.48837098479270935,-0.09569418430328369,-0.5995957553386688,-0.1170455813407898,-0.6801120042800903,-0.09077537059783936,-0.2704794406890869,-0.10645109415054321,-0.40462732315063477,-0.07785964012145996,-0.37203407287597656,-0.0634048581123352,-0.32203251123428345,-0.1392195224761963,-0.24062848091125488,-0.12851393222808838,-0.34211552143096924,-0.10633981227874756,-0.31588536500930786,-0.09336090087890625,-0.27674514055252075,0.0,0.0,0.0,0.0,0.0,0.0,0.0,0.0,0.0,0.0,0.0,0.0,0.0,0.0,0.0,0.0,0.0,0.0,0.0,0.0,0.0,0.0,0.0,0.0,0.0,0.0,0.0,0.0,0.0,0.0,0.0,0.0,0.0,0.0,0.0,0.0,0.0,0.0,0.0,0.0,0.0,0.0
0.0,0.0,0.05874347686767578,-0.13452458381652832,0.05365341901779175,-0.26438403129577637,0.004413723945617676,-0.3499135375022888,-0.05022311210632324,-0.38500332832336426,0.05403190851211548,-0.30937659740448,0.06546908617019653,-0.48961809277534485,0.06418192386627197,-0.5977945327758789,0.06277567148208618,-0.6805727481842041,-0.02500361204147339,-0.29562872648239136,-0.06984913349151611,-0.4901149272918701,-0.09438663721084595,-0.6017318069934845,-0.11450356245040894,-0.681053102016449,-0.09245359897613525,-0.2710702419281006,-0.10572880506515503,-0.4048418402671814,-0.07655477523803711,-0.3752858638763428,-0.06214803457260132,-0.32690250873565674,-0.1403232216835022,-0.2410602569580078,-0.12695425748825073,-0.34302449226379395,-0.10494762659072876,-0.3175013065338135,-0.0927157998085022,-0.27859485149383545,0.0,0.0,0.0,0.0,0.0,0.0,0.0,0.0,0.0,0.0,0.0,0.0,0.0,0.0,0.0,0.0,0.0,0.0,0.0,0.0,0.0,0.0,0.0,0.0,0.0,0.0,0.0,0.0,0.0,0.0,0.0,0.0,0.0,0.0,0.0,0.0,0.0,0.0,0.0,0.0,0.0,0.0
0.0,0.0,0.0585971474647522,-0.134380042552948,0.05454188585281372,-0.2628416419029236,0.00657576322555542,-0.34807276725769043,-0.045873820781707764,-0.38455671072006226,0.05472886562347412,-0.3126663565635681,0.06630975008010864,-0.49088025093078613,0.06622761487960815,-0.5989280641078949,0.06560587882995605,-0.6820103526115417,-0.02239590883255005,-0.2978639006614685,-0.06892764568328857,-0.4896576404571533,-0.09440767765045166,-0.600806474685669,-0.11541688442230225,-0.6809430420398712,-0.08980107307434082,-0.27143192291259766,-0.10539215803146362,-0.4021140933036804,-0.07669186592102051,-0.3694380521774292,-0.0623018741607666,-0.32053595781326294,-0.13833385705947876,-0.23984521627426147,-0.1277669072151184,-0.3402363061904907,-0.10594981908798218,-0.3124379515647888,-0.09321516752243042,-0.2729343771934509,0.0,0.0,0.0,0.0,0.0,0.0,0.0,0.0,0.0,0.0,0.0,0.0,0.0,0.0,0.0,0.0,0.0,0.0,0.0,0.0,0.0,0.0,0.0,0.0,0.0,0.0,0.0,0.0,0.0,0.0,0.0,0.0,0.0,0.0,0.0,0.0,0.0,0.0,0.0,0.0,0.0,0.0
0.0,0.0,0.0567777156829834,-0.13462233543395996,0.053147196769714355,-0.2648131251335144,0.008231401443481445,-0.3485560417175293,-0.04131793975830078,-0.38398629426956177,0.052581727504730225,-0.3160862922668457,0.06420636177062988,-0.4936947226524353,0.06409478187561035,-0.6020996570587158,0.06379646062850952,-0.6841766238212585,-0.02513808012008667,-0.3013131022453308,-0.06937670707702637,-0.492836058139801,-0.09287554025650024,-0.6047973334789276,-0.11203116178512573,-0.6844011545181274,-0.09239423274993896,-0.2755795121192932,-0.10460513830184937,-0.4049891233444214,-0.07622092962265015,-0.3736308813095093,-0.06289970874786377,-0.32581692934036255,-0.14056813716888428,-0.24368727207183838,-0.12741225957870483,-0.3428114652633667,-0.10575723648071289,-0.3161836266517639,-0.09363901615142822,-0.2775619626045227,0.0,0.0,0.0,0.0,0.0,0.0,0.0,0.0,0.0,0.0,0.0,0.0,0.0,0.0,0.0,0.0,0.0,0.0,0.0,0.0,0.0,0.0,0.0,0.0,0.0,0.0,0.0,0.0,0.0,0.0,0.0,0.0,0.0,0.0,0.0,0.0,0.0,0.0,0.0,0.0,0.0,0.0
0.0,0.0,0.058125317096710205,-0.13505405187606812,0.055678367614746094,-0.26404839754104614,0.009474754333496094,-0.3502398133277893,-0.04101741313934326,-0.38909912109375,0.05337637662887573,-0.3159775733947754,0.0652930736541748,-0.49332958459854126,0.06532025337219238,-0.601597398519516,0.06519317626953125,-0.6838083863258362,-0.023571014404296875,-0.3002135753631592,-0.06913483142852783,-0.49314814805984497,-0.09363001585006714,-0.6031081080436707,-0.11446559429168701,-0.6815257668495178,-0.09077954292297363,-0.2744098901748657,-0.10640406608581543,-0.40457624197006226,-0.07705414295196533,-0.37373602390289307,-0.06209266185760498,-0.32588863372802734,-0.13918077945709229,-0.24342560768127441,-0.12882429361343384,-0.342273473739624,-0.1068238615989685,-0.31533199548721313,-0.09361326694488525,-0.2763745188713074,0.0,0.0,0.0,0.0,0.0,0.0,0.0,0.0,0.0,0.0,0.0,0.0,0.0,0.0,0.0,0.0,0.0,0.0,0.0,0.0,0.0,0.0,0.0,0.0,0.0,0.0,0.0,0.0,0.0,0.0,0.0,0.0,0.0,0.0,0.0,0.0,0.0,0.0,0.0,0.0,0.0,0.0
0.0,0.0,0.05875474214553833,-0.13591259717941284,0.05600804090499878,-0.26514512300491333,0.009836375713348389,-0.34984415769577026,-0.04077184200286865,-0.3865289092063904,0.05383884906768799,-0.3142048120498657,0.06600135564804077,-0.4932195544242859,0.0662158727645874,-0.6012924313545227,0.0659838318824768,-0.6836663782596588,-0.024274051189422607,-0.29953402280807495,-0.0681689977645874,-0.49150556325912476,-0.0917966365814209,-0.6023648381233215,-0.11176317930221558,-0.6812652945518494,-0.09163451194763184,-0.27473384141921997,-0.10341322422027588,-0.40702420473098755,-0.07354366779327393,-0.3790474534034729,-0.05907708406448364,-0.33155471086502075,-0.1391848921775818,-0.2447306513786316,-0.1249726414680481,-0.3440510034561157,-0.10243606567382812,-0.32020437717437744,-0.08954942226409912,-0.28218626976013184,0.0,0.0,0.0,0.0,0.0,0.0,0.0,0.0,0.0,0.0,0.0,0.0,0.0,0.0,0.0,0.0,0.0,0.0,0.0,0.0,0.0,0.0,0.0,0.0,0.0,0.0,0.0,0.0,0.0,0.0,0.0,0.0,0.0,0.0,0.0,0.0,0.0,0.0,0.0,0.0,0.0,0.0
0.0,0.0,0.0600551962852478,-0.1355573534965515,0.055638015270233154,-0.26658743619918823,0.008432567119598389,-0.3534136414527893,-0.042827308177948,-0.39140015840530396,0.054462432861328125,-0.31824660301208496,0.06546014547348022,-0.4982616901397705,0.06530249118804932,-0.6047778725624084,0.0651746392250061,-0.6867678761482239,-0.024865686893463135,-0.3044278025627136,-0.06770378351211548,-0.4946875274181366,-0.09164315462112427,-0.6051188111305237,-0.1116260290145874,-0.6843901574611664,-0.09230256080627441,-0.2785642147064209,-0.10251909494400024,-0.4088863134384155,-0.07251447439193726,-0.37998807430267334,-0.05842989683151245,-0.3316061496734619,-0.13961732387542725,-0.24706190824508667,-0.12383246421813965,-0.3451497554779053,-0.101382315158844,-0.3209035396575928,-0.08893704414367676,-0.2827393412590027,0.0,0.0,0.0,0.0,0.0,0.0,0.0,0.0,0.0,0.0,0.0,0.0,0.0,0.0,0.0,0.0,0.0,0.0,0.0,0.0,0.0,0.0,0.0,0.0,0.0,0.0,0.0,0.0,0.0,0.0,0.0,0.0,0.0,0.0,0.0,0.0,0.0,0.0,0.0,0.0,0.0,0.0
0.0,0.0,0.05802810192108154,-0.13603609800338745,0.05245393514633179,-0.26668840646743774,0.004378378391265869,-0.35110747814178467,-0.046619296073913574,-0.3857043981552124,0.05381298065185547,-0.3197370767593384,0.06344997882843018,-0.49959897994995117,0.06393802165985107,-0.6064305901527405,0.06440091133117676,-0.6879934966564178,-0.02447885274887085,-0.30494070053100586,-0.06888121366500854,-0.49494004249572754,-0.09270459413528442,-0.6055221557617188,-0.11239922046661377,-0.6850351989269257,-0.0917438268661499,-0.2779213786125183,-0.10409563779830933,-0.40579521656036377,-0.07388842105865479,-0.3757241368293762,-0.059714436531066895,-0.32721608877182007,-0.13975995779037476,-0.2452983260154724,-0.12539654970169067,-0.3405185341835022,-0.10274410247802734,-0.3155204653739929,-0.09001493453979492,-0.2769554853439331,0.0,0.0,0.0,0.0,0.0,0.0,0.0,0.0,0.0,0.0,0.0,0.0,0.0,0.0,0.0,0.0,0.0,0.0,0.0,0.0,0.0,0.0,0.0,0.0,0.0,0.0,0.0,0.0,0.0,0.0,0.0,0.0,0.0,0.0,0.0,0.0,0.0,0.0,0.0,0.0,0.0,0.0
0.0,0.0,0.06066840887069702,-0.1359027624130249,0.055876731872558594,-0.26784569025039673,0.009925425052642822,-0.35487908124923706,-0.03904515504837036,-0.39165908098220825,0.054039716720581055,-0.32115375995635986,0.06441080570220947,-0.5001910924911499,0.06525790691375732,-0.605818510055542,0.0661587119102478,-0.6864658296108246,-0.024742066860198975,-0.3063517212867737,-0.06728613376617432,-0.49445948004722595,-0.09100121259689331,-0.6046216785907745,-0.11095434427261353,-0.6835208237171173,-0.09155231714248657,-0.27768999338150024,-0.10301476716995239,-0.4058569669723511,-0.07220542430877686,-0.3755797743797302,-0.05754023790359497,-0.32619524002075195,-0.138358473777771,-0.24217873811721802,-0.12384402751922607,-0.3386372923851013,-0.1006467342376709,-0.3133849501609802,-0.08813560009002686,-0.27365046739578247,0.0,0.0,0.0,0.0,0.0,0.0,0.0,0.0,0.0,0.0,0.0,0.0,0.0,0.0,0.0,0.0,0.0,0.0,0.0,0.0,0.0,0.0,0.0,0.0,0.0,0.0,0.0,0.0,0.0,0.0,0.0,0.0,0.0,0.0,0.0,0.0,0.0,0.0,0.0,0.0,0.0,0.0
0.0,0.0,0.05926316976547241,-0.13540315628051758,0.05488234758377075,-0.26500892639160156,0.00735783576965332,-0.3506200909614563,-0.042662978172302246,-0.3878157138824463,0.05444055795669556,-0.32089942693710327,0.0651313066482544,-0.49807626008987427,0.06572538614273071,-0.6049606204032898,0.06573933362960815,-0.6864009201526642,-0.022652149200439453,-0.3057457208633423,-0.06791919469833374,-0.495673805475235,-0.0919998288154602,-0.6049488484859467,-0.11223739385604858,-0.6838008463382721,-0.08962363004684448,-0.27812230587005615,-0.10359930992126465,-0.40399205684661865,-0.07402944564819336,-0.36996889114379883,-0.05998116731643677,-0.3203238248825073,-0.13782978057861328,-0.2435746192932129,-0.12633448839187622,-0.33808815479278564,-0.10497504472732544,-0.3085296154022217,-0.0928083062171936,-0.26762914657592773,0.0,0.0,0.0,0.0,0.0,0.0,0.0,0.0,0.0,0.0,0.0,0.0,0.0,0.0,0.0,0.0,0.0,0.0,0.0,0.0,0.0,0.0,0.0,0.0,0.0,0.0,0.0,0.0,0.0,0.0,0.0,0.0,0.0,0.0,0.0,0.0,0.0,0.0,0.0,0.0,0.0,0.0
0.0,0.0,0.06095600128173828,-0.13567346334457397,0.05572086572647095,-0.2662193179130554,0.007306039333343506,-0.3516167998313904,-0.04468280076980591,-0.3869522213935852,0.05523806810379028,-0.3179119825363159,0.06655865907669067,-0.49862754344940186,0.06693720817565918,-0.6049662232398987,0.06655371189117432,-0.6865680515766144,-0.023234665393829346,-0.30373454093933105,-0.06735771894454956,-0.49429625272750854,-0.09133416414260864,-0.6038787961006165,-0.11152172088623047,-0.6828753352165222,-0.09031224250793457,-0.27592748403549194,-0.1026042103767395,-0.40621429681777954,-0.07195466756820679,-0.3738396167755127,-0.05779153108596802,-0.32396239042282104,-0.13738226890563965,-0.2413855791091919,-0.12442672252655029,-0.340520441532135,-0.10185050964355469,-0.3136058449745178,-0.08956944942474365,-0.2727234363555908,0.0,0.0,0.0,0.0,0.0,0.0,0.0,0.0,0.0,0.0,0.0,0.0,0.0,0.0,0.0,0.0,0.0,0.0,0.0,0.0,0.0,0.0,0.0,0.0,0.0,0.0,0.0,0.0,0.0,0.0,0.0,0.0,0.0,0.0,0.0,0.0,0.0,0.0,0.0,0.0,0.0,0.0
0.0,0.0,0.061056673526763916,-0.13616353273391724,0.05621129274368286,-0.2644115090370178,0.009052574634552002,-0.3498878479003906,-0.04020118713378906,-0.38746386766433716,0.05476045608520508,-0.3166942000389099,0.0662882924079895,-0.497377872467041,0.06667006015777588,-0.6041875183582306,0.06709408760070801,-0.6858485639095306,-0.02368307113647461,-0.30238187313079834,-0.06754004955291748,-0.4913497567176819,-0.09106868505477905,-0.6004347801208496,-0.11064314842224121,-0.6792108714580536,-0.0904240608215332,-0.2755393981933594,-0.10073989629745483,-0.4048601984977722,-0.06949508190155029,-0.3748302459716797,-0.0551491379737854,-0.32631170749664307,-0.13706111907958984,-0.24158549308776855,-0.1216888427734375,-0.340080201625824,-0.09901124238967896,-0.3154263496398926,-0.08629870414733887,-0.2759687304496765,0.0,0.0,0.0,0.0,0.0,0.0,0.0,0.0,0.0,0.0,0.0,0.0,0.0,0.0,0.0,0.0,0.0,0.0,0.0,0.0,0.0,0.0,0.0,0.0,0.0,0.0,0.0,0.0,0.0,0.0,0.0,0.0,0.0,0.0,0.0,0.0,0.0,0.0,0.0,0.0,0.0,0.0
