0.0,0.0,-0.10194599628448486,-0.07070672512054443,-0.16675549745559692,-0.13744306564331055,-0.2176058292388916,-0.1821649670600891,-0.23294121026992798,-0.2425597906112671,-0.08671146631240845,-0.2882609963417053,-0.09759575128555298,-0.3899158537387848,-0.10379922389984131,-0.4463702440261841,-0.11070513725280762,-0.4979611039161682,-0.06381523609161377,-0.2977161407470703,-0.1209261417388916,-0.374710351228714,-0.15485548973083496,-0.3856986463069916,-0.17043346166610718,-0.3857058882713318,-0.05053180456161499,-0.2903827428817749,-0.14027833938598633,-0.3522709608078003,-0.21035611629486084,-0.31370773911476135,-0.24829316139221191,-0.2620812654495239,-0.05165576934814453,-0.26848000288009644,-0.13514256477355957,-0.3324630558490753,-0.19165277481079102,-0.32207000255584717,-0.2275058627128601,-0.29046958684921265,0.0,0.0,0.0,0.0,0.0,0.0,0.0,0.0,0.0,0.0,0.0,0.0,0.0,0.0,0.0,0.0,0.0,0.0,0.0,0.0,0.0,0.0,0.0,0.0,0.0,0.0,0.0,0.0,0.0,0.0,0.0,0.0,0.0,0.0,0.0,0.0,0.0,0.0,0.0,0.0,0.0,0.0
0.0,0.0,-0.10074663162231445,-0.06758254766464233,-0.1678386926651001,-0.13448715209960938,-0.21880972385406494,-0.18003904819488525,-0.23375189304351807,-0.24046462774276733,-0.08893173933029175,-0.2868211269378662,-0.09919601678848267,-0.3880425989627838,-0.10527294874191284,-0.44460663199424744,-0.11149477958679199,-0.4959312081336975,-0.06715261936187744,-0.2979040741920471,-0.12155681848526001,-0.381296843290329,-0.15340161323547363,-0.40580111742019653,-0.16932988166809082,-0.4174530506134033,-0.05335664749145508,-0.29080700874328613,-0.1434127688407898,-0.352421373128891,-0.21092510223388672,-0.31280967593193054,-0.24747687578201294,-0.2593848705291748,-0.053407132625579834,-0.2691858410835266,-0.13670611381530762,-0.3317984938621521,-0.19240480661392212,-0.32245534658432007,-0.22820544242858887,-0.29213160276412964,0.0,0.0,0.0,0.0,0.0,0.0,0.0,0.0,0.0,0.0,0.0,0.0,0.0,0.0,0.0,0.0,0.0,0.0,0.0,0.0,0.0,0.0,0.0,0.0,0.0,0.0,0.0,0.0,0.0,0.0,0.0,0.0,0.0,0.0,0.0,0.0,0.0,0.0,0.0,0.0,0.0,0.0
0.0,0.0,-0.1015777587890625,-0.0677865743637085,-0.16778236627578735,-0.1343485713005066,-0.21879106760025024,-0.1792033314704895,-0.23451179265975952,-0.2362954020500183,-0.08901983499526978,-0.28625035285949707,-0.0986701250076294,-0.385203093290329,-0.1053728461265564,-0.4404671788215637,-0.11128920316696167,-0.49048569798469543,-0.06773960590362549,-0.29721248149871826,-0.11214542388916016,-0.3883408308029175,-0.14020824432373047,-0.4250841438770294,-0.1545434594154358,-0.4466060400009155,-0.053732216358184814,-0.29011625051498413,-0.1394612193107605,-0.35468292236328125,-0.20746541023254395,-0.3172415494918823,-0.24482911825180054,-0.2645125389099121,-0.053496599197387695,-0.2687976360321045,-0.1357022523880005,-0.330905020236969,-0.19168996810913086,-0.3210485279560089,-0.22771495580673218,-0.2904618978500366,0.0,0.0,0.0,0.0,0.0,0.0,0.0,0.0,0.0,0.0,0.0,0.0,0.0,0.0,0.0,0.0,0.0,0.0,0.0,0.0,0.0,0.0,0.0,0.0,0.0,0.0,0.0,0.0,0.0,0.0,0.0,0.0,0.0,0.0,0.0,0.0,0.0,0.0,0.0,0.0,0.0,0.0
0.0,0.0,-0.10065114498138428,-0.06851053237915039,-0.1649777889251709,-0.13436484336853027,-0.21478742361068726,-0.17743074893951416,-0.23262381553649902,-0.23570364713668823,-0.08946037292480469,-0.2859579920768738,-0.10010457038879395,-0.3848063349723816,-0.10682910680770874,-0.4380689263343811,-0.11130040884017944,-0.4873974621295929,-0.0688859224319458,-0.29750943183898926,-0.10364663600921631,-0.3969901204109192,-0.12530887126922607,-0.45130690932273865,-0.13595843315124512,-0.4895133972167969,-0.054177284240722656,-0.28934210538864136,-0.13840848207473755,-0.35244637727737427,-0.20686650276184082,-0.3133091330528259,-0.24503159523010254,-0.2606304883956909,-0.05289328098297119,-0.2680836319923401,-0.1342332363128662,-0.33314186334609985,-0.18872356414794922,-0.3221511244773865,-0.22425341606140137,-0.29049909114837646,0.0,0.0,0.0,0.0,0.0,0.0,0.0,0.0,0.0,0.0,0.0,0.0,0.0,0.0,0.0,0.0,0.0,0.0,0.0,0.0,0.0,0.0,0.0,0.0,0.0,0.0,0.0,0.0,0.0,0.0,0.0,0.0,0.0,0.0,0.0,0.0,0.0,0.0,0.0,0.0,0.0,0.0
0.0,0.0,-0.10257697105407715,-0.0689239501953125,-0.16768628358840942,-0.13478106260299683,-0.21817129850387573,-0.17961877584457397,-0.23495936393737793,-0.24104100465774536,-0.08807551860809326,-0.28690415620803833,-0.09936606884002686,-0.3888170123100281,-0.10601216554641724,-0.445173442363739,-0.11314558982849121,-0.4962579309940338,-0.06583178043365479,-0.29717862606048584,-0.12149345874786377,-0.3771757483482361,-0.15362948179244995,-0.394235759973526,-0.16818898916244507,-0.39954742789268494,-0.05246204137802124,-0.28941094875335693,-0.14303773641586304,-0.3504095673561096,-0.21323686838150024,-0.31352633237838745,-0.25095897912979126,-0.263108491897583,-0.05321383476257324,-0.2672012448310852,-0.13627606630325317,-0.32934150099754333,-0.1916193962097168,-0.3195972144603729,-0.22604477405548096,-0.28918522596359253,0.0,0.0,0.0,0.0,0.0,0.0,0.0,0.0,0.0,0.0,0.0,0.0,0.0,0.0,0.0,0.0,0.0,0.0,0.0,0.0,0.0,0.0,0.0,0.0,0.0,0.0,0.0,0.0,0.0,0.0,0.0,0.0,0.0,0.0,0.0,0.0,0.0,0.0,0.0,0.0,0.0,0.0
0.0,0.0,-0.09987783432006836,-0.0652395486831665,-0.16652381420135498,-0.1323569416999817,-0.21697068214416504,-0.17570793628692627,-0.23169207572937012,-0.23284053802490234,-0.0882493257522583,-0.286959171295166,-0.09822916984558105,-0.38520190119743347,-0.10487151145935059,-0.44029784202575684,-0.10985779762268066,-0.48952311277389526,-0.06746774911880493,-0.2978528141975403,-0.11044615507125854,-0.39053091406822205,-0.1378611922264099,-0.42902153730392456,-0.15125322341918945,-0.4522341191768646,-0.05340409278869629,-0.2898244857788086,-0.1389477252960205,-0.35491758584976196,-0.206745445728302,-0.3154263198375702,-0.24323409795761108,-0.26176929473876953,-0.05289489030838013,-0.26757943630218506,-0.13494879007339478,-0.3299219608306885,-0.19040381908416748,-0.31956756114959717,-0.22536057233810425,-0.28953224420547485,0.0,0.0,0.0,0.0,0.0,0.0,0.0,0.0,0.0,0.0,0.0,0.0,0.0,0.0,0.0,0.0,0.0,0.0,0.0,0.0,0.0,0.0,0.0,0.0,0.0,0.0,0.0,0.0,0.0,0.0,0.0,0.0,0.0,0.0,0.0,0.0,0.0,0.0,0.0,0.0,0.0,0.0
0.0,0.0,-0.10123175382614136,-0.0654151439666748,-0.16760200262069702,-0.13073313236236572,-0.21899569034576416,-0.17555654048919678,-0.23379766941070557,-0.2363046407699585,-0.09036755561828613,-0.28549283742904663,-0.10134392976760864,-0.3870064616203308,-0.1085505485534668,-0.44302061200141907,-0.11643457412719727,-0.49368423223495483,-0.067879319190979,-0.2957671880722046,-0.12709027528762817,-0.37548601627349854,-0.1625785231590271,-0.3898664712905884,-0.17980480194091797,-0.3910284638404846,-0.05363732576370239,-0.2880061864852905,-0.14437460899353027,-0.3481227159500122,-0.21488064527511597,-0.3095167279243469,-0.2531071901321411,-0.2568126916885376,-0.0538485050201416,-0.2656978368759155,-0.1377335786819458,-0.3266807496547699,-0.19279879331588745,-0.3159639835357666,-0.22720223665237427,-0.2844054102897644,0.0,0.0,0.0,0.0,0.0,0.0,0.0,0.0,0.0,0.0,0.0,0.0,0.0,0.0,0.0,0.0,0.0,0.0,0.0,0.0,0.0,0.0,0.0,0.0,0.0,0.0,0.0,0.0,0.0,0.0,0.0,0.0,0.0,0.0,0.0,0.0,0.0,0.0,0.0,0.0,0.0,0.0
0.0,0.0,-0.09921425580978394,-0.0626334547996521,-0.16599041223526,-0.12705737352371216,-0.21621376276016235,-0.1707160472869873,-0.23086512088775635,-0.23013544082641602,-0.09349894523620605,-0.2842864990234375,-0.1040765643119812,-0.3824945092201233,-0.11112862825393677,-0.43587684631347656,-0.11620795726776123,-0.48389315605163574,-0.07191044092178345,-0.2976009249687195,-0.1135636568069458,-0.3933446407318115,-0.13853496313095093,-0.44106996059417725,-0.1510094404220581,-0.47227516770362854,-0.05628305673599243,-0.2899782657623291,-0.14203763008117676,-0.3485664129257202,-0.21034353971481323,-0.3085969388484955,-0.2478758692741394,-0.2539869546890259,-0.05465877056121826,-0.26791906356811523,-0.13645577430725098,-0.32673415541648865,-0.18946915864944458,-0.3174598217010498,-0.2232685685157776,-0.2874097228050232,0.0,0.0,0.0,0.0,0.0,0.0,0.0,0.0,0.0,0.0,0.0,0.0,0.0,0.0,0.0,0.0,0.0,0.0,0.0,0.0,0.0,0.0,0.0,0.0,0.0,0.0,0.0,0.0,0.0,0.0,0.0,0.0,0.0,0.0,0.0,0.0,0.0,0.0,0.0,0.0,0.0,0.0
0.0,0.0,-0.10205316543579102,-0.06577825546264648,-0.17016005516052246,-0.12973004579544067,-0.22222304344177246,-0.1760846972465515,-0.23431777954101562,-0.23826360702514648,-0.09459853172302246,-0.28805166482925415,-0.10515701770782471,-0.38863831758499146,-0.1129462718963623,-0.4430937170982361,-0.12135028839111328,-0.49305179715156555,-0.0719110369682312,-0.2979775071144104,-0.12609213590621948,-0.37455230951309204,-0.15965718030929565,-0.385917991399765,-0.17683088779449463,-0.3859465718269348,-0.058148324489593506,-0.2904311418533325,-0.14425057172775269,-0.3500279188156128,-0.2138727307319641,-0.31358128786087036,-0.25276678800582886,-0.2626418471336365,-0.0577082633972168,-0.2685927748680115,-0.1378456950187683,-0.33044883608818054,-0.19260269403457642,-0.3202274441719055,-0.22753077745437622,-0.2881050109863281,0.0,0.0,0.0,0.0,0.0,0.0,0.0,0.0,0.0,0.0,0.0,0.0,0.0,0.0,0.0,0.0,0.0,0.0,0.0,0.0,0.0,0.0,0.0,0.0,0.0,0.0,0.0,0.0,0.0,0.0,0.0,0.0,0.0,0.0,0.0,0.0,0.0,0.0,0.0,0.0,0.0,0.0
0.0,0.0,-0.09866988658905029,-0.06267690658569336,-0.1663098931312561,-0.1295871138572693,-0.21774601936340332,-0.1750982403755188,-0.23028695583343506,-0.23350918292999268,-0.09091037511825562,-0.2863345146179199,-0.1014852523803711,-0.3838232755661011,-0.10960787534713745,-0.4367368817329407,-0.11439937353134155,-0.4834081828594208,-0.06936371326446533,-0.29859763383865356,-0.10362881422042847,-0.40286433696746826,-0.12588554620742798,-0.45985496044158936,-0.13735198974609375,-0.4996253252029419,-0.05388641357421875,-0.2900903820991516,-0.13932639360427856,-0.35084331035614014,-0.2070276141166687,-0.3114832043647766,-0.2441563606262207,-0.2581341862678528,-0.0532076358795166,-0.2670825719833374,-0.13583314418792725,-0.32567453384399414,-0.18839991092681885,-0.31719788908958435,-0.22172093391418457,-0.28911733627319336,0.0,0.0,0.0,0.0,0.0,0.0,0.0,0.0,0.0,0.0,0.0,0.0,0.0,0.0,0.0,0.0,0.0,0.0,0.0,0.0,0.0,0.0,0.0,0.0,0.0,0.0,0.0,0.0,0.0,0.0,0.0,0.0,0.0,0.0,0.0,0.0,0.0,0.0,0.0,0.0,0.0,0.0
0.0,0.0,-0.10293793678283691,-0.06454414129257202,-0.17122739553451538,-0.1280447244644165,-0.2230166792869568,-0.17710280418395996,-0.2330074906349182,-0.2403131127357483,-0.09303444623947144,-0.28613847494125366,-0.1023479700088501,-0.38899141550064087,-0.1109468936920166,-0.4432275891304016,-0.11785060167312622,-0.49143102765083313,-0.07100582122802734,-0.2962381839752197,-0.1171301007270813,-0.3868734836578369,-0.144844651222229,-0.4214192032814026,-0.15913212299346924,-0.4437093734741211,-0.05684083700180054,-0.2881191372871399,-0.14475464820861816,-0.35010528564453125,-0.21294045448303223,-0.3150593340396881,-0.25021833181381226,-0.264165461063385,-0.056196630001068115,-0.26643097400665283,-0.13711273670196533,-0.3262439966201782,-0.19014352560043335,-0.31619301438331604,-0.22386258840560913,-0.2846834659576416,0.0,0.0,0.0,0.0,0.0,0.0,0.0,0.0,0.0,0.0,0.0,0.0,0.0,0.0,0.0,0.0,0.0,0.0,0.0,0.0,0.0,0.0,0.0,0.0,0.0,0.0,0.0,0.0,0.0,0.0,0.0,0.0,0.0,0.0,0.0,0.0,0.0,0.0,0.0,0.0,0.0,0.0
0.0,0.0,-0.0997965931892395,-0.06574177742004395,-0.1661180853843689,-0.13128167390823364,-0.2166612148284912,-0.1750982403755188,-0.23143601417541504,-0.23516958951950073,-0.08987462520599365,-0.28531086444854736,-0.1019134521484375,-0.3842408061027527,-0.11081254482269287,-0.4364294409751892,-0.11636930704116821,-0.4830781817436218,-0.06909435987472534,-0.29701024293899536,-0.09449738264083862,-0.40852662920951843,-0.1117667555809021,-0.4717636704444885,-0.12072563171386719,-0.5179466307163239,-0.05490553379058838,-0.28802865743637085,-0.13750451803207397,-0.35293614864349365,-0.20543795824050903,-0.31571468710899353,-0.2447059154510498,-0.265056848526001,-0.0552944540977478,-0.2658097743988037,-0.13683158159255981,-0.32908493280410767,-0.18917524814605713,-0.31774622201919556,-0.22383522987365723,-0.28667575120925903,0.0,0.0,0.0,0.0,0.0,0.0,0.0,0.0,0.0,0.0,0.0,0.0,0.0,0.0,0.0,0.0,0.0,0.0,0.0,0.0,0.0,0.0,0.0,0.0,0.0,0.0,0.0,0.0,0.0,0.0,0.0,0.0,0.0,0.0,0.0,0.0,0.0,0.0,0.0,0.0,0.0,0.0
0.0,0.0,-0.10166388750076294,-0.06642395257949829,-0.16892987489700317,-0.13013559579849243,-0.2200801968574524,-0.1775275468826294,-0.2305660843849182,-0.24133819341659546,-0.09286147356033325,-0.2869032621383667,-0.10263806581497192,-0.3893137276172638,-0.11249446868896484,-0.4420585036277771,-0.11776959896087646,-0.48796525597572327,-0.07075530290603638,-0.2979830503463745,-0.0988873839378357,-0.40907761454582214,-0.11506110429763794,-0.46963027119636536,-0.12227785587310791,-0.515855461359024,-0.0558469295501709,-0.28848010301589966,-0.1412574052810669,-0.3520926237106323,-0.20974642038345337,-0.3169037699699402,-0.24850153923034668,-0.2680003046989441,-0.05543339252471924,-0.2666609287261963,-0.13663965463638306,-0.3284209370613098,-0.18776863813400269,-0.31726008653640747,-0.22079098224639893,-0.28524988889694214,0.0,0.0,0.0,0.0,0.0,0.0,0.0,0.0,0.0,0.0,0.0,0.0,0.0,0.0,0.0,0.0,0.0,0.0,0.0,0.0,0.0,0.0,0.0,0.0,0.0,0.0,0.0,0.0,0.0,0.0,0.0,0.0,0.0,0.0,0.0,0.0,0.0,0.0,0.0,0.0,0.0,0.0
0.0,0.0,-0.10505712032318115,-0.06846469640731812,-0.17137962579727173,-0.1304224729537964,-0.22201693058013916,-0.176033616065979,-0.23699045181274414,-0.23977619409561157,-0.09462487697601318,-0.28819966316223145,-0.10476464033126831,-0.3908710479736328,-0.1134445071220398,-0.44518303871154785,-0.12153834104537964,-0.49478426575660706,-0.07204890251159668,-0.29755622148513794,-0.13027048110961914,-0.37534934282302856,-0.16463857889175415,-0.3885965347290039,-0.18046700954437256,-0.39169272780418396,-0.05887788534164429,-0.2899050712585449,-0.14826977252960205,-0.3488505482673645,-0.21740418672561646,-0.3131526708602905,-0.25428372621536255,-0.2617189884185791,-0.05840158462524414,-0.2690362334251404,-0.13800114393234253,-0.326926052570343,-0.19224143028259277,-0.31700679659843445,-0.22647470235824585,-0.28549450635910034,0.0,0.0,0.0,0.0,0.0,0.0,0.0,0.0,0.0,0.0,0.0,0.0,0.0,0.0,0.0,0.0,0.0,0.0,0.0,0.0,0.0,0.0,0.0,0.0,0.0,0.0,0.0,0.0,0.0,0.0,0.0,0.0,0.0,0.0,0.0,0.0,0.0,0.0,0.0,0.0,0.0,0.0
0.0,0.0,-0.10183805227279663,-0.0656517744064331,-0.16612577438354492,-0.130706787109375,-0.2153007984161377,-0.17313194274902344,-0.2343112826347351,-0.22872823476791382,-0.09346985816955566,-0.28557002544403076,-0.10476142168045044,-0.38683539628982544,-0.11133521795272827,-0.44275718927383423,-0.11722719669342041,-0.49417728185653687,-0.07216638326644897,-0.2983471155166626,-0.12054729461669922,-0.388821005821228,-0.1513262391090393,-0.4298285245895386,-0.16654455661773682,-0.4543518126010895,-0.05690115690231323,-0.29044538736343384,-0.14706462621688843,-0.34585341811180115,-0.21692490577697754,-0.30285191535949707,-0.2535164952278137,-0.2471114993095398,-0.055130839347839355,-0.2681105136871338,-0.13802748918533325,-0.3278518319129944,-0.19247764348983765,-0.31686991453170776,-0.22619765996932983,-0.285611629486084,0.0,0.0,0.0,0.0,0.0,0.0,0.0,0.0,0.0,0.0,0.0,0.0,0.0,0.0,0.0,0.0,0.0,0.0,0.0,0.0,0.0,0.0,0.0,0.0,0.0,0.0,0.0,0.0,0.0,0.0,0.0,0.0,0.0,0.0,0.0,0.0,0.0,0.0,0.0,0.0,0.0,0.0
0.0,0.0,-0.10219419002532959,-0.0668143630027771,-0.16753387451171875,-0.13088250160217285,-0.2179274559020996,-0.17590856552124023,-0.23293179273605347,-0.23929715156555176,-0.09284085035324097,-0.28620022535324097,-0.10470330715179443,-0.38819801807403564,-0.1116793155670166,-0.44289499521255493,-0.11826229095458984,-0.4934977889060974,-0.06986004114151001,-0.29799002408981323,-0.1164059042930603,-0.38543426990509033,-0.14301323890686035,-0.41921567916870117,-0.15607786178588867,-0.44026386737823486,-0.0551069974899292,-0.29013001918792725,-0.14447283744812012,-0.34778717160224915,-0.21534204483032227,-0.3087533712387085,-0.254178524017334,-0.25654011964797974,-0.05496537685394287,-0.26782238483428955,-0.1373923420906067,-0.32930344343185425,-0.1903005838394165,-0.31904229521751404,-0.22367846965789795,-0.2868495583534241,0.0,0.0,0.0,0.0,0.0,0.0,0.0,0.0,0.0,0.0,0.0,0.0,0.0,0.0,0.0,0.0,0.0,0.0,0.0,0.0,0.0,0.0,0.0,0.0,0.0,0.0,0.0,0.0,0.0,0.0,0.0,0.0,0.0,0.0,0.0,0.0,0.0,0.0,0.0,0.0,0.0,0.0
0.0,0.0,-0.10227364301681519,-0.0669090747833252,-0.1658681035041809,-0.12948662042617798,-0.21486163139343262,-0.17111295461654663,-0.2342585325241089,-0.2306995391845703,-0.0946616530418396,-0.28478574752807617,-0.10643130540847778,-0.3859420120716095,-0.11254948377609253,-0.440976619720459,-0.11802202463150024,-0.49213963747024536,-0.07306307554244995,-0.29739415645599365,-0.1212167739868164,-0.38467925786972046,-0.1491680145263672,-0.42173922061920166,-0.1627500057220459,-0.44483470916748047,-0.057971835136413574,-0.28949618339538574,-0.14812827110290527,-0.34592562913894653,-0.2166462540626526,-0.302866131067276,-0.25309741497039795,-0.24738222360610962,-0.05631047487258911,-0.2668650150299072,-0.13871407508850098,-0.3298990726470947,-0.1922745704650879,-0.31935715675354004,-0.2262183427810669,-0.28771263360977173,0.0,0.0,0.0,0.0,0.0,0.0,0.0,0.0,0.0,0.0,0.0,0.0,0.0,0.0,0.0,0.0,0.0,0.0,0.0,0.0,0.0,0.0,0.0,0.0,0.0,0.0,0.0,0.0,0.0,0.0,0.0,0.0,0.0,0.0,0.0,0.0,0.0,0.0,0.0,0.0,0.0,0.0
0.0,0.0,-0.10200822353363037,-0.06633216142654419,-0.16518676280975342,-0.13029944896697998,-0.2142704725265503,-0.1715303659439087,-0.23375016450881958,-0.22908735275268555,-0.09155631065368652,-0.28510433435440063,-0.10407525300979614,-0.38541126251220703,-0.11220890283584595,-0.43950915336608887,-0.11805707216262817,-0.48854249715805054,-0.0707787275314331,-0.2978510856628418,-0.10863327980041504,-0.3986924886703491,-0.13269829750061035,-0.45056596398353577,-0.144150972366333,-0.4854995608329773,-0.05636882781982422,-0.28962671756744385,-0.14515769481658936,-0.3498636484146118,-0.21337616443634033,-0.3059801459312439,-0.24929630756378174,-0.24999099969863892,-0.05629163980484009,-0.2669294476509094,-0.14006996154785156,-0.33009302616119385,-0.19293475151062012,-0.3178287744522095,-0.22588473558425903,-0.2848026752471924,0.0,0.0,0.0,0.0,0.0,0.0,0.0,0.0,0.0,0.0,0.0,0.0,0.0,0.0,0.0,0.0,0.0,0.0,0.0,0.0,0.0,0.0,0.0,0.0,0.0,0.0,0.0,0.0,0.0,0.0,0.0,0.0,0.0,0.0,0.0,0.0,0.0,0.0,0.0,0.0,0.0,0.0
0.0,0.0,-0.10236060619354248,-0.06694144010543823,-0.16806358098983765,-0.1316545605659485,-0.2182338833808899,-0.17667239904403687,-0.2321326732635498,-0.23935049772262573,-0.09577721357345581,-0.28828155994415283,-0.10639935731887817,-0.3881015479564667,-0.11559563875198364,-0.4404796361923218,-0.12016481161117554,-0.48684966564178467,-0.07357823848724365,-0.30069613456726074,-0.097709059715271,-0.41175898909568787,-0.1120067834854126,-0.4744994640350342,-0.11887025833129883,-0.5242000818252563,-0.05833542346954346,-0.29165780544281006,-0.14273273944854736,-0.3534497618675232,-0.21242964267730713,-0.31545692682266235,-0.2531689405441284,-0.26663118600845337,-0.05798053741455078,-0.27017879486083984,-0.14186900854110718,-0.33024680614471436,-0.1934238076210022,-0.31741276383399963,-0.2269473671913147,-0.28520822525024414,0.0,0.0,0.0,0.0,0.0,0.0,0.0,0.0,0.0,0.0,0.0,0.0,0.0,0.0,0.0,0.0,0.0,0.0,0.0,0.0,0.0,0.0,0.0,0.0,0.0,0.0,0.0,0.0,0.0,0.0,0.0,0.0,0.0,0.0,0.0,0.0,0.0,0.0,0.0,0.0,0.0,0.0
0.0,0.0,-0.10587501525878906,-0.06995856761932373,-0.17366290092468262,-0.13326877355575562,-0.22566664218902588,-0.18139135837554932,-0.23869484663009644,-0.24329620599746704,-0.09409266710281372,-0.2927314043045044,-0.10521805286407471,-0.397114098072052,-0.11480432748794556,-0.45360541343688965,-0.12369304895401001,-0.5056414604187012,-0.07055526971817017,-0.29978662729263306,-0.15219718217849731,-0.35571277141571045,-0.19707947969436646,-0.3345363736152649,-0.21566200256347656,-0.3106614947319031,-0.058506011962890625,-0.29137176275253296,-0.15353214740753174,-0.34246087074279785,-0.219418466091156,-0.30647897720336914,-0.2533479332923889,-0.2573019862174988,-0.059788286685943604,-0.27072930335998535,-0.14049696922302246,-0.3261164724826813,-0.19501274824142456,-0.3161524534225464,-0.22910267114639282,-0.28356313705444336,0.0,0.0,0.0,0.0,0.0,0.0,0.0,0.0,0.0,0.0,0.0,0.0,0.0,0.0,0.0,0.0,0.0,0.0,0.0,0.0,0.0,0.0,0.0,0.0,0.0,0.0,0.0,0.0,0.0,0.0,0.0,0.0,0.0,0.0,0.0,0.0,0.0,0.0,0.0,0.0,0.0,0.0
0.0,0.0,-0.10325700044631958,-0.06911760568618774,-0.16764986515045166,-0.1333337426185608,-0.21802771091461182,-0.17674171924591064,-0.23561114072799683,-0.23668932914733887,-0.09409362077713013,-0.2911609411239624,-0.1054154634475708,-0.394095242023468,-0.113089919090271,-0.45103323459625244,-0.1215747594833374,-0.5048757791519165,-0.07078605890274048,-0.30073440074920654,-0.14706581830978394,-0.3555493950843811,-0.18765515089035034,-0.3391779661178589,-0.20344281196594238,-0.3202642798423767,-0.05813878774642944,-0.29270005226135254,-0.15315359830856323,-0.3412386178970337,-0.2205832600593567,-0.2992527484893799,-0.25515347719192505,-0.24831432104110718,-0.05927008390426636,-0.2711406946182251,-0.14258873462677002,-0.32936394214630127,-0.19681322574615479,-0.3193608522415161,-0.22983109951019287,-0.2887292504310608,0.0,0.0,0.0,0.0,0.0,0.0,0.0,0.0,0.0,0.0,0.0,0.0,0.0,0.0,0.0,0.0,0.0,0.0,0.0,0.0,0.0,0.0,0.0,0.0,0.0,0.0,0.0,0.0,0.0,0.0,0.0,0.0,0.0,0.0,0.0,0.0,0.0,0.0,0.0,0.0,0.0,0.0
0.0,0.0,-0.10403841733932495,-0.06951034069061279,-0.16828525066375732,-0.13313376903533936,-0.21873289346694946,-0.17479968070983887,-0.23580819368362427,-0.2327941656112671,-0.09166091680526733,-0.28798383474349976,-0.10368430614471436,-0.390325665473938,-0.10981690883636475,-0.44693294167518616,-0.11768233776092529,-0.5007351636886597,-0.06976437568664551,-0.29981327056884766,-0.1349124312400818,-0.36959969997406006,-0.17043840885162354,-0.38044118881225586,-0.18643784523010254,-0.38238221406936646,-0.05679130554199219,-0.29203909635543823,-0.15214699506759644,-0.34322577714920044,-0.2206386923789978,-0.3001251220703125,-0.2561485171318054,-0.24642527103424072,-0.05792278051376343,-0.26953190565109253,-0.14174264669418335,-0.32954636216163635,-0.1964619755744934,-0.3188719153404236,-0.23060154914855957,-0.2874069809913635,0.0,0.0,0.0,0.0,0.0,0.0,0.0,0.0,0.0,0.0,0.0,0.0,0.0,0.0,0.0,0.0,0.0,0.0,0.0,0.0,0.0,0.0,0.0,0.0,0.0,0.0,0.0,0.0,0.0,0.0,0.0,0.0,0.0,0.0,0.0,0.0,0.0,0.0,0.0,0.0,0.0,0.0
0.0,0.0,-0.1040613055229187,-0.06872838735580444,-0.16811084747314453,-0.13296842575073242,-0.21792668104171753,-0.1729525923728943,-0.23564863204956055,-0.2305600643157959,-0.09368860721588135,-0.2851112484931946,-0.10503077507019043,-0.38660454750061035,-0.11173146963119507,-0.4408436715602875,-0.11713838577270508,-0.4919971525669098,-0.07370096445083618,-0.2985979914665222,-0.11554211378097534,-0.39258164167404175,-0.13929080963134766,-0.4439302682876587,-0.15002888441085815,-0.480162650346756,-0.05972015857696533,-0.290144145488739,-0.14966332912445068,-0.3465542197227478,-0.21737879514694214,-0.3025881052017212,-0.25326263904571533,-0.24757331609725952,-0.05936187505722046,-0.2679060101509094,-0.1427149772644043,-0.3312394618988037,-0.19656407833099365,-0.31939882040023804,-0.23062777519226074,-0.2872452735900879,0.0,0.0,0.0,0.0,0.0,0.0,0.0,0.0,0.0,0.0,0.0,0.0,0.0,0.0,0.0,0.0,0.0,0.0,0.0,0.0,0.0,0.0,0.0,0.0,0.0,0.0,0.0,0.0,0.0,0.0,0.0,0.0,0.0,0.0,0.0,0.0,0.0,0.0,0.0,0.0,0.0,0.0
0.0,0.0,-0.10719811916351318,-0.06904077529907227,-0.17262893915176392,-0.13316309452056885,-0.2240024209022522,-0.17550957202911377,-0.24238359928131104,-0.23419272899627686,-0.09642517566680908,-0.2880268692970276,-0.1081499457359314,-0.39234334230422974,-0.11465561389923096,-0.44983869791030884,-0.12252378463745117,-0.5030035674571991,-0.07506638765335083,-0.3007669448852539,-0.13541078567504883,-0.3782605826854706,-0.16868525743484497,-0.3997962474822998,-0.18403661251068115,-0.40936991572380066,-0.06252521276473999,-0.29269641637802124,-0.15755903720855713,-0.3466784358024597,-0.2262786626815796,-0.3035013675689697,-0.2621338963508606,-0.24807649850845337,-0.06376445293426514,-0.2699727416038513,-0.14806580543518066,-0.32974809408187866,-0.2025463581085205,-0.31785815954208374,-0.23648154735565186,-0.2846580743789673,0.0,0.0,0.0,0.0,0.0,0.0,0.0,0.0,0.0,0.0,0.0,0.0,0.0,0.0,0.0,0.0,0.0,0.0,0.0,0.0,0.0,0.0,0.0,0.0,0.0,0.0,0.0,0.0,0.0,0.0,0.0,0.0,0.0,0.0,0.0,0.0,0.0,0.0,0.0,0.0,0.0,0.0
0.0,0.0,-0.10827893018722534,-0.07171505689620972,-0.17343556880950928,-0.1356816291809082,-0.2234775424003601,-0.17614811658859253,-0.24568092823028564,-0.23134475946426392,-0.09697234630584717,-0.2899366617202759,-0.10945415496826172,-0.39373648166656494,-0.11811500787734985,-0.4526877701282501,-0.12854212522506714,-0.5068772733211517,-0.07522666454315186,-0.2999705672264099,-0.1564069390296936,-0.3565739393234253,-0.2024211883544922,-0.33780765533447266,-0.2218911051750183,-0.31237679719924927,-0.06467920541763306,-0.2926613688468933,-0.16170644760131836,-0.34220293164253235,-0.2259279489517212,-0.29625052213668823,-0.2577154040336609,-0.24079501628875732,-0.0672081708908081,-0.2733701467514038,-0.15002357959747314,-0.3327515721321106,-0.20621860027313232,-0.3199518024921417,-0.24105596542358398,-0.2858128547668457,0.0,0.0,0.0,0.0,0.0,0.0,0.0,0.0,0.0,0.0,0.0,0.0,0.0,0.0,0.0,0.0,0.0,0.0,0.0,0.0,0.0,0.0,0.0,0.0,0.0,0.0,0.0,0.0,0.0,0.0,0.0,0.0,0.0,0.0,0.0,0.0,0.0,0.0,0.0,0.0,0.0,0.0
0.0,0.0,-0.1072150468826294,-0.07206040620803833,-0.17109912633895874,-0.13689333200454712,-0.22060340642929077,-0.17593950033187866,-0.2438625693321228,-0.2312975525856018,-0.09443384408950806,-0.29353147745132446,-0.1076498031616211,-0.3971846103668213,-0.11641836166381836,-0.45608988404273987,-0.12653851509094238,-0.5105799734592438,-0.07234126329421997,-0.3015490770339966,-0.16084593534469604,-0.3544486165046692,-0.20925891399383545,-0.3248068392276764,-0.2279530167579651,-0.2909352779388428,-0.062403082847595215,-0.29270899295806885,-0.1610979437828064,-0.3427220284938812,-0.2238525152206421,-0.29697316884994507,-0.2534711956977844,-0.24216067790985107,-0.06539034843444824,-0.27185869216918945,-0.1481013298034668,-0.3313140273094177,-0.2034739851951599,-0.32012832164764404,-0.2371206283569336,-0.28672152757644653,0.0,0.0,0.0,0.0,0.0,0.0,0.0,0.0,0.0,0.0,0.0,0.0,0.0,0.0,0.0,0.0,0.0,0.0,0.0,0.0,0.0,0.0,0.0,0.0,0.0,0.0,0.0,0.0,0.0,0.0,0.0,0.0,0.0,0.0,0.0,0.0,0.0,0.0,0.0,0.0,0.0,0.0
0.0,0.0,-0.10819101333618164,-0.07099795341491699,-0.17218047380447388,-0.1350419521331787,-0.22231054306030273,-0.17497670650482178,-0.2420405149459839,-0.2322617769241333,-0.09432399272918701,-0.2914213538169861,-0.10597127676010132,-0.39404240250587463,-0.1126859188079834,-0.45127227902412415,-0.11947286128997803,-0.5044642984867096,-0.07356458902359009,-0.3046674132347107,-0.13307708501815796,-0.3852943181991577,-0.1655181646347046,-0.41483938694000244,-0.179396390914917,-0.43167802691459656,-0.061562180519104004,-0.2957305312156677,-0.15968674421310425,-0.3482614755630493,-0.22652190923690796,-0.30139416456222534,-0.25905776023864746,-0.24428695440292358,-0.06383359432220459,-0.2725948095321655,-0.15072590112686157,-0.33154159784317017,-0.20470333099365234,-0.31797486543655396,-0.23730242252349854,-0.2850869297981262,0.0,0.0,0.0,0.0,0.0,0.0,0.0,0.0,0.0,0.0,0.0,0.0,0.0,0.0,0.0,0.0,0.0,0.0,0.0,0.0,0.0,0.0,0.0,0.0,0.0,0.0,0.0,0.0,0.0,0.0,0.0,0.0,0.0,0.0,0.0,0.0,0.0,0.0,0.0,0.0,0.0,0.0
0.0,0.0,-0.10909301042556763,-0.07266068458557129,-0.17406880855560303,-0.1348840594291687,-0.22496986389160156,-0.17359203100204468,-0.24693596363067627,-0.23197609186172485,-0.09687429666519165,-0.2988457679748535,-0.10789114236831665,-0.40508833527565,-0.11595666408538818,-0.4655291438102722,-0.1252846121788025,-0.5206018686294556,-0.07372158765792847,-0.30759310722351074,-0.17268145084381104,-0.35118845105171204,-0.22118723392486572,-0.31289994716644287,-0.23735761642456055,-0.27707546949386597,-0.06438803672790527,-0.29740285873413086,-0.17255616188049316,-0.33919891715049744,-0.23346316814422607,-0.28878849744796753,-0.2598082423210144,-0.2348453402519226,-0.06871020793914795,-0.2742655277252197,-0.1590728759765625,-0.32678505778312683,-0.2141321301460266,-0.31413280963897705,-0.2459932565689087,-0.28384608030319214,0.0,0.0,0.0,0.0,0.0,0.0,0.0,0.0,0.0,0.0,0.0,0.0,0.0,0.0,0.0,0.0,0.0,0.0,0.0,0.0,0.0,0.0,0.0,0.0,0.0,0.0,0.0,0.0,0.0,0.0,0.0,0.0,0.0,0.0,0.0,0.0,0.0,0.0,0.0,0.0,0.0,0.0
0.0,0.0,-0.11308294534683228,-0.07130241394042969,-0.1788586974143982,-0.13418424129486084,-0.23134297132492065,-0.17252951860427856,-0.2504727840423584,-0.22986960411071777,-0.09866863489151001,-0.29986459016799927,-0.1111488938331604,-0.40711289644241333,-0.11824172735214233,-0.4687560796737671,-0.12726056575775146,-0.5238614678382874,-0.0746583342552185,-0.30563539266586304,-0.18010395765304565,-0.35090282559394836,-0.23339402675628662,-0.3075977563858032,-0.2521517872810364,-0.2648307681083679,-0.06541460752487183,-0.2914060354232788,-0.17335963249206543,-0.3369482159614563,-0.23432081937789917,-0.2937791347503662,-0.26125991344451904,-0.24374496936798096,-0.06968927383422852,-0.2630930542945862,-0.15769070386886597,-0.31491100788116455,-0.21088546514511108,-0.30643486976623535,-0.24188518524169922,-0.2790921926498413,0.0,0.0,0.0,0.0,0.0,0.0,0.0,0.0,0.0,0.0,0.0,0.0,0.0,0.0,0.0,0.0,0.0,0.0,0.0,0.0,0.0,0.0,0.0,0.0,0.0,0.0,0.0,0.0,0.0,0.0,0.0,0.0,0.0,0.0,0.0,0.0,0.0,0.0,0.0,0.0,0.0,0.0
0.0,0.0,-0.11290103197097778,-0.07376956939697266,-0.17678749561309814,-0.13738560676574707,-0.22825109958648682,-0.1751353144645691,-0.2540254592895508,-0.2298986315727234,-0.09524613618850708,-0.30099475383758545,-0.1086111068725586,-0.40891069173812866,-0.11381685733795166,-0.4743662178516388,-0.12054014205932617,-0.5329272150993347,-0.07151788473129272,-0.3055952191352844,-0.17905181646347046,-0.3519558906555176,-0.23250216245651245,-0.3088788390159607,-0.25120896100997925,-0.266551673412323,-0.0632898211479187,-0.29047417640686035,-0.17378556728363037,-0.3373962640762329,-0.236441969871521,-0.2925640940666199,-0.2637447118759155,-0.24055325984954834,-0.07006549835205078,-0.261424720287323,-0.15940767526626587,-0.314474880695343,-0.21532028913497925,-0.3042032718658447,-0.24812829494476318,-0.2746516466140747,0.0,0.0,0.0,0.0,0.0,0.0,0.0,0.0,0.0,0.0,0.0,0.0,0.0,0.0,0.0,0.0,0.0,0.0,0.0,0.0,0.0,0.0,0.0,0.0,0.0,0.0,0.0,0.0,0.0,0.0,0.0,0.0,0.0,0.0,0.0,0.0,0.0,0.0,0.0,0.0,0.0,0.0
0.0,0.0,-0.11241263151168823,-0.0767676830291748,-0.17696160078048706,-0.14031344652175903,-0.22903800010681152,-0.17937535047531128,-0.25186073780059814,-0.23439663648605347,-0.09318214654922485,-0.3027345538139343,-0.10740727186203003,-0.4080231189727783,-0.11231213808059692,-0.47044268250465393,-0.11806619167327881,-0.5278199017047882,-0.07051640748977661,-0.30692481994628906,-0.17962157726287842,-0.3532102406024933,-0.232133150100708,-0.3086940050125122,-0.24880290031433105,-0.2668580412864685,-0.06356048583984375,-0.29097098112106323,-0.1743430495262146,-0.3379998207092285,-0.23497426509857178,-0.2921102046966553,-0.26012516021728516,-0.2406294345855713,-0.07084423303604126,-0.2605847120285034,-0.15837788581848145,-0.3158518671989441,-0.21267473697662354,-0.30767107009887695,-0.24412626028060913,-0.27986860275268555,0.0,0.0,0.0,0.0,0.0,0.0,0.0,0.0,0.0,0.0,0.0,0.0,0.0,0.0,0.0,0.0,0.0,0.0,0.0,0.0,0.0,0.0,0.0,0.0,0.0,0.0,0.0,0.0,0.0,0.0,0.0,0.0,0.0,0.0,0.0,0.0,0.0,0.0,0.0,0.0,0.0,0.0
0.0,0.0,-0.11332666873931885,-0.07713758945465088,-0.17702752351760864,-0.14238834381103516,-0.22887110710144043,-0.18120718002319336,-0.25551915168762207,-0.23514574766159058,-0.09112143516540527,-0.3037208318710327,-0.10597670078277588,-0.41124066710472107,-0.11054515838623047,-0.4756883680820465,-0.1164025068283081,-0.5344613492488861,-0.06982702016830444,-0.30707764625549316,-0.18159717321395874,-0.35701674222946167,-0.2360040545463562,-0.3119869828224182,-0.25364255905151367,-0.2679036855697632,-0.06450837850570679,-0.2900732159614563,-0.17719930410385132,-0.342041552066803,-0.2371487021446228,-0.2953196167945862,-0.2605684995651245,-0.24311429262161255,-0.07309067249298096,-0.2593556046485901,-0.16119343042373657,-0.318808376789093,-0.21556997299194336,-0.3096129894256592,-0.24602001905441284,-0.2796138525009155,0.0,0.0,0.0,0.0,0.0,0.0,0.0,0.0,0.0,0.0,0.0,0.0,0.0,0.0,0.0,0.0,0.0,0.0,0.0,0.0,0.0,0.0,0.0,0.0,0.0,0.0,0.0,0.0,0.0,0.0,0.0,0.0,0.0,0.0,0.0,0.0,0.0,0.0,0.0,0.0,0.0,0.0
0.0,0.0,-0.11459004878997803,-0.07829654216766357,-0.17846882343292236,-0.14212042093276978,-0.23004543781280518,-0.18018513917922974,-0.25470906496047974,-0.23536145687103271,-0.09481853246688843,-0.30464184284210205,-0.10862904787063599,-0.4118273854255676,-0.11320441961288452,-0.4754190146923065,-0.11911636590957642,-0.5334452688694,-0.07358688116073608,-0.30834466218948364,-0.18385344743728638,-0.35535329580307007,-0.2357357144355774,-0.3084263205528259,-0.25081437826156616,-0.26570963859558105,-0.06812494993209839,-0.29252761602401733,-0.1804431676864624,-0.34083792567253113,-0.2400229573249817,-0.2924181818962097,-0.26279711723327637,-0.23958677053451538,-0.07599705457687378,-0.263347327709198,-0.16424322128295898,-0.3209288716316223,-0.21889793872833252,-0.3112843632698059,-0.24925601482391357,-0.2818630337715149,0.0,0.0,0.0,0.0,0.0,0.0,0.0,0.0,0.0,0.0,0.0,0.0,0.0,0.0,0.0,0.0,0.0,0.0,0.0,0.0,0.0,0.0,0.0,0.0,0.0,0.0,0.0,0.0,0.0,0.0,0.0,0.0,0.0,0.0,0.0,0.0,0.0,0.0,0.0,0.0,0.0,0.0
0.0,0.0,-0.11239081621170044,-0.08096420764923096,-0.17519479990005493,-0.14730876684188843,-0.2267073392868042,-0.18536579608917236,-0.25605547428131104,-0.23674321174621582,-0.08053547143936157,-0.3075135350227356,-0.09557753801345825,-0.41784048080444336,-0.10145729780197144,-0.48566630482673645,-0.10870778560638428,-0.5448300838470459,-0.06141012907028198,-0.30785632133483887,-0.17678076028823853,-0.36821508407592773,-0.23412352800369263,-0.3224523067474365,-0.25442272424697876,-0.27361708879470825,-0.05878728628158569,-0.2878059148788452,-0.17476564645767212,-0.34620973467826843,-0.23525327444076538,-0.3009856939315796,-0.2589082717895508,-0.24720734357833862,-0.07020878791809082,-0.2541946768760681,-0.15846991539001465,-0.31647950410842896,-0.21348536014556885,-0.30991649627685547,-0.24470531940460205,-0.2803208827972412,0.0,0.0,0.0,0.0,0.0,0.0,0.0,0.0,0.0,0.0,0.0,0.0,0.0,0.0,0.0,0.0,0.0,0.0,0.0,0.0,0.0,0.0,0.0,0.0,0.0,0.0,0.0,0.0,0.0,0.0,0.0,0.0,0.0,0.0,0.0,0.0,0.0,0.0,0.0,0.0,0.0,0.0
0.0,0.0,-0.1132199764251709,-0.07965832948684692,-0.1753922700881958,-0.15171939134597778,-0.22548902034759521,-0.19658911228179932,-0.2544000744819641,-0.24926316738128662,-0.08187097311019897,-0.3090270161628723,-0.09521275758743286,-0.4225267171859741,-0.09708857536315918,-0.4911995232105255,-0.09950047731399536,-0.5552550256252289,-0.06117814779281616,-0.31016039848327637,-0.18124312162399292,-0.36368000507354736,-0.23858994245529175,-0.31426048278808594,-0.25652849674224854,-0.2703476548194885,-0.05758869647979736,-0.2906377911567688,-0.18106287717819214,-0.3464842736721039,-0.23993706703186035,-0.29489439725875854,-0.2596399188041687,-0.24202394485473633,-0.06744253635406494,-0.25711894035339355,-0.15984880924224854,-0.3188285827636719,-0.21294307708740234,-0.3072082996368408,-0.23932653665542603,-0.27507591247558594,0.0,0.0,0.0,0.0,0.0,0.0,0.0,0.0,0.0,0.0,0.0,0.0,0.0,0.0,0.0,0.0,0.0,0.0,0.0,0.0,0.0,0.0,0.0,0.0,0.0,0.0,0.0,0.0,0.0,0.0,0.0,0.0,0.0,0.0,0.0,0.0,0.0,0.0,0.0,0.0,0.0,0.0
0.0,0.0,-0.11558568477630615,-0.08327090740203857,-0.177060067653656,-0.15640336275100708,-0.22620582580566406,-0.201249897480011,-0.25691014528274536,-0.2546868324279785,-0.08356648683547974,-0.3126726746559143,-0.09758663177490234,-0.42279016971588135,-0.09955596923828125,-0.49058523774147034,-0.1027226448059082,-0.5541773736476898,-0.06282830238342285,-0.31273865699768066,-0.1810029149055481,-0.3596227169036865,-0.23715835809707642,-0.31417083740234375,-0.25604528188705444,-0.2770412564277649,-0.059361934661865234,-0.2920369505882263,-0.17929351329803467,-0.3486149311065674,-0.238000750541687,-0.2987101078033447,-0.25982290506362915,-0.24742865562438965,-0.06973820924758911,-0.25763171911239624,-0.16113042831420898,-0.32039135694503784,-0.21513646841049194,-0.3079426884651184,-0.24411636590957642,-0.2748940587043762,0.0,0.0,0.0,0.0,0.0,0.0,0.0,0.0,0.0,0.0,0.0,0.0,0.0,0.0,0.0,0.0,0.0,0.0,0.0,0.0,0.0,0.0,0.0,0.0,0.0,0.0,0.0,0.0,0.0,0.0,0.0,0.0,0.0,0.0,0.0,0.0,0.0,0.0,0.0,0.0,0.0,0.0
0.0,0.0,-0.11674213409423828,-0.08119434118270874,-0.17790406942367554,-0.15284496545791626,-0.22716021537780762,-0.19431263208389282,-0.2597116231918335,-0.24572134017944336,-0.08112943172454834,-0.3112863302230835,-0.09609496593475342,-0.42334455251693726,-0.09799861907958984,-0.4916091561317444,-0.10118353366851807,-0.5555639564990997,-0.061146080493927,-0.3106282353401184,-0.18282264471054077,-0.36302703619003296,-0.2406158447265625,-0.3138708472251892,-0.2595859169960022,-0.27248913049697876,-0.058172404766082764,-0.2889721393585205,-0.1817866563796997,-0.3482791781425476,-0.24084365367889404,-0.2955901026725769,-0.2612289786338806,-0.24219077825546265,-0.0685722827911377,-0.25368809700012207,-0.16110289096832275,-0.3178710341453552,-0.2140587568283081,-0.30546683073043823,-0.24104666709899902,-0.2722843885421753,0.0,0.0,0.0,0.0,0.0,0.0,0.0,0.0,0.0,0.0,0.0,0.0,0.0,0.0,0.0,0.0,0.0,0.0,0.0,0.0,0.0,0.0,0.0,0.0,0.0,0.0,0.0,0.0,0.0,0.0,0.0,0.0,0.0,0.0,0.0,0.0,0.0,0.0,0.0,0.0,0.0,0.0
0.0,0.0,-0.11606669425964355,-0.0816183090209961,-0.17652666568756104,-0.15410226583480835,-0.2254602313041687,-0.19811183214187622,-0.25676971673965454,-0.25092560052871704,-0.08282440900802612,-0.3130338191986084,-0.09887433052062988,-0.4231356382369995,-0.10102087259292603,-0.49010634422302246,-0.10415899753570557,-0.5532563924789429,-0.06222492456436157,-0.3120030164718628,-0.1815916895866394,-0.3595069646835327,-0.23826712369918823,-0.31355422735214233,-0.2581321597099304,-0.2765154242515564,-0.05867236852645874,-0.28989946842193604,-0.17892956733703613,-0.3473115563392639,-0.23799151182174683,-0.2982807159423828,-0.26081383228302,-0.24786144495010376,-0.0687757134437561,-0.254095196723938,-0.16031229496002197,-0.31656980514526367,-0.21408414840698242,-0.30460822582244873,-0.24365830421447754,-0.2724202871322632,0.0,0.0,0.0,0.0,0.0,0.0,0.0,0.0,0.0,0.0,0.0,0.0,0.0,0.0,0.0,0.0,0.0,0.0,0.0,0.0,0.0,0.0,0.0,0.0,0.0,0.0,0.0,0.0,0.0,0.0,0.0,0.0,0.0,0.0,0.0,0.0,0.0,0.0,0.0,0.0,0.0,0.0
0.0,0.0,-0.11816030740737915,-0.07995069026947021,-0.17933112382888794,-0.1509724259376526,-0.2290496826171875,-0.19358015060424805,-0.2605557441711426,-0.2467871904373169,-0.08452343940734863,-0.31369733810424805,-0.10207831859588623,-0.42280739545822144,-0.10469824075698853,-0.48946231603622437,-0.10741418600082397,-0.552382230758667,-0.0635843276977539,-0.31222349405288696,-0.1851598024368286,-0.3596544563770294,-0.2417210340499878,-0.3098869323730469,-0.259846568107605,-0.2711344361305237,-0.05994313955307007,-0.28880244493484497,-0.18197780847549438,-0.34567180275917053,-0.24146544933319092,-0.29415470361709595,-0.26344847679138184,-0.2434154748916626,-0.07024246454238892,-0.25096017122268677,-0.16327542066574097,-0.3152754306793213,-0.21666550636291504,-0.30203312635421753,-0.24491047859191895,-0.2682969570159912,0.0,0.0,0.0,0.0,0.0,0.0,0.0,0.0,0.0,0.0,0.0,0.0,0.0,0.0,0.0,0.0,0.0,0.0,0.0,0.0,0.0,0.0,0.0,0.0,0.0,0.0,0.0,0.0,0.0,0.0,0.0,0.0,0.0,0.0,0.0,0.0,0.0,0.0,0.0,0.0,0.0,0.0
0.0,0.0,-0.1183919906616211,-0.08056199550628662,-0.1789664626121521,-0.15241312980651855,-0.22853726148605347,-0.1961127519607544,-0.2596191167831421,-0.24957263469696045,-0.08451646566390991,-0.3127654194831848,-0.10257631540298462,-0.4221367835998535,-0.10538113117218018,-0.4885794222354889,-0.10904467105865479,-0.5512199103832245,-0.06372213363647461,-0.3117651343345642,-0.18465280532836914,-0.35882896184921265,-0.24073243141174316,-0.31106817722320557,-0.2596694827079773,-0.27337175607681274,-0.05997955799102783,-0.2891468405723572,-0.18172907829284668,-0.34625133872032166,-0.2408931851387024,-0.2962881326675415,-0.2637011408805847,-0.24625617265701294,-0.07047110795974731,-0.2521481513977051,-0.16338753700256348,-0.31555062532424927,-0.21713167428970337,-0.3026297688484192,-0.24632924795150757,-0.2690664529800415,0.0,0.0,0.0,0.0,0.0,0.0,0.0,0.0,0.0,0.0,0.0,0.0,0.0,0.0,0.0,0.0,0.0,0.0,0.0,0.0,0.0,0.0,0.0,0.0,0.0,0.0,0.0,0.0,0.0,0.0,0.0,0.0,0.0,0.0,0.0,0.0,0.0,0.0,0.0,0.0,0.0,0.0
0.0,0.0,-0.1181136965751648,-0.07782059907913208,-0.17976301908493042,-0.1494414210319519,-0.2300029993057251,-0.19107764959335327,-0.26272302865982056,-0.24223601818084717,-0.08537203073501587,-0.31336116790771484,-0.1030886173248291,-0.4226865768432617,-0.10520166158676147,-0.48919299244880676,-0.10781300067901611,-0.551837682723999,-0.06464040279388428,-0.31193697452545166,-0.1864175796508789,-0.3600335717201233,-0.2424953579902649,-0.3098222017288208,-0.26041656732559204,-0.2704402208328247,-0.060734689235687256,-0.287916898727417,-0.18253827095031738,-0.3441503942012787,-0.2417994737625122,-0.2930084466934204,-0.26402586698532104,-0.24277305603027344,-0.07059037685394287,-0.24941587448120117,-0.16288679838180542,-0.3113449215888977,-0.21604472398757935,-0.29847365617752075,-0.24442249536514282,-0.26588010787963867,0.0,0.0,0.0,0.0,0.0,0.0,0.0,0.0,0.0,0.0,0.0,0.0,0.0,0.0,0.0,0.0,0.0,0.0,0.0,0.0,0.0,0.0,0.0,0.0,0.0,0.0,0.0,0.0,0.0,0.0,0.0,0.0,0.0,0.0,0.0,0.0,0.0,0.0,0.0,0.0,0.0,0.0
0.0,0.0,-0.11739915609359741,-0.07748126983642578,-0.17958909273147583,-0.15055596828460693,-0.2296392321586609,-0.19314610958099365,-0.26314717531204224,-0.2420330047607422,-0.08812445402145386,-0.3110159635543823,-0.10602432489395142,-0.42079874873161316,-0.1090046763420105,-0.48625609278678894,-0.11190766096115112,-0.5491344034671783,-0.06732326745986938,-0.310918927192688,-0.18882012367248535,-0.3597513437271118,-0.24590152502059937,-0.30824440717697144,-0.26388460397720337,-0.2674788236618042,-0.06242537498474121,-0.28818458318710327,-0.1852908730506897,-0.34448403120040894,-0.24576789140701294,-0.2908891439437866,-0.2676498293876648,-0.23973959684371948,-0.07080036401748657,-0.25131750106811523,-0.16346508264541626,-0.31449538469314575,-0.21716296672821045,-0.2999129891395569,-0.2445353865623474,-0.2659333348274231,0.0,0.0,0.0,0.0,0.0,0.0,0.0,0.0,0.0,0.0,0.0,0.0,0.0,0.0,0.0,0.0,0.0,0.0,0.0,0.0,0.0,0.0,0.0,0.0,0.0,0.0,0.0,0.0,0.0,0.0,0.0,0.0,0.0,0.0,0.0,0.0,0.0,0.0,0.0,0.0,0.0,0.0
0.0,0.0,-0.11823403835296631,-0.07706189155578613,-0.18059766292572021,-0.1493867039680481,-0.23101210594177246,-0.19064456224441528,-0.26427000761032104,-0.24045950174331665,-0.0878063440322876,-0.3096299171447754,-0.10660845041275024,-0.4193398058414459,-0.10889571905136108,-0.4856128394603729,-0.11147594451904297,-0.548864096403122,-0.06643468141555786,-0.3098459243774414,-0.1871303915977478,-0.36187243461608887,-0.24414408206939697,-0.3114996552467346,-0.26230770349502563,-0.26956045627593994,-0.06095123291015625,-0.28727251291275024,-0.1830064058303833,-0.34363770484924316,-0.24297982454299927,-0.2920467257499695,-0.2650006413459778,-0.24150145053863525,-0.06857037544250488,-0.2501571774482727,-0.1608232855796814,-0.31180769205093384,-0.21326810121536255,-0.2999514937400818,-0.2401437759399414,-0.2687138319015503,0.0,0.0,0.0,0.0,0.0,0.0,0.0,0.0,0.0,0.0,0.0,0.0,0.0,0.0,0.0,0.0,0.0,0.0,0.0,0.0,0.0,0.0,0.0,0.0,0.0,0.0,0.0,0.0,0.0,0.0,0.0,0.0,0.0,0.0,0.0,0.0,0.0,0.0,0.0,0.0,0.0,0.0
0.0,0.0,-0.11763185262680054,-0.07641911506652832,-0.18034666776657104,-0.14839887619018555,-0.2303539514541626,-0.18995022773742676,-0.2625465393066406,-0.24020415544509888,-0.08689892292022705,-0.3074912428855896,-0.10541599988937378,-0.4200418293476105,-0.10798031091690063,-0.48822060227394104,-0.11128807067871094,-0.5526156723499298,-0.06556868553161621,-0.3077048063278198,-0.18802231550216675,-0.35799023509025574,-0.24554771184921265,-0.3086645007133484,-0.2644805908203125,-0.2674916386604309,-0.0608363151550293,-0.28577864170074463,-0.18482565879821777,-0.3422195017337799,-0.24485355615615845,-0.29080450534820557,-0.2670913338661194,-0.2398676872253418,-0.06983202695846558,-0.24999284744262695,-0.1633230447769165,-0.3118152618408203,-0.21710330247879028,-0.29856646060943604,-0.2451413869857788,-0.26589107513427734,0.0,0.0,0.0,0.0,0.0,0.0,0.0,0.0,0.0,0.0,0.0,0.0,0.0,0.0,0.0,0.0,0.0,0.0,0.0,0.0,0.0,0.0,0.0,0.0,0.0,0.0,0.0,0.0,0.0,0.0,0.0,0.0,0.0,0.0,0.0,0.0,0.0,0.0,0.0,0.0,0.0,0.0
0.0,0.0,-0.11779016256332397,-0.07555186748504639,-0.17983651161193848,-0.14794611930847168,-0.23009586334228516,-0.19006431102752686,-0.26256632804870605,-0.2399533987045288,-0.08686751127243042,-0.3088284730911255,-0.10704773664474487,-0.4190567135810852,-0.10971260070800781,-0.48512566089630127,-0.11269485950469971,-0.5482330322265625,-0.06578993797302246,-0.30750370025634766,-0.18671411275863647,-0.35674339532852173,-0.2434820532798767,-0.30767709016799927,-0.2624134421348572,-0.26871609687805176,-0.06098836660385132,-0.28379201889038086,-0.18260419368743896,-0.3404024839401245,-0.24251413345336914,-0.28999513387680054,-0.26538699865341187,-0.24100661277770996,-0.06962043046951294,-0.24569278955459595,-0.16148900985717773,-0.30748701095581055,-0.21506673097610474,-0.2954729199409485,-0.24380123615264893,-0.2642631530761719,0.0,0.0,0.0,0.0,0.0,0.0,0.0,0.0,0.0,0.0,0.0,0.0,0.0,0.0,0.0,0.0,0.0,0.0,0.0,0.0,0.0,0.0,0.0,0.0,0.0,0.0,0.0,0.0,0.0,0.0,0.0,0.0,0.0,0.0,0.0,0.0,0.0,0.0,0.0,0.0,0.0,0.0
0.0,0.0,-0.11674374341964722,-0.07418078184127808,-0.17823225259780884,-0.14584940671920776,-0.2281118631362915,-0.18719619512557983,-0.26225918531417847,-0.2369314432144165,-0.08673423528671265,-0.30860960483551025,-0.10698908567428589,-0.41936612129211426,-0.10968220233917236,-0.48624563217163086,-0.11219120025634766,-0.5499566793441772,-0.06563836336135864,-0.3070826530456543,-0.18698465824127197,-0.35662519931793213,-0.24374496936798096,-0.305422842502594,-0.2624759078025818,-0.2656542658805847,-0.06061762571334839,-0.2830924391746521,-0.18263989686965942,-0.3385196924209595,-0.24210989475250244,-0.2866014838218689,-0.2645794153213501,-0.2374342679977417,-0.06890463829040527,-0.24479854106903076,-0.16037219762802124,-0.30449622869491577,-0.21467947959899902,-0.2919164299964905,-0.24423348903656006,-0.26113325357437134,0.0,0.0,0.0,0.0,0.0,0.0,0.0,0.0,0.0,0.0,0.0,0.0,0.0,0.0,0.0,0.0,0.0,0.0,0.0,0.0,0.0,0.0,0.0,0.0,0.0,0.0,0.0,0.0,0.0,0.0,0.0,0.0,0.0,0.0,0.0,0.0,0.0,0.0,0.0,0.0,0.0,0.0
0.0,0.0,-0.11720782518386841,-0.07429003715515137,-0.17875385284423828,-0.14490485191345215,-0.22837692499160767,-0.18661433458328247,-0.261009156703949,-0.23566287755966187,-0.08629012107849121,-0.3088657259941101,-0.1064867377281189,-0.41899722814559937,-0.10997134447097778,-0.48520198464393616,-0.11278170347213745,-0.5483592450618744,-0.06512212753295898,-0.30708855390548706,-0.18945443630218506,-0.3582177758216858,-0.24473953247070312,-0.3020901679992676,-0.2609584331512451,-0.25805503129959106,-0.06042623519897461,-0.2823514938354492,-0.18382275104522705,-0.33771562576293945,-0.24153631925582886,-0.2850393056869507,-0.2621428370475769,-0.23528063297271729,-0.06922692060470581,-0.2428123950958252,-0.1585560441017151,-0.3028069734573364,-0.21093964576721191,-0.29421311616897583,-0.23915261030197144,-0.267386257648468,0.0,0.0,0.0,0.0,0.0,0.0,0.0,0.0,0.0,0.0,0.0,0.0,0.0,0.0,0.0,0.0,0.0,0.0,0.0,0.0,0.0,0.0,0.0,0.0,0.0,0.0,0.0,0.0,0.0,0.0,0.0,0.0,0.0,0.0,0.0,0.0,0.0,0.0,0.0,0.0,0.0,0.0
0.0,0.0,-0.11723703145980835,-0.07385969161987305,-0.17831480503082275,-0.1440754532814026,-0.2273104190826416,-0.18518215417861938,-0.2612956166267395,-0.2326628565788269,-0.0891791582107544,-0.3079369068145752,-0.10806846618652344,-0.4179617166519165,-0.11108708381652832,-0.4843054413795471,-0.11311012506484985,-0.5475581288337708,-0.06764787435531616,-0.3069372773170471,-0.19053512811660767,-0.3558148145675659,-0.2453785538673401,-0.29932379722595215,-0.2606104612350464,-0.25492531061172485,-0.06234562397003174,-0.2830628752708435,-0.18502044677734375,-0.33626943826675415,-0.24247825145721436,-0.28229665756225586,-0.26205193996429443,-0.23129266500473022,-0.07004284858703613,-0.24465346336364746,-0.16024363040924072,-0.3027925491333008,-0.21206265687942505,-0.2916753888130188,-0.23903119564056396,-0.26276421546936035,0.0,0.0,0.0,0.0,0.0,0.0,0.0,0.0,0.0,0.0,0.0,0.0,0.0,0.0,0.0,0.0,0.0,0.0,0.0,0.0,0.0,0.0,0.0,0.0,0.0,0.0,0.0,0.0,0.0,0.0,0.0,0.0,0.0,0.0,0.0,0.0,0.0,0.0,0.0,0.0,0.0,0.0
0.0,0.0,-0.11732083559036255,-0.0732419490814209,-0.17882418632507324,-0.14451098442077637,-0.2285827398300171,-0.18651807308197021,-0.2651253938674927,-0.23455262184143066,-0.08840799331665039,-0.3065011501312256,-0.10703825950622559,-0.4195105731487274,-0.10953789949417114,-0.48875167965888977,-0.11220479011535645,-0.5536851286888123,-0.06740325689315796,-0.30554431676864624,-0.1895497441291809,-0.3568096160888672,-0.24678456783294678,-0.30490732192993164,-0.26533055305480957,-0.2629352807998657,-0.06265991926193237,-0.2822801470756531,-0.185033917427063,-0.33821484446525574,-0.24376463890075684,-0.2853139042854309,-0.26522767543792725,-0.23517084121704102,-0.07105177640914917,-0.2454230785369873,-0.16259872913360596,-0.3047116994857788,-0.21673446893692017,-0.2919068932533264,-0.24566900730133057,-0.2613762617111206,0.0,0.0,0.0,0.0,0.0,0.0,0.0,0.0,0.0,0.0,0.0,0.0,0.0,0.0,0.0,0.0,0.0,0.0,0.0,0.0,0.0,0.0,0.0,0.0,0.0,0.0,0.0,0.0,0.0,0.0,0.0,0.0,0.0,0.0,0.0,0.0,0.0,0.0,0.0,0.0,0.0,0.0
0.0,0.0,-0.11655372381210327,-0.0733519196510315,-0.17827898263931274,-0.144656240940094,-0.22792142629623413,-0.18685632944107056,-0.26189136505126953,-0.23419886827468872,-0.08551013469696045,-0.3083265423774719,-0.1057862639427185,-0.41928911209106445,-0.1092151403427124,-0.48664358258247375,-0.11211848258972168,-0.5505538582801819,-0.06480324268341064,-0.30719470977783203,-0.18828660249710083,-0.360149085521698,-0.24435681104660034,-0.30457836389541626,-0.26184916496276855,-0.2600208520889282,-0.06030398607254028,-0.2832130789756775,-0.18269509077072144,-0.3394366502761841,-0.24007225036621094,-0.2858366370201111,-0.2607654333114624,-0.23541492223739624,-0.06919699907302856,-0.24445873498916626,-0.15952187776565552,-0.302215039730072,-0.21254217624664307,-0.2914204001426697,-0.2409021258354187,-0.26321113109588623,0.0,0.0,0.0,0.0,0.0,0.0,0.0,0.0,0.0,0.0,0.0,0.0,0.0,0.0,0.0,0.0,0.0,0.0,0.0,0.0,0.0,0.0,0.0,0.0,0.0,0.0,0.0,0.0,0.0,0.0,0.0,0.0,0.0,0.0,0.0,0.0,0.0,0.0,0.0,0.0,0.0,0.0
0.0,0.0,-0.11778640747070312,-0.0721939206123352,-0.17986923456192017,-0.14334797859191895,-0.23007971048355103,-0.1856858730316162,-0.26397818326950073,-0.23247969150543213,-0.08857911825180054,-0.3067994713783264,-0.11016011238098145,-0.41826122999191284,-0.11357593536376953,-0.4847031533718109,-0.11622458696365356,-0.5479648113250732,-0.06693887710571289,-0.3062055706977844,-0.19141608476638794,-0.35859858989715576,-0.2469061017036438,-0.3012737035751343,-0.26350241899490356,-0.2560017704963684,-0.06189674139022827,-0.28263944387435913,-0.1853252649307251,-0.33910518884658813,-0.24294239282608032,-0.2846289277076721,-0.26338762044906616,-0.23337268829345703,-0.07059037685394287,-0.2441619634628296,-0.16150903701782227,-0.3024366497993469,-0.21327829360961914,-0.2903910279273987,-0.24042093753814697,-0.2605609893798828,0.0,0.0,0.0,0.0,0.0,0.0,0.0,0.0,0.0,0.0,0.0,0.0,0.0,0.0,0.0,0.0,0.0,0.0,0.0,0.0,0.0,0.0,0.0,0.0,0.0,0.0,0.0,0.0,0.0,0.0,0.0,0.0,0.0,0.0,0.0,0.0,0.0,0.0,0.0,0.0,0.0,0.0
0.0,0.0,-0.11594134569168091,-0.07258206605911255,-0.17753851413726807,-0.1445472240447998,-0.22806000709533691,-0.18614518642425537,-0.26433730125427246,-0.23406600952148438,-0.08510833978652954,-0.30742979049682617,-0.10672944784164429,-0.4209296703338623,-0.10957366228103638,-0.48886537551879883,-0.1128808856010437,-0.5533914864063263,-0.06456750631332397,-0.3057894706726074,-0.18835115432739258,-0.3588683307170868,-0.24524199962615967,-0.30700820684432983,-0.26465821266174316,-0.26564592123031616,-0.060322582721710205,-0.2815052270889282,-0.18374216556549072,-0.33915019035339355,-0.24229925870895386,-0.2870309352874756,-0.2644650340080261,-0.23808926343917847,-0.06976884603500366,-0.24280387163162231,-0.1614285707473755,-0.303646445274353,-0.21570754051208496,-0.29140520095825195,-0.24548155069351196,-0.2615159749984741,0.0,0.0,0.0,0.0,0.0,0.0,0.0,0.0,0.0,0.0,0.0,0.0,0.0,0.0,0.0,0.0,0.0,0.0,0.0,0.0,0.0,0.0,0.0,0.0,0.0,0.0,0.0,0.0,0.0,0.0,0.0,0.0,0.0,0.0,0.0,0.0,0.0,0.0,0.0,0.0,0.0,0.0
0.0,0.0,-0.11825990676879883,-0.07337188720703125,-0.18002980947494507,-0.14477479457855225,-0.2305249571800232,-0.18674665689468384,-0.26543909311294556,-0.23323571681976318,-0.0891759991645813,-0.30903542041778564,-0.11020433902740479,-0.4197657108306885,-0.11336439847946167,-0.4860033392906189,-0.11581093072891235,-0.5491006970405579,-0.0678325891494751,-0.30825650691986084,-0.1924675703048706,-0.35970574617385864,-0.24788719415664673,-0.30229198932647705,-0.2639014720916748,-0.2573434114456177,-0.0630602240562439,-0.28390616178512573,-0.18689483404159546,-0.3403334319591522,-0.24472373723983765,-0.2851497530937195,-0.2645024061203003,-0.2334895133972168,-0.07199561595916748,-0.24438786506652832,-0.16364234685897827,-0.30431246757507324,-0.2156316637992859,-0.2914198040962219,-0.242179274559021,-0.26014935970306396,0.0,0.0,0.0,0.0,0.0,0.0,0.0,0.0,0.0,0.0,0.0,0.0,0.0,0.0,0.0,0.0,0.0,0.0,0.0,0.0,0.0,0.0,0.0,0.0,0.0,0.0,0.0,0.0,0.0,0.0,0.0,0.0,0.0,0.0,0.0,0.0,0.0,0.0,0.0,0.0,0.0,0.0
0.0,0.0,-0.116976797580719,-0.07337760925292969,-0.17863893508911133,-0.14594489336013794,-0.22924911975860596,-0.18784219026565552,-0.2656882405281067,-0.23446714878082275,-0.0854027271270752,-0.30776864290237427,-0.10703122615814209,-0.42129021883010864,-0.1099405288696289,-0.48919984698295593,-0.11305224895477295,-0.5537833869457245,-0.06505215167999268,-0.3060034513473511,-0.1892176866531372,-0.35944700241088867,-0.24611222743988037,-0.3063949942588806,-0.2649460434913635,-0.26436102390289307,-0.0610087513923645,-0.28124088048934937,-0.18481594324111938,-0.33907270431518555,-0.24344009160995483,-0.2863084673881531,-0.2650705575942993,-0.23678970336914062,-0.07063460350036621,-0.24186277389526367,-0.16121500730514526,-0.3034203052520752,-0.21508270502090454,-0.29150670766830444,-0.244248628616333,-0.2611902356147766,0.0,0.0,0.0,0.0,0.0,0.0,0.0,0.0,0.0,0.0,0.0,0.0,0.0,0.0,0.0,0.0,0.0,0.0,0.0,0.0,0.0,0.0,0.0,0.0,0.0,0.0,0.0,0.0,0.0,0.0,0.0,0.0,0.0,0.0,0.0,0.0,0.0,0.0,0.0,0.0,0.0,0.0
0.0,0.0,-0.11806195974349976,-0.0734788179397583,-0.17945975065231323,-0.1457565426826477,-0.22981023788452148,-0.1873786449432373,-0.2659897804260254,-0.23327672481536865,-0.0880439281463623,-0.308762788772583,-0.1095815896987915,-0.42102089524269104,-0.11299395561218262,-0.4879341721534729,-0.11574798822402954,-0.5517535507678986,-0.06688648462295532,-0.30782246589660645,-0.1922340989112854,-0.3596469461917877,-0.24794131517410278,-0.302581787109375,-0.26419156789779663,-0.25790268182754517,-0.06249499320983887,-0.2833417057991028,-0.18725210428237915,-0.33995407819747925,-0.24525803327560425,-0.28516334295272827,-0.2652627229690552,-0.23399800062179565,-0.07201606035232544,-0.24388086795806885,-0.16337323188781738,-0.30500489473342896,-0.21577715873718262,-0.293181836605072,-0.24299341440200806,-0.2627609372138977,0.0,0.0,0.0,0.0,0.0,0.0,0.0,0.0,0.0,0.0,0.0,0.0,0.0,0.0,0.0,0.0,0.0,0.0,0.0,0.0,0.0,0.0,0.0,0.0,0.0,0.0,0.0,0.0,0.0,0.0,0.0,0.0,0.0,0.0,0.0,0.0,0.0,0.0,0.0,0.0,0.0,0.0
0.0,0.0,-0.11797648668289185,-0.07381170988082886,-0.17958402633666992,-0.14626151323318481,-0.22974449396133423,-0.1880066990852356,-0.26565396785736084,-0.23516595363616943,-0.0882154107093811,-0.3103228211402893,-0.10924530029296875,-0.42083704471588135,-0.11264348030090332,-0.48698878288269043,-0.11590856313705444,-0.550070732831955,-0.06773310899734497,-0.30885446071624756,-0.19193196296691895,-0.3586816191673279,-0.24758070707321167,-0.3047245740890503,-0.2651873230934143,-0.26254647970199585,-0.06328117847442627,-0.28366780281066895,-0.186517596244812,-0.338909387588501,-0.24460142850875854,-0.28686171770095825,-0.2659512758255005,-0.2376740574836731,-0.07243221998214722,-0.24329179525375366,-0.16323691606521606,-0.30277591943740845,-0.21718758344650269,-0.2915814518928528,-0.24667847156524658,-0.26197564601898193,0.0,0.0,0.0,0.0,0.0,0.0,0.0,0.0,0.0,0.0,0.0,0.0,0.0,0.0,0.0,0.0,0.0,0.0,0.0,0.0,0.0,0.0,0.0,0.0,0.0,0.0,0.0,0.0,0.0,0.0,0.0,0.0,0.0,0.0,0.0,0.0,0.0,0.0,0.0,0.0,0.0,0.0
0.0,0.0,-0.11805915832519531,-0.07359099388122559,-0.18007880449295044,-0.14640653133392334,-0.23050826787948608,-0.1877116560935974,-0.2663257122039795,-0.2340371012687683,-0.08746832609176636,-0.3099910616874695,-0.10918217897415161,-0.4205252528190613,-0.11272996664047241,-0.48680272698402405,-0.11610680818557739,-0.5500752925872803,-0.06672310829162598,-0.3087025284767151,-0.19177234172821045,-0.3590964376926422,-0.2474532127380371,-0.3041501045227051,-0.2646518349647522,-0.2608966827392578,-0.062211453914642334,-0.28335946798324585,-0.18622982501983643,-0.33912041783332825,-0.2448306679725647,-0.2864384651184082,-0.2661662697792053,-0.23692351579666138,-0.07157593965530396,-0.2427135705947876,-0.16188424825668335,-0.30321794748306274,-0.21565556526184082,-0.2924124598503113,-0.24477523565292358,-0.2630230188369751,0.0,0.0,0.0,0.0,0.0,0.0,0.0,0.0,0.0,0.0,0.0,0.0,0.0,0.0,0.0,0.0,0.0,0.0,0.0,0.0,0.0,0.0,0.0,0.0,0.0,0.0,0.0,0.0,0.0,0.0,0.0,0.0,0.0,0.0,0.0,0.0,0.0,0.0,0.0,0.0,0.0,0.0
0.0,0.0,-0.11763530969619751,-0.07203924655914307,-0.17980432510375977,-0.1445358395576477,-0.2302665114402771,-0.18524765968322754,-0.266629159450531,-0.23093187808990479,-0.08876973390579224,-0.30921411514282227,-0.11010867357254028,-0.42052745819091797,-0.11323153972625732,-0.48697328567504883,-0.11616593599319458,-0.5505065619945526,-0.06765925884246826,-0.3076053857803345,-0.19234508275985718,-0.35703223943710327,-0.24816274642944336,-0.3020213842391968,-0.2654306888580322,-0.2588292360305786,-0.06268882751464844,-0.2822045087814331,-0.18639850616455078,-0.33661794662475586,-0.24552536010742188,-0.28431105613708496,-0.26739978790283203,-0.23478657007217407,-0.07138288021087646,-0.24174702167510986,-0.16126519441604614,-0.30085933208465576,-0.21495932340621948,-0.290702223777771,-0.24436581134796143,-0.26209014654159546,0.0,0.0,0.0,0.0,0.0,0.0,0.0,0.0,0.0,0.0,0.0,0.0,0.0,0.0,0.0,0.0,0.0,0.0,0.0,0.0,0.0,0.0,0.0,0.0,0.0,0.0,0.0,0.0,0.0,0.0,0.0,0.0,0.0,0.0,0.0,0.0,0.0,0.0,0.0,0.0,0.0,0.0
0.0,0.0,-0.11696618795394897,-0.07314532995223999,-0.17937421798706055,-0.14620953798294067,-0.22927838563919067,-0.18783080577850342,-0.26505857706069946,-0.23385894298553467,-0.08845007419586182,-0.30954188108444214,-0.10855579376220703,-0.42075058817863464,-0.11182856559753418,-0.4869976043701172,-0.11489284038543701,-0.5507831871509552,-0.06785780191421509,-0.30815625190734863,-0.19169104099273682,-0.358881413936615,-0.24761593341827393,-0.30388861894607544,-0.26528722047805786,-0.26052772998809814,-0.06295537948608398,-0.2832188010215759,-0.1861969232559204,-0.3373290002346039,-0.2444624900817871,-0.28466200828552246,-0.26591312885284424,-0.23528486490249634,-0.07119983434677124,-0.24350780248641968,-0.16142535209655762,-0.3012382388114929,-0.21547210216522217,-0.29078882932662964,-0.2450578212738037,-0.26304203271865845,0.0,0.0,0.0,0.0,0.0,0.0,0.0,0.0,0.0,0.0,0.0,0.0,0.0,0.0,0.0,0.0,0.0,0.0,0.0,0.0,0.0,0.0,0.0,0.0,0.0,0.0,0.0,0.0,0.0,0.0,0.0,0.0,0.0,0.0,0.0,0.0,0.0,0.0,0.0,0.0,0.0,0.0
0.0,0.0,-0.11849939823150635,-0.07126235961914062,-0.18317097425460815,-0.1433829665184021,-0.23453468084335327,-0.18285542726516724,-0.2681863307952881,-0.23008513450622559,-0.09109807014465332,-0.3081439733505249,-0.1167064905166626,-0.4194231331348419,-0.12119650840759277,-0.4852500557899475,-0.12542325258255005,-0.5484640598297119,-0.06891894340515137,-0.3076847791671753,-0.19646024703979492,-0.3555472493171692,-0.2512296438217163,-0.29863280057907104,-0.26491767168045044,-0.2527797222137451,-0.06368833780288696,-0.28348058462142944,-0.18942826986312866,-0.3379758894443512,-0.24896490573883057,-0.28347986936569214,-0.26905208826065063,-0.23191046714782715,-0.07231748104095459,-0.24434661865234375,-0.16241711378097534,-0.3066774010658264,-0.21405798196792603,-0.295859158039093,-0.2402803897857666,-0.2650827169418335,0.0,0.0,0.0,0.0,0.0,0.0,0.0,0.0,0.0,0.0,0.0,0.0,0.0,0.0,0.0,0.0,0.0,0.0,0.0,0.0,0.0,0.0,0.0,0.0,0.0,0.0,0.0,0.0,0.0,0.0,0.0,0.0,0.0,0.0,0.0,0.0,0.0,0.0,0.0,0.0,0.0,0.0
0.0,0.0,-0.11984527111053467,-0.07072705030441284,-0.18354946374893188,-0.14293330907821655,-0.23415839672088623,-0.18343979120254517,-0.26673948764801025,-0.22969478368759155,-0.09816616773605347,-0.3072618246078491,-0.12198787927627563,-0.4170844256877899,-0.12770986557006836,-0.4802793562412262,-0.13281160593032837,-0.5426796674728394,-0.073788583278656,-0.30880385637283325,-0.195809006690979,-0.35524502396583557,-0.2515541911125183,-0.3006855845451355,-0.2665066719055176,-0.25505876541137695,-0.06588375568389893,-0.2859974503517151,-0.1871970295906067,-0.3376651406288147,-0.24864345788955688,-0.2859560251235962,-0.2705349922180176,-0.23621708154678345,-0.07227611541748047,-0.2477383017539978,-0.16188287734985352,-0.3075815439224243,-0.2150900959968567,-0.2960437536239624,-0.24213969707489014,-0.2655181884765625,0.0,0.0,0.0,0.0,0.0,0.0,0.0,0.0,0.0,0.0,0.0,0.0,0.0,0.0,0.0,0.0,0.0,0.0,0.0,0.0,0.0,0.0,0.0,0.0,0.0,0.0,0.0,0.0,0.0,0.0,0.0,0.0,0.0,0.0,0.0,0.0,0.0,0.0,0.0,0.0,0.0,0.0
0.0,0.0,-0.11994093656539917,-0.07161062955856323,-0.1865796446800232,-0.14249670505523682,-0.23902076482772827,-0.18463778495788574,-0.2697015404701233,-0.23488640785217285,-0.09849220514297485,-0.30657732486724854,-0.12146717309951782,-0.4178158640861511,-0.12622904777526855,-0.4826238751411438,-0.13096588850021362,-0.5458997786045074,-0.07430869340896606,-0.3094863295555115,-0.19716572761535645,-0.3562718629837036,-0.2519661784172058,-0.3036975860595703,-0.26581645011901855,-0.25938647985458374,-0.06720256805419922,-0.2884470224380493,-0.19071871042251587,-0.340761661529541,-0.25076812505722046,-0.2898988723754883,-0.27075380086898804,-0.24007648229599,-0.07438576221466064,-0.2523801326751709,-0.1660977005958557,-0.3131331205368042,-0.2194874882698059,-0.30177825689315796,-0.24566489458084106,-0.2706853151321411,0.0,0.0,0.0,0.0,0.0,0.0,0.0,0.0,0.0,0.0,0.0,0.0,0.0,0.0,0.0,0.0,0.0,0.0,0.0,0.0,0.0,0.0,0.0,0.0,0.0,0.0,0.0,0.0,0.0,0.0,0.0,0.0,0.0,0.0,0.0,0.0,0.0,0.0,0.0,0.0,0.0,0.0
0.0,0.0,-0.11663049459457397,-0.07197076082229614,-0.1835017204284668,-0.1395745873451233,-0.23662453889846802,-0.18185240030288696,-0.2613287568092346,-0.23571175336837769,-0.10259425640106201,-0.3074762225151062,-0.12308323383331299,-0.41897666454315186,-0.13091427087783813,-0.48084357380867004,-0.13738858699798584,-0.5406518876552582,-0.07669740915298462,-0.31122976541519165,-0.19585883617401123,-0.3538293242454529,-0.2489737868309021,-0.2988911271095276,-0.2597092390060425,-0.25475889444351196,-0.06735944747924805,-0.2923712134361267,-0.18734842538833618,-0.3374980092048645,-0.24806421995162964,-0.28871262073516846,-0.2677133083343506,-0.24224895238876343,-0.07191991806030273,-0.25786006450653076,-0.1602455973625183,-0.3175494074821472,-0.2110866904258728,-0.3118938207626343,-0.23519176244735718,-0.2882853150367737,0.0,0.0,0.0,0.0,0.0,0.0,0.0,0.0,0.0,0.0,0.0,0.0,0.0,0.0,0.0,0.0,0.0,0.0,0.0,0.0,0.0,0.0,0.0,0.0,0.0,0.0,0.0,0.0,0.0,0.0,0.0,0.0,0.0,0.0,0.0,0.0,0.0,0.0,0.0,0.0,0.0,0.0
0.0,0.0,-0.11292922496795654,-0.07151561975479126,-0.18056458234786987,-0.13651633262634277,-0.2332308292388916,-0.17614126205444336,-0.2575538754463196,-0.23186230659484863,-0.10897964239120483,-0.30499768257141113,-0.12481111288070679,-0.4155455231666565,-0.13233554363250732,-0.4764523506164551,-0.14073342084884644,-0.5343157351016998,-0.08351254463195801,-0.3095460534095764,-0.18790781497955322,-0.34890303015708923,-0.23891699314117432,-0.3017898201942444,-0.2546570301055908,-0.2613496780395508,-0.0715135931968689,-0.29454272985458374,-0.17710000276565552,-0.33788514137268066,-0.23879265785217285,-0.29414427280426025,-0.2649794816970825,-0.2471674084663391,-0.07185375690460205,-0.2645811438560486,-0.15252351760864258,-0.32279443740844727,-0.20720559358596802,-0.31606918573379517,-0.2397986650466919,-0.2901701331138611,0.0,0.0,0.0,0.0,0.0,0.0,0.0,0.0,0.0,0.0,0.0,0.0,0.0,0.0,0.0,0.0,0.0,0.0,0.0,0.0,0.0,0.0,0.0,0.0,0.0,0.0,0.0,0.0,0.0,0.0,0.0,0.0,0.0,0.0,0.0,0.0,0.0,0.0,0.0,0.0,0.0,0.0
0.0,0.0,-0.11259090900421143,-0.07121652364730835,-0.18139564990997314,-0.13247454166412354,-0.23509299755096436,-0.1723189353942871,-0.25641655921936035,-0.22973144054412842,-0.10669445991516113,-0.3015958070755005,-0.12186872959136963,-0.4084777534008026,-0.13106900453567505,-0.466333270072937,-0.1413021683692932,-0.5211959183216095,-0.08316302299499512,-0.3089386820793152,-0.18187546730041504,-0.35450661182403564,-0.22955912351608276,-0.3185386657714844,-0.24627315998077393,-0.28443044424057007,-0.07181578874588013,-0.29667985439300537,-0.1792072057723999,-0.33731794357299805,-0.2428019642829895,-0.2912663221359253,-0.2719547748565674,-0.23831838369369507,-0.07390004396438599,-0.26982325315475464,-0.16080796718597412,-0.3175765872001648,-0.2151281237602234,-0.3037070631980896,-0.2474757432937622,-0.27082163095474243,0.0,0.0,0.0,0.0,0.0,0.0,0.0,0.0,0.0,0.0,0.0,0.0,0.0,0.0,0.0,0.0,0.0,0.0,0.0,0.0,0.0,0.0,0.0,0.0,0.0,0.0,0.0,0.0,0.0,0.0,0.0,0.0,0.0,0.0,0.0,0.0,0.0,0.0,0.0,0.0,0.0,0.0
0.0,0.0,-0.11107897758483887,-0.06835269927978516,-0.1807401180267334,-0.12941384315490723,-0.2350500226020813,-0.166812002658844,-0.25422203540802,-0.22437036037445068,-0.10487133264541626,-0.2990989685058594,-0.1208956241607666,-0.4036201238632202,-0.12987345457077026,-0.461664617061615,-0.14053308963775635,-0.5161041617393494,-0.080843985080719,-0.30589377880096436,-0.18234974145889282,-0.3460243344306946,-0.23066693544387817,-0.3021015524864197,-0.2468060851097107,-0.25984930992126465,-0.06885427236557007,-0.2935224175453186,-0.17538410425186157,-0.33171701431274414,-0.23830991983413696,-0.28443998098373413,-0.2675403952598572,-0.23139196634292603,-0.0694621205329895,-0.26648324728012085,-0.15387099981307983,-0.3164135217666626,-0.20766472816467285,-0.3057098984718323,-0.240614116191864,-0.27562594413757324,0.0,0.0,0.0,0.0,0.0,0.0,0.0,0.0,0.0,0.0,0.0,0.0,0.0,0.0,0.0,0.0,0.0,0.0,0.0,0.0,0.0,0.0,0.0,0.0,0.0,0.0,0.0,0.0,0.0,0.0,0.0,0.0,0.0,0.0,0.0,0.0,0.0,0.0,0.0,0.0,0.0,0.0
0.0,0.0,-0.1097344160079956,-0.0651998519897461,-0.1793575882911682,-0.12703317403793335,-0.23357874155044556,-0.16540801525115967,-0.2534100413322449,-0.22353112697601318,-0.10816669464111328,-0.29369568824768066,-0.12303662300109863,-0.3971445560455322,-0.13316893577575684,-0.4540107846260071,-0.1442164182662964,-0.5075707733631134,-0.08461982011795044,-0.301906943321228,-0.17400699853897095,-0.3531668484210968,-0.22008877992630005,-0.32430607080459595,-0.23764169216156006,-0.2938278913497925,-0.07131218910217285,-0.2915179133415222,-0.16887003183364868,-0.33810997009277344,-0.2358960509300232,-0.2965306043624878,-0.2706056237220764,-0.24624860286712646,-0.07068532705307007,-0.26620912551879883,-0.15240979194641113,-0.31754136085510254,-0.2084364891052246,-0.3040606379508972,-0.24413788318634033,-0.271726131439209,0.0,0.0,0.0,0.0,0.0,0.0,0.0,0.0,0.0,0.0,0.0,0.0,0.0,0.0,0.0,0.0,0.0,0.0,0.0,0.0,0.0,0.0,0.0,0.0,0.0,0.0,0.0,0.0,0.0,0.0,0.0,0.0,0.0,0.0,0.0,0.0,0.0,0.0,0.0,0.0,0.0,0.0
0.0,0.0,-0.10888940095901489,-0.06319504976272583,-0.178153395652771,-0.12736570835113525,-0.2318766713142395,-0.1650652289390564,-0.2562175393104553,-0.22278088331222534,-0.1072724461555481,-0.28912001848220825,-0.1223822832107544,-0.39380133152008057,-0.1326867938041687,-0.4523160457611084,-0.14388209581375122,-0.5065822303295135,-0.08376753330230713,-0.29826849699020386,-0.17848193645477295,-0.3456585109233856,-0.22846925258636475,-0.3071436285972595,-0.24757111072540283,-0.26854777336120605,-0.07089126110076904,-0.28905153274536133,-0.1713206171989441,-0.3333125114440918,-0.23591911792755127,-0.29056864976882935,-0.2674860954284668,-0.2414526343345642,-0.07068538665771484,-0.2661634683609009,-0.15581774711608887,-0.31572550535202026,-0.21090412139892578,-0.30483734607696533,-0.24391555786132812,-0.2764762043952942,0.0,0.0,0.0,0.0,0.0,0.0,0.0,0.0,0.0,0.0,0.0,0.0,0.0,0.0,0.0,0.0,0.0,0.0,0.0,0.0,0.0,0.0,0.0,0.0,0.0,0.0,0.0,0.0,0.0,0.0,0.0,0.0,0.0,0.0,0.0,0.0,0.0,0.0,0.0,0.0,0.0,0.0
0.0,0.0,-0.10767310857772827,-0.06252312660217285,-0.1761033535003662,-0.1260126233100891,-0.22908520698547363,-0.16105377674102783,-0.2523348331451416,-0.21654140949249268,-0.10514247417449951,-0.2901057004928589,-0.1211402416229248,-0.394918829202652,-0.1300668716430664,-0.45321616530418396,-0.14087146520614624,-0.5080665946006775,-0.0807642936706543,-0.2987613081932068,-0.1796799898147583,-0.3430679440498352,-0.23064231872558594,-0.29799091815948486,-0.248471200466156,-0.25235414505004883,-0.0674557089805603,-0.28848469257354736,-0.1697859764099121,-0.3302871584892273,-0.23406636714935303,-0.28407156467437744,-0.26396453380584717,-0.23291319608688354,-0.06673836708068848,-0.2644180655479431,-0.15157383680343628,-0.3163808584213257,-0.2064850926399231,-0.3047741651535034,-0.23882144689559937,-0.2745862603187561,0.0,0.0,0.0,0.0,0.0,0.0,0.0,0.0,0.0,0.0,0.0,0.0,0.0,0.0,0.0,0.0,0.0,0.0,0.0,0.0,0.0,0.0,0.0,0.0,0.0,0.0,0.0,0.0,0.0,0.0,0.0,0.0,0.0,0.0,0.0,0.0,0.0,0.0,0.0,0.0,0.0,0.0
0.0,0.0,-0.10672974586486816,-0.06197863817214966,-0.17706888914108276,-0.12496787309646606,-0.23085558414459229,-0.16402512788772583,-0.2513335347175598,-0.2230081558227539,-0.10688143968582153,-0.28628474473953247,-0.12099224328994751,-0.389390766620636,-0.13068926334381104,-0.4470953941345215,-0.14115124940872192,-0.5004960894584656,-0.08391839265823364,-0.2961840033531189,-0.17060482501983643,-0.35209476947784424,-0.21581977605819702,-0.32742422819137573,-0.23325097560882568,-0.29986560344696045,-0.07021856307983398,-0.28814661502838135,-0.16760581731796265,-0.33646172285079956,-0.2334897518157959,-0.2941623330116272,-0.2662520408630371,-0.2440279722213745,-0.06896096467971802,-0.266207218170166,-0.152479350566864,-0.3182103633880615,-0.20809686183929443,-0.3056715130805969,-0.24219661951065063,-0.27495276927948,0.0,0.0,0.0,0.0,0.0,0.0,0.0,0.0,0.0,0.0,0.0,0.0,0.0,0.0,0.0,0.0,0.0,0.0,0.0,0.0,0.0,0.0,0.0,0.0,0.0,0.0,0.0,0.0,0.0,0.0,0.0,0.0,0.0,0.0,0.0,0.0,0.0,0.0,0.0,0.0,0.0,0.0
0.0,0.0,-0.10463249683380127,-0.06055915355682373,-0.17375630140304565,-0.12429118156433105,-0.22698920965194702,-0.1618591547012329,-0.25217121839523315,-0.21783870458602905,-0.10872316360473633,-0.28128039836883545,-0.1220998764038086,-0.38635730743408203,-0.1307004690170288,-0.44584929943084717,-0.14059007167816162,-0.5004774928092957,-0.08554476499557495,-0.2909756302833557,-0.17247319221496582,-0.34423762559890747,-0.22152221202850342,-0.31224000453948975,-0.2413596510887146,-0.2756235599517822,-0.07126760482788086,-0.2841866612434387,-0.16602849960327148,-0.3346605598926544,-0.23219150304794312,-0.2910104990005493,-0.26483970880508423,-0.23862147331237793,-0.06860315799713135,-0.264884352684021,-0.15147775411605835,-0.31979113817214966,-0.2086254358291626,-0.30775558948516846,-0.24332547187805176,-0.27665698528289795,0.0,0.0,0.0,0.0,0.0,0.0,0.0,0.0,0.0,0.0,0.0,0.0,0.0,0.0,0.0,0.0,0.0,0.0,0.0,0.0,0.0,0.0,0.0,0.0,0.0,0.0,0.0,0.0,0.0,0.0,0.0,0.0,0.0,0.0,0.0,0.0,0.0,0.0,0.0,0.0,0.0,0.0
0.0,0.0,-0.1053318977355957,-0.06128007173538208,-0.1744893193244934,-0.12179750204086304,-0.22778761386871338,-0.15814578533172607,-0.2532293200492859,-0.21589088439941406,-0.1069595217704773,-0.28162670135498047,-0.12015694379806519,-0.38540375232696533,-0.1299123764038086,-0.44515377283096313,-0.1411665678024292,-0.49806204438209534,-0.08419090509414673,-0.2911478281021118,-0.1766873598098755,-0.3416021466255188,-0.22876769304275513,-0.30054646730422974,-0.24830061197280884,-0.2542586922645569,-0.07162970304489136,-0.2848208546638489,-0.16904032230377197,-0.33364805579185486,-0.2326498031616211,-0.28616029024124146,-0.26139986515045166,-0.23044180870056152,-0.06990480422973633,-0.26576048135757446,-0.15429699420928955,-0.3168758749961853,-0.20952701568603516,-0.3028641939163208,-0.24100404977798462,-0.270643949508667,0.0,0.0,0.0,0.0,0.0,0.0,0.0,0.0,0.0,0.0,0.0,0.0,0.0,0.0,0.0,0.0,0.0,0.0,0.0,0.0,0.0,0.0,0.0,0.0,0.0,0.0,0.0,0.0,0.0,0.0,0.0,0.0,0.0,0.0,0.0,0.0,0.0,0.0,0.0,0.0,0.0,0.0
0.0,0.0,-0.10426229238510132,-0.05921649932861328,-0.17379051446914673,-0.1208534836769104,-0.2273152470588684,-0.1576576828956604,-0.2508751153945923,-0.21359723806381226,-0.1067206859588623,-0.2794942855834961,-0.12087535858154297,-0.38002851605415344,-0.13021045923233032,-0.4368414878845215,-0.14073646068572998,-0.4891929030418396,-0.08343499898910522,-0.2898845076560974,-0.17361825704574585,-0.3374928832054138,-0.22367441654205322,-0.3026467561721802,-0.24328535795211792,-0.2626861333847046,-0.06993573904037476,-0.28329628705978394,-0.16757482290267944,-0.3266904950141907,-0.23211604356765747,-0.28185635805130005,-0.26273834705352783,-0.2287808060646057,-0.06799429655075073,-0.26387089490890503,-0.15157866477966309,-0.3127633333206177,-0.20632189512252808,-0.30018168687820435,-0.23835879564285278,-0.26927393674850464,0.0,0.0,0.0,0.0,0.0,0.0,0.0,0.0,0.0,0.0,0.0,0.0,0.0,0.0,0.0,0.0,0.0,0.0,0.0,0.0,0.0,0.0,0.0,0.0,0.0,0.0,0.0,0.0,0.0,0.0,0.0,0.0,0.0,0.0,0.0,0.0,0.0,0.0,0.0,0.0,0.0,0.0
0.0,0.0,-0.10433274507522583,-0.05804264545440674,-0.1736704707145691,-0.11984860897064209,-0.22694140672683716,-0.15766704082489014,-0.25125306844711304,-0.2161496877670288,-0.10725706815719604,-0.2782973051071167,-0.12042045593261719,-0.3785092830657959,-0.12938028573989868,-0.43723487854003906,-0.13999688625335693,-0.48900505900382996,-0.08373266458511353,-0.288857102394104,-0.17768412828445435,-0.33624762296676636,-0.22904080152511597,-0.294843852519989,-0.24840044975280762,-0.248424232006073,-0.06979906558990479,-0.28305375576019287,-0.16961145401000977,-0.3261491656303406,-0.2334880828857422,-0.27961665391921997,-0.2627946734428406,-0.22723954916000366,-0.066334068775177,-0.2639370560646057,-0.1510874629020691,-0.313257098197937,-0.20626646280288696,-0.30080288648605347,-0.2379937767982483,-0.2718597650527954,0.0,0.0,0.0,0.0,0.0,0.0,0.0,0.0,0.0,0.0,0.0,0.0,0.0,0.0,0.0,0.0,0.0,0.0,0.0,0.0,0.0,0.0,0.0,0.0,0.0,0.0,0.0,0.0,0.0,0.0,0.0,0.0,0.0,0.0,0.0,0.0,0.0,0.0,0.0,0.0,0.0,0.0
0.0,0.0,-0.10361593961715698,-0.0585247278213501,-0.17265522480010986,-0.1191217303276062,-0.2259591817855835,-0.15626507997512817,-0.24955111742019653,-0.21540921926498413,-0.10713130235671997,-0.27782851457595825,-0.12032371759414673,-0.37829822301864624,-0.12888675928115845,-0.43654900789260864,-0.1397463083267212,-0.4890168309211731,-0.08382946252822876,-0.2882217764854431,-0.17654651403427124,-0.3334365487098694,-0.22658425569534302,-0.2924254536628723,-0.2457980513572693,-0.24776709079742432,-0.0698736310005188,-0.28228867053985596,-0.16782623529434204,-0.3252103328704834,-0.23179519176483154,-0.27987033128738403,-0.2625741958618164,-0.22897380590438843,-0.06636250019073486,-0.2627284526824951,-0.14978277683258057,-0.31435149908065796,-0.20525330305099487,-0.302156925201416,-0.2381131649017334,-0.2732236385345459,0.0,0.0,0.0,0.0,0.0,0.0,0.0,0.0,0.0,0.0,0.0,0.0,0.0,0.0,0.0,0.0,0.0,0.0,0.0,0.0,0.0,0.0,0.0,0.0,0.0,0.0,0.0,0.0,0.0,0.0,0.0,0.0,0.0,0.0,0.0,0.0,0.0,0.0,0.0,0.0,0.0,0.0
0.0,0.0,-0.10398948192596436,-0.05692315101623535,-0.17336219549179077,-0.11801385879516602,-0.22669368982315063,-0.15490174293518066,-0.2510560154914856,-0.21317541599273682,-0.10819399356842041,-0.2763820290565491,-0.12137269973754883,-0.37671589851379395,-0.1304897665977478,-0.4351380467414856,-0.14146441221237183,-0.48699435591697693,-0.08522874116897583,-0.28704774379730225,-0.17812836170196533,-0.33370083570480347,-0.22899550199508667,-0.2924554944038391,-0.24834370613098145,-0.24600273370742798,-0.07156550884246826,-0.28155481815338135,-0.1696993112564087,-0.3254358470439911,-0.2335798144340515,-0.27957087755203247,-0.2634846568107605,-0.22746562957763672,-0.06808102130889893,-0.2631153464317322,-0.1525701880455017,-0.31241661310195923,-0.20778828859329224,-0.29942506551742554,-0.23981493711471558,-0.27023667097091675,0.0,0.0,0.0,0.0,0.0,0.0,0.0,0.0,0.0,0.0,0.0,0.0,0.0,0.0,0.0,0.0,0.0,0.0,0.0,0.0,0.0,0.0,0.0,0.0,0.0,0.0,0.0,0.0,0.0,0.0,0.0,0.0,0.0,0.0,0.0,0.0,0.0,0.0,0.0,0.0,0.0,0.0
0.0,0.0,-0.10354071855545044,-0.059050559997558594,-0.17226964235305786,-0.11889404058456421,-0.2251608967781067,-0.15510272979736328,-0.2506271004676819,-0.21479254961013794,-0.10709768533706665,-0.2767772674560547,-0.11852920055389404,-0.37645766139030457,-0.12696385383605957,-0.43388766050338745,-0.13836616277694702,-0.4852553904056549,-0.08470553159713745,-0.28757572174072266,-0.1740626096725464,-0.33221369981765747,-0.2263522744178772,-0.29275935888290405,-0.24897772073745728,-0.24814409017562866,-0.07088345289230347,-0.28176796436309814,-0.16442245244979858,-0.324659138917923,-0.22911953926086426,-0.2840803861618042,-0.26328009366989136,-0.23647135496139526,-0.06612396240234375,-0.2613815665245056,-0.14755648374557495,-0.30986201763153076,-0.2033206820487976,-0.2996879816055298,-0.23833954334259033,-0.2743006944656372,0.0,0.0,0.0,0.0,0.0,0.0,0.0,0.0,0.0,0.0,0.0,0.0,0.0,0.0,0.0,0.0,0.0,0.0,0.0,0.0,0.0,0.0,0.0,0.0,0.0,0.0,0.0,0.0,0.0,0.0,0.0,0.0,0.0,0.0,0.0,0.0,0.0,0.0,0.0,0.0,0.0,0.0
0.0,0.0,-0.10208398103713989,-0.055157363414764404,-0.1730060577392578,-0.11725914478302002,-0.22732794284820557,-0.15371477603912354,-0.24949383735656738,-0.2118377685546875,-0.10667955875396729,-0.2758515477180481,-0.11805081367492676,-0.37625017762184143,-0.12738454341888428,-0.4346475899219513,-0.13903802633285522,-0.48481646180152893,-0.0848459005355835,-0.2859042286872864,-0.17616117000579834,-0.3308557868003845,-0.2279984951019287,-0.29080015420913696,-0.2494601011276245,-0.24520492553710938,-0.0708698034286499,-0.2797059416770935,-0.16551709175109863,-0.3220573663711548,-0.22910773754119873,-0.2832459807395935,-0.26176565885543823,-0.2365795373916626,-0.06606954336166382,-0.25913411378860474,-0.14734196662902832,-0.30645859241485596,-0.20150363445281982,-0.29770970344543457,-0.23433232307434082,-0.27309465408325195,0.0,0.0,0.0,0.0,0.0,0.0,0.0,0.0,0.0,0.0,0.0,0.0,0.0,0.0,0.0,0.0,0.0,0.0,0.0,0.0,0.0,0.0,0.0,0.0,0.0,0.0,0.0,0.0,0.0,0.0,0.0,0.0,0.0,0.0,0.0,0.0,0.0,0.0,0.0,0.0,0.0,0.0
0.0,0.0,-0.10104674100875854,-0.054691851139068604,-0.1722395420074463,-0.11707460880279541,-0.2264653444290161,-0.1536182165145874,-0.2495098114013672,-0.21064740419387817,-0.10549265146255493,-0.2768913507461548,-0.11749005317687988,-0.3770827353000641,-0.12705659866333008,-0.43530407547950745,-0.1389055848121643,-0.4852088987827301,-0.08410120010375977,-0.28650760650634766,-0.17489904165267944,-0.3317018449306488,-0.22674161195755005,-0.2914583086967468,-0.2482643723487854,-0.24508851766586304,-0.0707395076751709,-0.2798040509223938,-0.16498130559921265,-0.32153093814849854,-0.22819948196411133,-0.2815821170806885,-0.26063740253448486,-0.23359531164169312,-0.06671279668807983,-0.25868749618530273,-0.1480122208595276,-0.3048015832901001,-0.20209527015686035,-0.29516148567199707,-0.2350761890411377,-0.2697792053222656,0.0,0.0,0.0,0.0,0.0,0.0,0.0,0.0,0.0,0.0,0.0,0.0,0.0,0.0,0.0,0.0,0.0,0.0,0.0,0.0,0.0,0.0,0.0,0.0,0.0,0.0,0.0,0.0,0.0,0.0,0.0,0.0,0.0,0.0,0.0,0.0,0.0,0.0,0.0,0.0,0.0,0.0
0.0,0.0,-0.1025855541229248,-0.05580723285675049,-0.17377382516860962,-0.11867117881774902,-0.22821158170700073,-0.15552324056625366,-0.25001585483551025,-0.21304410696029663,-0.10504752397537231,-0.27644819021224976,-0.11783498525619507,-0.3758818805217743,-0.12808358669281006,-0.4335296154022217,-0.13996273279190063,-0.48353731632232666,-0.08313173055648804,-0.2866979241371155,-0.17518514394760132,-0.33446362614631653,-0.22665637731552124,-0.2929549217224121,-0.24654197692871094,-0.24513059854507446,-0.07002866268157959,-0.280422568321228,-0.16661834716796875,-0.3240833878517151,-0.23073649406433105,-0.2821201682090759,-0.2623022794723511,-0.23242753744125366,-0.06681758165359497,-0.25978273153305054,-0.15063267946243286,-0.3065983057022095,-0.20501857995986938,-0.2952423691749573,-0.23715031147003174,-0.2674574851989746,0.0,0.0,0.0,0.0,0.0,0.0,0.0,0.0,0.0,0.0,0.0,0.0,0.0,0.0,0.0,0.0,0.0,0.0,0.0,0.0,0.0,0.0,0.0,0.0,0.0,0.0,0.0,0.0,0.0,0.0,0.0,0.0,0.0,0.0,0.0,0.0,0.0,0.0,0.0,0.0,0.0,0.0
0.0,0.0,-0.10177946090698242,-0.05530691146850586,-0.1729142665863037,-0.11833536624908447,-0.22679221630096436,-0.15518808364868164,-0.2502836585044861,-0.2126929759979248,-0.10649371147155762,-0.27696216106414795,-0.11734694242477417,-0.3778064250946045,-0.1263689398765564,-0.4359924793243408,-0.137956440448761,-0.48655223846435547,-0.08452123403549194,-0.28723955154418945,-0.17493098974227905,-0.33147215843200684,-0.2270929217338562,-0.29252272844314575,-0.24935585260391235,-0.2477949857711792,-0.07073074579238892,-0.28087401390075684,-0.16612738370895386,-0.32273828983306885,-0.2296825647354126,-0.28341275453567505,-0.26296526193618774,-0.23674529790878296,-0.06607460975646973,-0.260395348072052,-0.14940530061721802,-0.3076837658882141,-0.20402109622955322,-0.29767900705337524,-0.23753339052200317,-0.2725188136100769,0.0,0.0,0.0,0.0,0.0,0.0,0.0,0.0,0.0,0.0,0.0,0.0,0.0,0.0,0.0,0.0,0.0,0.0,0.0,0.0,0.0,0.0,0.0,0.0,0.0,0.0,0.0,0.0,0.0,0.0,0.0,0.0,0.0,0.0,0.0,0.0,0.0,0.0,0.0,0.0,0.0,0.0
0.0,0.0,-0.10372418165206909,-0.05694705247879028,-0.17415058612823486,-0.11932051181793213,-0.2275373935699463,-0.15568268299102783,-0.2505648136138916,-0.2123745083808899,-0.10509860515594482,-0.27869153022766113,-0.1175922155380249,-0.37951815128326416,-0.12714534997940063,-0.43845129013061523,-0.13855761289596558,-0.4894736409187317,-0.08283615112304688,-0.28919529914855957,-0.17835164070129395,-0.33458179235458374,-0.2292109727859497,-0.29124218225479126,-0.2474260926246643,-0.24221259355545044,-0.07010585069656372,-0.2822803854942322,-0.17008429765701294,-0.3247621953487396,-0.23273253440856934,-0.28047609329223633,-0.26216477155685425,-0.22918015718460083,-0.06716006994247437,-0.26100224256515503,-0.15307331085205078,-0.30850911140441895,-0.20708000659942627,-0.29639166593551636,-0.23849433660507202,-0.2678963541984558,0.0,0.0,0.0,0.0,0.0,0.0,0.0,0.0,0.0,0.0,0.0,0.0,0.0,0.0,0.0,0.0,0.0,0.0,0.0,0.0,0.0,0.0,0.0,0.0,0.0,0.0,0.0,0.0,0.0,0.0,0.0,0.0,0.0,0.0,0.0,0.0,0.0,0.0,0.0,0.0,0.0,0.0
0.0,0.0,-0.1050029993057251,-0.05635577440261841,-0.17551672458648682,-0.11936157941818237,-0.22866696119308472,-0.15573585033416748,-0.25139880180358887,-0.21284204721450806,-0.10663723945617676,-0.27952778339385986,-0.11921578645706177,-0.3793635666370392,-0.1291683316230774,-0.43635791540145874,-0.1407235860824585,-0.4866483211517334,-0.08399808406829834,-0.2907652258872986,-0.17881691455841064,-0.3368139863014221,-0.2302008867263794,-0.29508525133132935,-0.24920755624771118,-0.24782580137252808,-0.07096409797668457,-0.28414100408554077,-0.17069917917251587,-0.3262634873390198,-0.23454564809799194,-0.28202885389328003,-0.265048623085022,-0.2312159538269043,-0.06840568780899048,-0.26308584213256836,-0.154310941696167,-0.3099268078804016,-0.20930516719818115,-0.29804521799087524,-0.24188578128814697,-0.27044808864593506,0.0,0.0,0.0,0.0,0.0,0.0,0.0,0.0,0.0,0.0,0.0,0.0,0.0,0.0,0.0,0.0,0.0,0.0,0.0,0.0,0.0,0.0,0.0,0.0,0.0,0.0,0.0,0.0,0.0,0.0,0.0,0.0,0.0,0.0,0.0,0.0,0.0,0.0,0.0,0.0,0.0,0.0
0.0,0.0,-0.10426783561706543,-0.05740547180175781,-0.17433977127075195,-0.12019813060760498,-0.22766143083572388,-0.1572853922843933,-0.250066339969635,-0.21528029441833496,-0.10587817430496216,-0.28227949142456055,-0.11881077289581299,-0.3817974925041199,-0.12866967916488647,-0.4385673999786377,-0.1402609944343567,-0.48929405212402344,-0.08348149061203003,-0.2925862669944763,-0.1784611940383911,-0.335942804813385,-0.22870373725891113,-0.2926331162452698,-0.2469591498374939,-0.2468280792236328,-0.07057827711105347,-0.2858203649520874,-0.1705886721611023,-0.32546383142471313,-0.23385214805603027,-0.28022050857543945,-0.26430726051330566,-0.22996246814727783,-0.06766009330749512,-0.2636210322380066,-0.1541144847869873,-0.31020766496658325,-0.20865219831466675,-0.2979031801223755,-0.24092131853103638,-0.26997989416122437,0.0,0.0,0.0,0.0,0.0,0.0,0.0,0.0,0.0,0.0,0.0,0.0,0.0,0.0,0.0,0.0,0.0,0.0,0.0,0.0,0.0,0.0,0.0,0.0,0.0,0.0,0.0,0.0,0.0,0.0,0.0,0.0,0.0,0.0,0.0,0.0,0.0,0.0,0.0,0.0,0.0,0.0
0.0,0.0,-0.10672032833099365,-0.05660516023635864,-0.17665791511535645,-0.11939948797225952,-0.22946161031723022,-0.1569036841392517,-0.2502996325492859,-0.21289265155792236,-0.10711324214935303,-0.28074443340301514,-0.12160652875900269,-0.3837948441505432,-0.13303005695343018,-0.44092249870300293,-0.1459985375404358,-0.4926528334617615,-0.0839383602142334,-0.2915228009223938,-0.1796654462814331,-0.3361131548881531,-0.23050343990325928,-0.29340434074401855,-0.24858713150024414,-0.24729621410369873,-0.07094675302505493,-0.2846336364746094,-0.17301034927368164,-0.3256717324256897,-0.23632442951202393,-0.2777213454246521,-0.2652386426925659,-0.2239975929260254,-0.06945747137069702,-0.2629813551902771,-0.156918466091156,-0.310776948928833,-0.21357762813568115,-0.29791659116744995,-0.2469099760055542,-0.26766282320022583,0.0,0.0,0.0,0.0,0.0,0.0,0.0,0.0,0.0,0.0,0.0,0.0,0.0,0.0,0.0,0.0,0.0,0.0,0.0,0.0,0.0,0.0,0.0,0.0,0.0,0.0,0.0,0.0,0.0,0.0,0.0,0.0,0.0,0.0,0.0,0.0,0.0,0.0,0.0,0.0,0.0,0.0
0.0,0.0,-0.10830003023147583,-0.058702826499938965,-0.17842423915863037,-0.12019360065460205,-0.2316705584526062,-0.1558516025543213,-0.2552539110183716,-0.21102207899093628,-0.1094467043876648,-0.2800889015197754,-0.12491220235824585,-0.3840169310569763,-0.1364803910255432,-0.44160664081573486,-0.14950299263000488,-0.49400848150253296,-0.08675569295883179,-0.29131221771240234,-0.18119561672210693,-0.33631670475006104,-0.2318871021270752,-0.296176552772522,-0.25010406970977783,-0.25164222717285156,-0.07482397556304932,-0.2851400375366211,-0.17562055587768555,-0.3265537619590759,-0.23865139484405518,-0.28075647354125977,-0.26724493503570557,-0.22704237699508667,-0.07458549737930298,-0.26508599519729614,-0.16186833381652832,-0.313227117061615,-0.2171696424484253,-0.30074936151504517,-0.24883627891540527,-0.2688031792640686,0.0,0.0,0.0,0.0,0.0,0.0,0.0,0.0,0.0,0.0,0.0,0.0,0.0,0.0,0.0,0.0,0.0,0.0,0.0,0.0,0.0,0.0,0.0,0.0,0.0,0.0,0.0,0.0,0.0,0.0,0.0,0.0,0.0,0.0,0.0,0.0,0.0,0.0,0.0,0.0,0.0,0.0
0.0,0.0,-0.10631304979324341,-0.05945134162902832,-0.17638254165649414,-0.12110888957977295,-0.2304995059967041,-0.15663999319076538,-0.2525710463523865,-0.21059727668762207,-0.10415589809417725,-0.28396207094192505,-0.12084460258483887,-0.3855515122413635,-0.13207173347473145,-0.44261372089385986,-0.14475148916244507,-0.49333447217941284,-0.08111464977264404,-0.2938934564590454,-0.18056923151016235,-0.3367752432823181,-0.23066210746765137,-0.29075461626052856,-0.24688714742660522,-0.24159246683120728,-0.06940597295761108,-0.2867182493209839,-0.17319196462631226,-0.32709968090057373,-0.23631912469863892,-0.28095728158950806,-0.26437103748321533,-0.2273055911064148,-0.06905990839004517,-0.2643830180168152,-0.15758192539215088,-0.3108464479446411,-0.21276718378067017,-0.2976785898208618,-0.24428081512451172,-0.26541584730148315,0.0,0.0,0.0,0.0,0.0,0.0,0.0,0.0,0.0,0.0,0.0,0.0,0.0,0.0,0.0,0.0,0.0,0.0,0.0,0.0,0.0,0.0,0.0,0.0,0.0,0.0,0.0,0.0,0.0,0.0,0.0,0.0,0.0,0.0,0.0,0.0,0.0,0.0,0.0,0.0,0.0,0.0
0.0,0.0,-0.1072995662689209,-0.05678248405456543,-0.17873495817184448,-0.11828762292861938,-0.23348087072372437,-0.15694504976272583,-0.2539297938346863,-0.21683520078659058,-0.10936444997787476,-0.2796850800514221,-0.12380349636077881,-0.38312703371047974,-0.13613319396972656,-0.44028860330581665,-0.14942240715026855,-0.49198657274246216,-0.08647090196609497,-0.2901230454444885,-0.18053752183914185,-0.33641815185546875,-0.23075145483016968,-0.29586565494537354,-0.2489335536956787,-0.25262320041656494,-0.07402116060256958,-0.2834685444831848,-0.17385458946228027,-0.32751384377479553,-0.2362850308418274,-0.28329020738601685,-0.2648138999938965,-0.23140054941177368,-0.07340079545974731,-0.26269471645355225,-0.1601933240890503,-0.31029534339904785,-0.21461230516433716,-0.2978314757347107,-0.24566799402236938,-0.2665438652038574,0.0,0.0,0.0,0.0,0.0,0.0,0.0,0.0,0.0,0.0,0.0,0.0,0.0,0.0,0.0,0.0,0.0,0.0,0.0,0.0,0.0,0.0,0.0,0.0,0.0,0.0,0.0,0.0,0.0,0.0,0.0,0.0,0.0,0.0,0.0,0.0,0.0,0.0,0.0,0.0,0.0,0.0
0.0,0.0,-0.10681921243667603,-0.05697435140609741,-0.17757773399353027,-0.11943250894546509,-0.23162835836410522,-0.15438979864120483,-0.254932165145874,-0.20749831199645996,-0.1052660346031189,-0.28123539686203003,-0.12265551090240479,-0.3833327293395996,-0.13465648889541626,-0.4405696988105774,-0.14762604236602783,-0.4903542101383209,-0.08281064033508301,-0.2911418676376343,-0.1833181381225586,-0.33680108189582825,-0.23449701070785522,-0.29112064838409424,-0.2508682608604431,-0.24053651094436646,-0.07165640592575073,-0.28401070833206177,-0.17510288953781128,-0.3253440856933594,-0.23736989498138428,-0.2810262441635132,-0.2638819217681885,-0.2277112603187561,-0.07199716567993164,-0.262553334236145,-0.15944397449493408,-0.3070175051689148,-0.2132079005241394,-0.2955288887023926,-0.2427385449409485,-0.2651950716972351,0.0,0.0,0.0,0.0,0.0,0.0,0.0,0.0,0.0,0.0,0.0,0.0,0.0,0.0,0.0,0.0,0.0,0.0,0.0,0.0,0.0,0.0,0.0,0.0,0.0,0.0,0.0,0.0,0.0,0.0,0.0,0.0,0.0,0.0,0.0,0.0,0.0,0.0,0.0,0.0,0.0,0.0
0.0,0.0,-0.10871100425720215,-0.05623161792755127,-0.17951244115829468,-0.11903619766235352,-0.23352891206741333,-0.15572494268417358,-0.25627440214157104,-0.21199411153793335,-0.10964500904083252,-0.28002268075942993,-0.1258031129837036,-0.384751558303833,-0.1382775902748108,-0.4431217312812805,-0.15188825130462646,-0.49551063776016235,-0.08696866035461426,-0.2908167243003845,-0.18546843528747559,-0.3357023000717163,-0.23612946271896362,-0.2918694019317627,-0.2529880404472351,-0.24454939365386963,-0.07484805583953857,-0.2843220829963684,-0.17885637283325195,-0.325496643781662,-0.24104607105255127,-0.2784312963485718,-0.2677094340324402,-0.22459620237350464,-0.07409107685089111,-0.2638576626777649,-0.1631605625152588,-0.31056302785873413,-0.21768218278884888,-0.2979866862297058,-0.24760013818740845,-0.2664823532104492,0.0,0.0,0.0,0.0,0.0,0.0,0.0,0.0,0.0,0.0,0.0,0.0,0.0,0.0,0.0,0.0,0.0,0.0,0.0,0.0,0.0,0.0,0.0,0.0,0.0,0.0,0.0,0.0,0.0,0.0,0.0,0.0,0.0,0.0,0.0,0.0,0.0,0.0,0.0,0.0,0.0,0.0
0.0,0.0,-0.10923552513122559,-0.0583348274230957,-0.17926865816116333,-0.12067896127700806,-0.23281335830688477,-0.15668529272079468,-0.25600332021713257,-0.20956134796142578,-0.10917115211486816,-0.28141361474990845,-0.12598299980163574,-0.3860015571117401,-0.13801360130310059,-0.4443971812725067,-0.15129655599594116,-0.49684593081474304,-0.08607292175292969,-0.2926378846168518,-0.1855766773223877,-0.33513689041137695,-0.23635536432266235,-0.2897610068321228,-0.2534300684928894,-0.2407645583152771,-0.074241042137146,-0.2864511013031006,-0.18018704652786255,-0.3254890441894531,-0.24284404516220093,-0.27700018882751465,-0.269866943359375,-0.22118926048278809,-0.07418400049209595,-0.26617854833602905,-0.1654350757598877,-0.31149977445602417,-0.22033709287643433,-0.2967323064804077,-0.2505394220352173,-0.2627548575401306,0.0,0.0,0.0,0.0,0.0,0.0,0.0,0.0,0.0,0.0,0.0,0.0,0.0,0.0,0.0,0.0,0.0,0.0,0.0,0.0,0.0,0.0,0.0,0.0,0.0,0.0,0.0,0.0,0.0,0.0,0.0,0.0,0.0,0.0,0.0,0.0,0.0,0.0,0.0,0.0,0.0,0.0
0.0,0.0,-0.11217689514160156,-0.058010220527648926,-0.18142598867416382,-0.1193317174911499,-0.23436206579208374,-0.15660780668258667,-0.2584669589996338,-0.21210169792175293,-0.10884135961532593,-0.2848573327064514,-0.12712669372558594,-0.391449511051178,-0.13924872875213623,-0.44973260164260864,-0.1524469256401062,-0.5037807822227478,-0.08509904146194458,-0.29614442586898804,-0.18843674659729004,-0.3337072730064392,-0.23760992288589478,-0.28751295804977417,-0.25370973348617554,-0.24576663970947266,-0.07392674684524536,-0.28837186098098755,-0.18586480617523193,-0.3210386633872986,-0.2444932460784912,-0.26960837841033936,-0.26895469427108765,-0.21625852584838867,-0.0757211446762085,-0.2640051245689392,-0.17126041650772095,-0.3077472448348999,-0.22582870721817017,-0.2942048907279968,-0.2563025951385498,-0.26417475938796997,0.0,0.0,0.0,0.0,0.0,0.0,0.0,0.0,0.0,0.0,0.0,0.0,0.0,0.0,0.0,0.0,0.0,0.0,0.0,0.0,0.0,0.0,0.0,0.0,0.0,0.0,0.0,0.0,0.0,0.0,0.0,0.0,0.0,0.0,0.0,0.0,0.0,0.0,0.0,0.0,0.0,0.0
0.0,0.0,-0.11546540260314941,-0.06052529811859131,-0.18344110250473022,-0.12036240100860596,-0.23737531900405884,-0.15601152181625366,-0.2618359327316284,-0.2111404538154602,-0.10921627283096313,-0.28686249256134033,-0.1297174096107483,-0.3941159248352051,-0.14261966943740845,-0.45159658789634705,-0.15626764297485352,-0.5049223303794861,-0.0859612226486206,-0.29692792892456055,-0.19284391403198242,-0.33626121282577515,-0.2418454885482788,-0.2853713035583496,-0.2567060589790344,-0.24147015810012817,-0.07629984617233276,-0.28761041164398193,-0.1905745267868042,-0.319286048412323,-0.24956786632537842,-0.2674848437309265,-0.2737410068511963,-0.21418410539627075,-0.0798458456993103,-0.2614697813987732,-0.17386263608932495,-0.30380213260650635,-0.22690945863723755,-0.291812539100647,-0.25604158639907837,-0.26316988468170166,0.0,0.0,0.0,0.0,0.0,0.0,0.0,0.0,0.0,0.0,0.0,0.0,0.0,0.0,0.0,0.0,0.0,0.0,0.0,0.0,0.0,0.0,0.0,0.0,0.0,0.0,0.0,0.0,0.0,0.0,0.0,0.0,0.0,0.0,0.0,0.0,0.0,0.0,0.0,0.0,0.0,0.0
0.0,0.0,-0.11800050735473633,-0.06070601940155029,-0.1876661777496338,-0.11994922161102295,-0.24229657649993896,-0.15539580583572388,-0.26377761363983154,-0.2105425000190735,-0.10992264747619629,-0.2888484597206116,-0.13188600540161133,-0.3958752155303955,-0.14472848176956177,-0.4523942768573761,-0.15881949663162231,-0.5050780177116394,-0.08716630935668945,-0.29806584119796753,-0.19629454612731934,-0.33646678924560547,-0.24647760391235352,-0.2857484221458435,-0.2626640200614929,-0.24097329378128052,-0.07815593481063843,-0.2871050238609314,-0.19261956214904785,-0.3186342716217041,-0.2514426112174988,-0.26883792877197266,-0.2766149044036865,-0.21655219793319702,-0.08148586750030518,-0.2587258219718933,-0.1756817102432251,-0.30131447315216064,-0.22768455743789673,-0.28956902027130127,-0.2563091516494751,-0.2608039379119873,0.0,0.0,0.0,0.0,0.0,0.0,0.0,0.0,0.0,0.0,0.0,0.0,0.0,0.0,0.0,0.0,0.0,0.0,0.0,0.0,0.0,0.0,0.0,0.0,0.0,0.0,0.0,0.0,0.0,0.0,0.0,0.0,0.0,0.0,0.0,0.0,0.0,0.0,0.0,0.0,0.0,0.0
0.0,0.0,-0.11812663078308105,-0.061892032623291016,-0.18872714042663574,-0.12318307161331177,-0.24399912357330322,-0.15958631038665771,-0.2662358283996582,-0.21261125802993774,-0.10999196767807007,-0.2900795340538025,-0.13230913877487183,-0.398101806640625,-0.1455199122428894,-0.456073135137558,-0.15922129154205322,-0.5091967284679413,-0.08799296617507935,-0.2987348437309265,-0.1987878680229187,-0.34145525097846985,-0.24959468841552734,-0.2891750931739807,-0.265311062335968,-0.2425704002380371,-0.07923239469528198,-0.28718727827072144,-0.1944587230682373,-0.32202279567718506,-0.25315964221954346,-0.2714505195617676,-0.2769525647163391,-0.21825295686721802,-0.0829155445098877,-0.25785887241363525,-0.17743563652038574,-0.3013315200805664,-0.2291972041130066,-0.2892078757286072,-0.2564106583595276,-0.25952136516571045,0.0,0.0,0.0,0.0,0.0,0.0,0.0,0.0,0.0,0.0,0.0,0.0,0.0,0.0,0.0,0.0,0.0,0.0,0.0,0.0,0.0,0.0,0.0,0.0,0.0,0.0,0.0,0.0,0.0,0.0,0.0,0.0,0.0,0.0,0.0,0.0,0.0,0.0,0.0,0.0,0.0,0.0
0.0,0.0,-0.11894714832305908,-0.06321156024932861,-0.1903640627861023,-0.12269848585128784,-0.24674534797668457,-0.15955185890197754,-0.26679128408432007,-0.2154179811477661,-0.11155170202255249,-0.2894747257232666,-0.1343001127243042,-0.3984355926513672,-0.14731568098068237,-0.4567866027355194,-0.16124433279037476,-0.5097115933895111,-0.08954524993896484,-0.2975524067878723,-0.199662446975708,-0.34060949087142944,-0.24986159801483154,-0.29096585512161255,-0.26560598611831665,-0.24625539779663086,-0.08092248439788818,-0.2859441041946411,-0.19519299268722534,-0.3224363327026367,-0.2531813979148865,-0.2747112512588501,-0.27671724557876587,-0.2219436764717102,-0.08458352088928223,-0.2566172480583191,-0.17804336547851562,-0.3000325560569763,-0.2299702763557434,-0.2890150547027588,-0.2576545476913452,-0.25899839401245117,0.0,0.0,0.0,0.0,0.0,0.0,0.0,0.0,0.0,0.0,0.0,0.0,0.0,0.0,0.0,0.0,0.0,0.0,0.0,0.0,0.0,0.0,0.0,0.0,0.0,0.0,0.0,0.0,0.0,0.0,0.0,0.0,0.0,0.0,0.0,0.0,0.0,0.0,0.0,0.0,0.0,0.0
0.0,0.0,-0.12003564834594727,-0.06339174509048462,-0.1908550262451172,-0.12480783462524414,-0.24655407667160034,-0.160200297832489,-0.27246975898742676,-0.2116450071334839,-0.11267590522766113,-0.2901586890220642,-0.13658398389816284,-0.39813634753227234,-0.14933925867080688,-0.4567173719406128,-0.16259253025054932,-0.510590523481369,-0.09119910001754761,-0.2988138794898987,-0.20296376943588257,-0.34057849645614624,-0.25410085916519165,-0.28931885957717896,-0.26963186264038086,-0.24432754516601562,-0.08323854207992554,-0.28738099336624146,-0.19988322257995605,-0.32143890857696533,-0.2580294609069824,-0.2705746293067932,-0.2801629304885864,-0.21680623292922974,-0.08784323930740356,-0.2588028311729431,-0.18246620893478394,-0.3020646572113037,-0.23536092042922974,-0.2897856831550598,-0.2627198100090027,-0.2591361403465271,0.0,0.0,0.0,0.0,0.0,0.0,0.0,0.0,0.0,0.0,0.0,0.0,0.0,0.0,0.0,0.0,0.0,0.0,0.0,0.0,0.0,0.0,0.0,0.0,0.0,0.0,0.0,0.0,0.0,0.0,0.0,0.0,0.0,0.0,0.0,0.0,0.0,0.0,0.0,0.0,0.0,0.0
0.0,0.0,-0.12140893936157227,-0.06279999017715454,-0.1919909119606018,-0.12513220310211182,-0.2470487356185913,-0.1612328290939331,-0.27531254291534424,-0.2122994065284729,-0.11572450399398804,-0.2889745235443115,-0.13826167583465576,-0.3977416157722473,-0.15087419748306274,-0.45765456557273865,-0.16425037384033203,-0.5121103227138519,-0.09373462200164795,-0.29935818910598755,-0.20535582304000854,-0.34157294034957886,-0.256327748298645,-0.2902805805206299,-0.2714371085166931,-0.24364715814590454,-0.08539777994155884,-0.28966063261032104,-0.20227497816085815,-0.3240475654602051,-0.26052790880203247,-0.2729315161705017,-0.28287285566329956,-0.21866798400878906,-0.0893208384513855,-0.26236599683761597,-0.18531543016433716,-0.30322128534317017,-0.23897039890289307,-0.2897660732269287,-0.26704704761505127,-0.25911253690719604,0.0,0.0,0.0,0.0,0.0,0.0,0.0,0.0,0.0,0.0,0.0,0.0,0.0,0.0,0.0,0.0,0.0,0.0,0.0,0.0,0.0,0.0,0.0,0.0,0.0,0.0,0.0,0.0,0.0,0.0,0.0,0.0,0.0,0.0,0.0,0.0,0.0,0.0,0.0,0.0,0.0,0.0
0.0,0.0,-0.11886972188949585,-0.06174361705780029,-0.18749016523361206,-0.12628638744354248,-0.24048221111297607,-0.16087615489959717,-0.2729482054710388,-0.20818161964416504,-0.11228513717651367,-0.292549729347229,-0.13608455657958984,-0.40127748250961304,-0.14956027269363403,-0.4611823856830597,-0.16252493858337402,-0.516353040933609,-0.089976966381073,-0.30129653215408325,-0.20455855131149292,-0.34225761890411377,-0.25505030155181885,-0.28483593463897705,-0.2670234441757202,-0.23553764820098877,-0.0819503664970398,-0.28930115699768066,-0.20141905546188354,-0.324491024017334,-0.25961631536483765,-0.2671775817871094,-0.27936404943466187,-0.21087217330932617,-0.0862535834312439,-0.2603583335876465,-0.18226957321166992,-0.3068413734436035,-0.23599696159362793,-0.29146236181259155,-0.2625020742416382,-0.259324848651886,0.0,0.0,0.0,0.0,0.0,0.0,0.0,0.0,0.0,0.0,0.0,0.0,0.0,0.0,0.0,0.0,0.0,0.0,0.0,0.0,0.0,0.0,0.0,0.0,0.0,0.0,0.0,0.0,0.0,0.0,0.0,0.0,0.0,0.0,0.0,0.0,0.0,0.0,0.0,0.0,0.0,0.0
0.0,0.0,-0.1217724084854126,-0.0629875659942627,-0.1926226019859314,-0.126511812210083,-0.24726206064224243,-0.16281074285507202,-0.27492934465408325,-0.21545541286468506,-0.11319500207901001,-0.29288798570632935,-0.13737505674362183,-0.40275728702545166,-0.1507101058959961,-0.46329426765441895,-0.16456443071365356,-0.5184067487716675,-0.09047591686248779,-0.30152368545532227,-0.205213725566864,-0.3458009660243988,-0.25795257091522217,-0.2940024733543396,-0.2730944752693176,-0.24798041582107544,-0.08232641220092773,-0.2892446517944336,-0.2011924386024475,-0.32728391885757446,-0.2605125308036804,-0.27563560009002686,-0.2825312614440918,-0.22342896461486816,-0.08696234226226807,-0.2596205472946167,-0.18227964639663696,-0.3060227036476135,-0.23580163717269897,-0.29142987728118896,-0.263247549533844,-0.2600579261779785,0.0,0.0,0.0,0.0,0.0,0.0,0.0,0.0,0.0,0.0,0.0,0.0,0.0,0.0,0.0,0.0,0.0,0.0,0.0,0.0,0.0,0.0,0.0,0.0,0.0,0.0,0.0,0.0,0.0,0.0,0.0,0.0,0.0,0.0,0.0,0.0,0.0,0.0,0.0,0.0,0.0,0.0
